LabVIEWCLI started logging in file:  /tmp/lvtemporary_756297.log
Using LabVIEW: "/usr/local/natinst/LabVIEW-2026-64/labviewprofull"
LabVIEW launched successfully.
Connection established with LabVIEW at port number 3363.

Operation output: 
#### Starting Mass Compile: Fri, Aug 21, 2026 01:02:04 AM
  Directory: "/workspace"
/workspace/.github/labview/PrintToSingleFileHtml/PrintToSingleFileHtml.lvclass (PrintToSingleFileHtml.lvclass)
    - The class expected to be at "/workspace/.github/labview/CoreOperation/CoreOperation.lvclass" was loaded from "/usr/local/natinst/share/nilvcli/Operations/CoreOperation/CoreOperation.lvclass".
Search failed to find "LV AI Core.lvlib:XML generator.vi" previously from "/workspace/.github/labview/toimages/_ni/labview/lvctl/vis/LV AI Core/XML generator.vi"  +=+   Caller: "VI to XML.vi"
  ### Bad VI:    "VI to XML.vi"	Path="/workspace/.github/labview/toimages/_ni/labview/lvctl/vis/VI to XML.vi" 
Search failed to find "LV AI Core.lvlib:VI generator.vi" previously from "/workspace/.github/labview/toimages/_ni/labview/lvctl/vis/LV AI Core/VI generator.vi"  +=+   Caller: "XML to VI.vi"
  ### Bad VI:    "XML to VI.vi"	Path="/workspace/.github/labview/toimages/_ni/labview/lvctl/vis/XML to VI.vi" 
Search failed to find "NI Measurement Plug-In SDK.lvlib:Measurement Plugin Service.lvclass" previously from "/<vilib>/Plug-In SDKs/Measurements/Measurement Plugin Service/Measurement Plugin Service.lvclass"  +=+   Caller: "Voltage Measurement.lvlib:Measurement Plugin.lvclass"
Search failed to find "NI Measurement Plug-In SDK.lvlib:Measurement Plugin Service.lvclass:Plugin Paths.ctl" previously from "/<vilib>/Plug-In SDKs/Measurements/Measurement Plugin Service/Plugin Paths.ctl"  +=+   Caller: "Voltage Measurement.lvlib:Measurement Plugin.lvclass:Get Plugin Paths.vi"
Search failed to find "NI Measurement Plug-In SDK.lvlib:User Interface Information.ctl" previously from "/<vilib>/Plug-In SDKs/Measurements/Helpers/TypeDefs/User Interface Information.ctl"  +=+   Caller: "Voltage Measurement.lvlib:Get UI Details.vi"
Search failed to find "NI Measurement Plug-In SDK.lvlib:Parameter Type Specialization.ctl" previously from "/<vilib>/Plug-In SDKs/Measurements/Helpers/TypeDefs/Parameter Type Specialization.ctl"  +=+   Caller: "Voltage Measurement.lvlib:Get Type Specializations.vi"
Search failed to find "niDMM Resolution in Digits.ctl" previously from "/<instrlib>/niDMM/nidmm.llb/niDMM Resolution in Digits.ctl"  +=+   Caller: "Voltage Measurement.lvlib:Measurement Configuration.ctl"
Search failed to find "NI Measurement Plug-In SDK.lvlib:Measure Call Context.lvclass" previously from "/usr/local/natinst/LabVIEW-2026-64/vi.lib/Plug-In SDKs/Measurements/Measure Call Context/Measure Call Context.lvclass"  +=+   Caller: "Voltage Measurement.lvlib:Measurement Logic.vi"
Search failed to find "NI Session Management niDCPower.lvlib:Connection with Session.ctl" previously from "/<vilib>/Plug-In SDKs/Sessions/niDCPower/Connection with Session.ctl"  +=+   Caller: "Voltage Measurement.lvlib:Measurement Logic.vi:Instance:d11d6585-437b-4326-b166-854f3e8d2707.vi"
Search failed to find "NI Session Management niDMM.lvlib:Connection with Session.ctl" previously from "/<vilib>/Plug-In SDKs/Sessions/niDMM/Connection with Session.ctl"  +=+   Caller: "Voltage Measurement.lvlib:Measurement Logic.vi:Instance:ec50b443-56b4-4650-b870-3e73b6de3c7c.vi"
Search failed to find "JSONtext.lvlib:From JSON Text.vim" previously from "/<vilib>/JDP Science/JSONtext/From JSON Text.vim"  +=+   Caller: "Deserializer.vim:Instance:6651a77e-856e-4bcd-af5a-c0c13b264cc1.vi"
Search failed to find "JSONtext LVClass Serializer.lvclass" previously from "/usr/local/natinst/LabVIEW-2026-64/vi.lib/JDP Science/JSONtext/LVClass Serializer/JSONtext LVClass Serializer.lvclass"  +=+   Caller: "Deserializer.vim:Instance:6651a77e-856e-4bcd-af5a-c0c13b264cc1.vi"
Search failed to find "JSONtext.lvlib:JSON text to Variant.vi" previously from "/<vilib>/JDP Science/JSONtext/JSON text to Variant.vi"  +=+   Caller: "Deserializer.vim:Instance:6651a77e-856e-4bcd-af5a-c0c13b264cc1.vi"
Search failed to find "JSONtext.lvlib:To JSON Text.vim" previously from "/<vilib>/JDP Science/JSONtext/To JSON Text.vim"  +=+   Caller: "Serializer.vim:Instance:331b549c-fcf8-43d9-8a1e-5b3c0091a99c.vi"
Search failed to find "JSONtext.lvlib:Variant to JSON Text.vi" previously from "/<vilib>/JDP Science/JSONtext/Variant to JSON Text.vi"  +=+   Caller: "Serializer.vim:Instance:331b549c-fcf8-43d9-8a1e-5b3c0091a99c.vi"
Search failed to find "niDCPower Wait For Event.vi" previously from "/<instrlib>/niDCPower/nidcpower.llb/niDCPower Wait For Event.vi"  +=+   Caller: "SMU_Voltage Measurement.lvlib:Read Measurement.vi"
Search failed to find "niDCPower Reset.vi" previously from "/<instrlib>/niDCPower/nidcpower.llb/niDCPower Reset.vi"  +=+   Caller: "SMU_Voltage Measurement.lvlib:Read Measurement.vi"
Search failed to find "niDCPower Measure Multiple.vi" previously from "/<instrlib>/niDCPower/nidcpower.llb/niDCPower Measure Multiple.vi"  +=+   Caller: "SMU_Voltage Measurement.lvlib:Read Measurement.vi"
Search failed to find "niDCPower Initiate.vi" previously from "/<instrlib>/niDCPower/nidcpower.llb/niDCPower Initiate.vi"  +=+   Caller: "SMU_Voltage Measurement.lvlib:Read Measurement.vi"
Search failed to find "niDCPower Configure Current Limit Range.vi" previously from "/<instrlib>/niDCPower/nidcpower.llb/niDCPower Configure Current Limit Range.vi"  +=+   Caller: "SMU_Voltage Measurement.lvlib:Configuration.vi"
Search failed to find "niDCPower Configure Voltage Level Range.vi" previously from "/<instrlib>/niDCPower/nidcpower.llb/niDCPower Configure Voltage Level Range.vi"  +=+   Caller: "SMU_Voltage Measurement.lvlib:Configuration.vi"
Search failed to find "niDCPower Configure Source Mode.vi" previously from "/<instrlib>/niDCPower/nidcpower.llb/niDCPower Configure Source Mode.vi"  +=+   Caller: "SMU_Voltage Measurement.lvlib:Configuration.vi"
Search failed to find "niDCPower Configure Output Function.vi" previously from "/<instrlib>/niDCPower/nidcpower.llb/niDCPower Configure Output Function.vi"  +=+   Caller: "SMU_Voltage Measurement.lvlib:Configuration.vi"
Search failed to find "niDCPower Configure Current Limit.vi" previously from "/<instrlib>/niDCPower/nidcpower.llb/niDCPower Configure Current Limit.vi"  +=+   Caller: "SMU_Voltage Measurement.lvlib:Configuration.vi"
Search failed to find "niDCPower Configure Voltage Level.vi" previously from "/<instrlib>/niDCPower/nidcpower.llb/niDCPower Configure Voltage Level.vi"  +=+   Caller: "SMU_Voltage Measurement.lvlib:Configuration.vi"
Search failed to find "niDMM Configure Measurement Digits.vi" previously from "/<instrlib>/niDMM/nidmm.llb/niDMM Configure Measurement Digits.vi"  +=+   Caller: "DMM_Voltage Measurement.lvlib:DMM Measurement.vi"
Search failed to find "niDMM Config Measurement.vi" previously from "/<instrlib>/niDMM/nidmm.llb/niDMM Config Measurement.vi"  +=+   Caller: "DMM_Voltage Measurement.lvlib:DMM Measurement.vi"
Search failed to find "niDMM Is Over Range.vi" previously from "/<instrlib>/niDMM/nidmm.llb/niDMM Is Over Range.vi"  +=+   Caller: "DMM_Voltage Measurement.lvlib:DMM Measurement.vi"
Search failed to find "niDMM Read.vi" previously from "/<instrlib>/niDMM/nidmm.llb/niDMM Read.vi"  +=+   Caller: "DMM_Voltage Measurement.lvlib:DMM Measurement.vi"
Search failed to find "NI Session Management V1 Client.lvlib:Session Reservation.lvclass:Unreserve Sessions.vi" previously from "/<vilib>/Plug-In SDKs/Clients/Session Management V1/Session Reservation/Unreserve Sessions.vi"  +=+   Caller: "Voltage Measurement.lvlib:Measurement Logic.vi"
Search failed to find "NI Session Management V1 Client.lvlib:Session Reservation.lvclass:Close Sessions.vi" previously from "/<vilib>/Plug-In SDKs/Clients/Session Management V1/Session Reservation/Close Sessions.vi"  +=+   Caller: "Voltage Measurement.lvlib:Measurement Logic.vi"
Search failed to find "NI Session Management niDCPower.lvlib:Get Connections - NPin MConn.vi" previously from "/<vilib>/Plug-In SDKs/Sessions/niDCPower/Get Connections - NPin MConn.vi"  +=+   Caller: "Voltage Measurement.lvlib:Measurement Logic.vi"
Search failed to find "NI Session Management niDMM.lvlib:Get Connections - NPin MConn.vi" previously from "/<vilib>/Plug-In SDKs/Sessions/niDMM/Get Connections - NPin MConn.vi"  +=+   Caller: "Voltage Measurement.lvlib:Measurement Logic.vi"
Search failed to find "NI Session Management niDCPower.lvlib:Initialize Sessions - NSess.vi" previously from "/<vilib>/Plug-In SDKs/Sessions/niDCPower/Initialize Sessions - NSess.vi"  +=+   Caller: "Voltage Measurement.lvlib:Measurement Logic.vi"
Search failed to find "NI Session Management niDMM.lvlib:Initialize Sessions - NSess.vi" previously from "/<vilib>/Plug-In SDKs/Sessions/niDMM/Initialize Sessions - NSess.vi"  +=+   Caller: "Voltage Measurement.lvlib:Measurement Logic.vi"
Search failed to find "NI Measurement Plug-In SDK.lvlib:Measure Call Context.lvclass:Reserve Sessions - NPin.vi" previously from "/<vilib>/Plug-In SDKs/Measurements/Measure Call Context/Reserve Sessions - NPin.vi"  +=+   Caller: "Voltage Measurement.lvlib:Measurement Logic.vi"
Search failed to find "NI Measurement Plug-In SDK.lvlib:Measurement Details.ctl" previously from "/<vilib>/Plug-In SDKs/Measurements/Helpers/TypeDefs/Measurement Details.ctl"  +=+   Caller: "Voltage Measurement.lvlib:Get Measurement Details.vi"
Search failed to find "NI Measurement Plug-In SDK.lvlib:Measurement Annotation.ctl" previously from "/<vilib>/Plug-In SDKs/Measurements/Helpers/TypeDefs/Measurement Annotation.ctl"  +=+   Caller: "Voltage Measurement.lvlib:Get Measurement Details.vi"
Search failed to find "NI Measurement Plug-In SDK.lvlib:Create Basic Measurement Annotations.vi" previously from "/<vilib>/Plug-In SDKs/Measurements/Helpers/Create Basic Measurement Annotations.vi"  +=+   Caller: "Voltage Measurement.lvlib:Get Measurement Details.vi"
Search failed to find "grpc-lvsupport-release.lvlib:Any.ctl" previously from "/<vilib>/gRPC/LabVIEW gRPC Library/Shared/Any.ctl"  +=+   Caller: "Voltage Measurement.lvlib:Measurement Plugin.lvclass:Pack for gRPC.vi"
Search failed to find "NI Measurement Plug-In SDK.lvlib:Measurement Plugin Service.lvclass:Get gRPC ID.vi" previously from "/<vilib>/Plug-In SDKs/Measurements/Measurement Plugin Service/Accessors/Get gRPC ID.vi"  +=+   Caller: "Voltage Measurement.lvlib:Measurement Plugin.lvclass:Pack for gRPC.vi"
Search failed to find "grpc-lvsupport-release.lvlib:PackToAny.vim" previously from "/<vilib>/gRPC/LabVIEW gRPC Library/Server API/Message Requests/PackToAny.vim"  +=+   Caller: "Voltage Measurement.lvlib:Measurement Plugin.lvclass:Pack for gRPC.vi:Instance:2eca732d-dbaa-43bf-a7dd-ede2da65bc1b.vi"
Search failed to find "grpc-lvsupport-release.lvlib:grpcId.ctl" previously from "/<vilib>/gRPC/LabVIEW gRPC Library/Shared/grpcId.ctl"  +=+   Caller: "Voltage Measurement.lvlib:Measurement Plugin.lvclass:Pack for gRPC.vi:Instance:2eca732d-dbaa-43bf-a7dd-ede2da65bc1b.vi"
Search failed to find "grpc-lvsupport-release.lvlib:Translate Protobuf Error.vi" previously from "/<vilib>/gRPC/LabVIEW gRPC Library/Server API/Translate Protobuf Error.vi"  +=+   Caller: "Voltage Measurement.lvlib:Measurement Plugin.lvclass:Pack for gRPC.vi:Instance:2eca732d-dbaa-43bf-a7dd-ede2da65bc1b.vi"
Search failed to find "grpc-lvsupport-release.lvlib:Get Server DLL Path.vi" previously from "/<vilib>/gRPC/LabVIEW gRPC Library/Server API/Server/Get Server DLL Path.vi"  +=+   Caller: "Voltage Measurement.lvlib:Measurement Plugin.lvclass:Pack for gRPC.vi:Instance:2eca732d-dbaa-43bf-a7dd-ede2da65bc1b.vi"
Search failed to find "grpc-lvsupport-release.lvlib:UnpackFromAny.vim" previously from "/<vilib>/gRPC/LabVIEW gRPC Library/Server API/Message Requests/UnpackFromAny.vim"  +=+   Caller: "Voltage Measurement.lvlib:Measurement Plugin.lvclass:Unpack for gRPC.vi:Instance:a521b266-ce99-437c-923d-067dcf1e07fd.vi"
Search failed to find "JSONtext LVClass Serializer.lvclass" previously from "/usr/local/natinst/LabVIEW-2026-64/vi.lib/JDP Science/JSONtext/LVClass Serializer/JSONtext LVClass Serializer.lvclass"
Search failed to find "Measure Call Context.lvclass" previously from "/usr/local/natinst/LabVIEW-2026-64/vi.lib/Plug-In SDKs/Measurements/Measure Call Context/Measure Call Context.lvclass"
  ### Bad VI:    "DMM_Voltage Measurement.lvlib:DMM Measurement.vi"	Path="/workspace/src/Migration Results/Measurement Plug-in/Voltage Measurement/MeasurementCore/DMM/DMM Measurement.vi" 
/workspace/src/Migration Results/Measurement Plug-in/Measurement.lvproj (Measurement.lvproj)
    - The VI expected to be at "/Program Files/National Instruments/LabVIEW 2021/project/Plug-Ins/Measurement/_Measurement Migrator/Templates/Malleable VIs/Get Resource Details.vim" was loaded from "/workspace/src/measurement_migration_tool/_Measurement Migrator/Templates/Malleable VIs/Get Resource Details.vim".
    - The VI expected to be at "/Program Files/National Instruments/LabVIEW 2021/project/Plug-Ins/Measurement/_Measurement Migrator/Templates/Serializers/Serializer.vim" was loaded from "/workspace/src/measurement_migration_tool/_Measurement Migrator/Templates/Serializers/Serializer.vim".
    - The VI expected to be at "/Program Files/National Instruments/LabVIEW 2021/project/Plug-Ins/Measurement/_Measurement Migrator/Templates/Serializers/Deserializer.vim" was loaded from "/workspace/src/measurement_migration_tool/_Measurement Migrator/Templates/Serializers/Deserializer.vim".
/workspace/src/Migration Results/Measurement Plug-in/Voltage Measurement/Measurement Logic.vi/d11d6585-437b-4326-b166-854f3e8d2707.vi (Voltage Measurement.lvlib:Measurement Logic.vi:Instance:d11d6585-437b-4326-b166-854f3e8d2707.vi)
    - The VI expected to be at "/Program Files/National Instruments/LabVIEW 2021/project/Plug-Ins/Measurement/_Measurement Migrator/Templates/Malleable VIs/Get Resource Details.vim" was loaded from "/workspace/src/measurement_migration_tool/_Measurement Migrator/Templates/Malleable VIs/Get Resource Details.vim".
/workspace/src/Migration Results/Measurement Plug-in/Voltage Measurement/Measurement Logic.vi/ec50b443-56b4-4650-b870-3e73b6de3c7c.vi (Voltage Measurement.lvlib:Measurement Logic.vi:Instance:ec50b443-56b4-4650-b870-3e73b6de3c7c.vi)
    - The VI expected to be at "/Program Files/National Instruments/LabVIEW 2021/project/Plug-Ins/Measurement/_Measurement Migrator/Templates/Malleable VIs/Get Resource Details.vim" was loaded from "/workspace/src/measurement_migration_tool/_Measurement Migrator/Templates/Malleable VIs/Get Resource Details.vim".
/workspace/src/Migration Results/Measurement Plug-in/Voltage Measurement/Wrapper.vi/4d43a4d9-7ba6-4b96-af49-ff976aab273c.vi (Voltage Measurement.lvlib:Wrapper.vi:Instance:4d43a4d9-7ba6-4b96-af49-ff976aab273c.vi)
    - The VI expected to be at "/Program Files/National Instruments/LabVIEW 2021/project/Plug-Ins/Measurement/_Measurement Migrator/Templates/Serializers/Serializer.vim" was loaded from "/workspace/src/measurement_migration_tool/_Measurement Migrator/Templates/Serializers/Serializer.vim".
/workspace/src/Migration Results/Measurement Plug-in/Voltage Measurement/Wrapper.vi/8052c3e2-2d3c-4b5d-8ebd-80e283c36217.vi (Voltage Measurement.lvlib:Wrapper.vi:Instance:8052c3e2-2d3c-4b5d-8ebd-80e283c36217.vi)
    - The VI expected to be at "/Program Files/National Instruments/LabVIEW 2021/project/Plug-Ins/Measurement/_Measurement Migrator/Templates/Serializers/Deserializer.vim" was loaded from "/workspace/src/measurement_migration_tool/_Measurement Migrator/Templates/Serializers/Deserializer.vim".
/workspace/src/Migration Results/Measurement Plug-in/Voltage Measurement/Wrapper.vi/89afc385-0980-489f-8757-53e797cfab6b.vi (Voltage Measurement.lvlib:Wrapper.vi:Instance:89afc385-0980-489f-8757-53e797cfab6b.vi)
    - The VI expected to be at "/Program Files/National Instruments/LabVIEW 2021/project/Plug-Ins/Measurement/_Measurement Migrator/Templates/Serializers/Deserializer.vim" was loaded from "/workspace/src/measurement_migration_tool/_Measurement Migrator/Templates/Serializers/Deserializer.vim".
  ### Bad VI:    "SMU_Voltage Measurement.lvlib:Read Measurement.vi"	Path="/workspace/src/Migration Results/Measurement Plug-in/Voltage Measurement/MeasurementCore/SMU/subVIs/Read Measurement.vi" 
  ### Bad VI:    "SMU_Voltage Measurement.lvlib:Configuration.vi"	Path="/workspace/src/Migration Results/Measurement Plug-in/Voltage Measurement/MeasurementCore/SMU/subVIs/Configuration.vi" 
  ### Bad subVI: "SMU_Voltage Measurement.lvlib:NI-DCPower Source DC Voltage.vi"	Path="/workspace/src/Migration Results/Measurement Plug-in/Voltage Measurement/MeasurementCore/SMU/NI-DCPower Source DC Voltage.vi" 
  ### Bad VI:    "DMM_Voltage Measurement.lvlib:DMM Measurement.vi"	Path="/workspace/src/Migration Results/Measurement Plug-in/Voltage Measurement/MeasurementCore/DMM/DMM Measurement.vi" 
  ### Bad VI:    "Main_Voltage Measurement.lvlib:Voltage Measurement.vi"	Path="/workspace/src/Migration Results/Measurement Plug-in/Voltage Measurement/MeasurementCore/Voltage Measurement.vi" 
  ### Bad VI:    "Deserializer.vim"	Path="/workspace/src/measurement_migration_tool/_Measurement Migrator/Templates/Serializers/Deserializer.vim" 
  ### Bad VI:    "Serializer.vim"	Path="/workspace/src/measurement_migration_tool/_Measurement Migrator/Templates/Serializers/Serializer.vim" 
  ### Bad VI:    "Voltage Measurement UI.lvlib:Measurement UI.vi"	Path="/workspace/src/Migration Results/Measurement Plug-in/Voltage Measurement UI/Measurement UI.vi" 
/workspace/src/Migration Results/Measurement Plug-in/Voltage Measurement UI/Measurement UI.vi/26c97f67-8eeb-4d6c-a4e6-daa21564d3c2.vi (Voltage Measurement UI.lvlib:Measurement UI.vi:Instance:26c97f67-8eeb-4d6c-a4e6-daa21564d3c2.vi)
    - The VI expected to be at "/Program Files/National Instruments/LabVIEW 2021/project/Plug-Ins/Measurement/_Measurement Migrator/Templates/Serializers/Serializer.vim" was loaded from "/workspace/src/measurement_migration_tool/_Measurement Migrator/Templates/Serializers/Serializer.vim".
/workspace/src/Migration Results/Measurement Plug-in/Voltage Measurement UI/Measurement UI.vi/28d90450-5d99-49a4-90b1-325ba2476667.vi (Voltage Measurement UI.lvlib:Measurement UI.vi:Instance:28d90450-5d99-49a4-90b1-325ba2476667.vi)
    - The VI expected to be at "/Program Files/National Instruments/LabVIEW 2021/project/Plug-Ins/Measurement/_Measurement Migrator/Templates/Serializers/Serializer.vim" was loaded from "/workspace/src/measurement_migration_tool/_Measurement Migrator/Templates/Serializers/Serializer.vim".
/workspace/src/Migration Results/Measurement Plug-in/Voltage Measurement UI/Measurement UI.vi/351760b3-00b7-4416-9fd1-19b13cc79dea.vi (Voltage Measurement UI.lvlib:Measurement UI.vi:Instance:351760b3-00b7-4416-9fd1-19b13cc79dea.vi)
    - The VI expected to be at "/Program Files/National Instruments/LabVIEW 2021/project/Plug-Ins/Measurement/_Measurement Migrator/Templates/Serializers/Deserializer.vim" was loaded from "/workspace/src/measurement_migration_tool/_Measurement Migrator/Templates/Serializers/Deserializer.vim".
/workspace/src/Migration Results/Measurement Plug-in/Voltage Measurement UI/Measurement UI.vi/4bcd2c1e-3f2c-486c-82e3-602b17ef9a63.vi (Voltage Measurement UI.lvlib:Measurement UI.vi:Instance:4bcd2c1e-3f2c-486c-82e3-602b17ef9a63.vi)
    - The VI expected to be at "/Program Files/National Instruments/LabVIEW 2021/project/Plug-Ins/Measurement/_Measurement Migrator/Templates/Serializers/Serializer.vim" was loaded from "/workspace/src/measurement_migration_tool/_Measurement Migrator/Templates/Serializers/Serializer.vim".
/workspace/src/Migration Results/Measurement Plug-in/Voltage Measurement UI/Measurement UI.vi/879f99f0-bd73-4d52-ae43-b0561c3201ba.vi (Voltage Measurement UI.lvlib:Measurement UI.vi:Instance:879f99f0-bd73-4d52-ae43-b0561c3201ba.vi)
    - The VI expected to be at "/Program Files/National Instruments/LabVIEW 2021/project/Plug-Ins/Measurement/_Measurement Migrator/Templates/Serializers/Deserializer.vim" was loaded from "/workspace/src/measurement_migration_tool/_Measurement Migrator/Templates/Serializers/Deserializer.vim".
/workspace/src/Migration Results/Measurement Plug-in/Voltage Measurement UI/Measurement UI.vi/a974f454-6ffc-4656-b646-80058465afbc.vi (Voltage Measurement UI.lvlib:Measurement UI.vi:Instance:a974f454-6ffc-4656-b646-80058465afbc.vi)
    - The VI expected to be at "/Program Files/National Instruments/LabVIEW 2021/project/Plug-Ins/Measurement/_Measurement Migrator/Templates/Serializers/Deserializer.vim" was loaded from "/workspace/src/measurement_migration_tool/_Measurement Migrator/Templates/Serializers/Deserializer.vim".
/workspace/src/Migration Results/Measurement Plug-in/Voltage Measurement UI/Measurement UI.vi/bbb96b86-ba45-4082-a54c-6555ea11af37.vi (Voltage Measurement UI.lvlib:Measurement UI.vi:Instance:bbb96b86-ba45-4082-a54c-6555ea11af37.vi)
    - The VI expected to be at "/Program Files/National Instruments/LabVIEW 2021/project/Plug-Ins/Measurement/_Measurement Migrator/Templates/Serializers/Serializer.vim" was loaded from "/workspace/src/measurement_migration_tool/_Measurement Migrator/Templates/Serializers/Serializer.vim".
  ### Bad VI:    "Voltage Measurement.lvlib:Get UI Details.vi"	Path="/workspace/src/Migration Results/Measurement Plug-in/Voltage Measurement/Get UI Details.vi" 
  ### Bad VI:    "Voltage Measurement.lvlib:Get Type Specializations.vi"	Path="/workspace/src/Migration Results/Measurement Plug-in/Voltage Measurement/Get Type Specializations.vi" 
  ### Bad VI:    "Voltage Measurement.lvlib:Measurement Configuration.ctl"	Path="/workspace/src/Migration Results/Measurement Plug-in/Voltage Measurement/Measurement Configuration.ctl" 
  ### Bad VI:    "Deserializer.vim"	Path="/workspace/src/measurement_migration_tool/_Measurement Migrator/Templates/Serializers/Deserializer.vim" 
  ### Bad VI:    "Serializer.vim"	Path="/workspace/src/measurement_migration_tool/_Measurement Migrator/Templates/Serializers/Serializer.vim" 
  ### Bad VI:    "SMU_Voltage Measurement.lvlib:Read Measurement.vi"	Path="/workspace/src/Migration Results/Measurement Plug-in/Voltage Measurement/MeasurementCore/SMU/subVIs/Read Measurement.vi" 
  ### Bad VI:    "SMU_Voltage Measurement.lvlib:Configuration.vi"	Path="/workspace/src/Migration Results/Measurement Plug-in/Voltage Measurement/MeasurementCore/SMU/subVIs/Configuration.vi" 
  ### Bad subVI: "SMU_Voltage Measurement.lvlib:NI-DCPower Source DC Voltage.vi"	Path="/workspace/src/Migration Results/Measurement Plug-in/Voltage Measurement/MeasurementCore/SMU/NI-DCPower Source DC Voltage.vi" 
  ### Bad VI:    "DMM_Voltage Measurement.lvlib:DMM Measurement.vi"	Path="/workspace/src/Migration Results/Measurement Plug-in/Voltage Measurement/MeasurementCore/DMM/DMM Measurement.vi" 
  ### Bad VI:    "Main_Voltage Measurement.lvlib:Voltage Measurement.vi"	Path="/workspace/src/Migration Results/Measurement Plug-in/Voltage Measurement/MeasurementCore/Voltage Measurement.vi" 
  ### Bad VI:    "Voltage Measurement.lvlib:Wrapper.vi"	Path="/workspace/src/Migration Results/Measurement Plug-in/Voltage Measurement/Wrapper.vi" 
  ### Bad VI:    "Voltage Measurement.lvlib:Measurement Logic.vi"	Path="/workspace/src/Migration Results/Measurement Plug-in/Voltage Measurement/Measurement Logic.vi" 
  ### Bad VI:    "Voltage Measurement.lvlib:Get Measurement Details.vi"	Path="/workspace/src/Migration Results/Measurement Plug-in/Voltage Measurement/Get Measurement Details.vi" 
  ### Bad VI:    "Voltage Measurement.lvlib:Measurement Plugin.lvclass:Get Plugin Paths.vi"	Path="/workspace/src/Migration Results/Measurement Plug-in/Voltage Measurement/Advanced/Get Plugin Paths.vi" 
  ### Bad VI:    "Voltage Measurement.lvlib:Measurement Plugin.lvclass:Pack for gRPC.vi"	Path="/workspace/src/Migration Results/Measurement Plug-in/Voltage Measurement/Advanced/Pack for gRPC.vi" 
  ### Bad VI:    "Voltage Measurement.lvlib:Measurement Plugin.lvclass:Unpack for gRPC.vi"	Path="/workspace/src/Migration Results/Measurement Plug-in/Voltage Measurement/Advanced/Unpack for gRPC.vi" 
Search failed to find "NI Measurement Plug-In SDK.lvlib:Post-Build Action.vi" previously from "/<vilib>/Plug-In SDKs/Measurements/Build Assets/Post-Build Action.vi"  +=+   Caller: "Voltage Measurement.lvlib:Post-Build Action.vi"
  ### Bad VI:    "Voltage Measurement.lvlib:Get UI Details.vi"	Path="/workspace/src/Migration Results/Measurement Plug-in/Voltage Measurement/Get UI Details.vi" 
  ### Bad VI:    "Voltage Measurement.lvlib:Get Type Specializations.vi"	Path="/workspace/src/Migration Results/Measurement Plug-in/Voltage Measurement/Get Type Specializations.vi" 
  ### Bad VI:    "Voltage Measurement.lvlib:Measurement Configuration.ctl"	Path="/workspace/src/Migration Results/Measurement Plug-in/Voltage Measurement/Measurement Configuration.ctl" 
  ### Bad VI:    "Deserializer.vim"	Path="/workspace/src/measurement_migration_tool/_Measurement Migrator/Templates/Serializers/Deserializer.vim" 
  ### Bad VI:    "Serializer.vim"	Path="/workspace/src/measurement_migration_tool/_Measurement Migrator/Templates/Serializers/Serializer.vim" 
  ### Bad VI:    "SMU_Voltage Measurement.lvlib:Read Measurement.vi"	Path="/workspace/src/Migration Results/Measurement Plug-in/Voltage Measurement/MeasurementCore/SMU/subVIs/Read Measurement.vi" 
  ### Bad VI:    "SMU_Voltage Measurement.lvlib:Configuration.vi"	Path="/workspace/src/Migration Results/Measurement Plug-in/Voltage Measurement/MeasurementCore/SMU/subVIs/Configuration.vi" 
  ### Bad subVI: "SMU_Voltage Measurement.lvlib:NI-DCPower Source DC Voltage.vi"	Path="/workspace/src/Migration Results/Measurement Plug-in/Voltage Measurement/MeasurementCore/SMU/NI-DCPower Source DC Voltage.vi" 
  ### Bad VI:    "DMM_Voltage Measurement.lvlib:DMM Measurement.vi"	Path="/workspace/src/Migration Results/Measurement Plug-in/Voltage Measurement/MeasurementCore/DMM/DMM Measurement.vi" 
  ### Bad VI:    "Main_Voltage Measurement.lvlib:Voltage Measurement.vi"	Path="/workspace/src/Migration Results/Measurement Plug-in/Voltage Measurement/MeasurementCore/Voltage Measurement.vi" 
  ### Bad VI:    "Voltage Measurement.lvlib:Wrapper.vi"	Path="/workspace/src/Migration Results/Measurement Plug-in/Voltage Measurement/Wrapper.vi" 
  ### Bad VI:    "Voltage Measurement.lvlib:Measurement Logic.vi"	Path="/workspace/src/Migration Results/Measurement Plug-in/Voltage Measurement/Measurement Logic.vi" 
  ### Bad VI:    "Voltage Measurement.lvlib:Get Measurement Details.vi"	Path="/workspace/src/Migration Results/Measurement Plug-in/Voltage Measurement/Get Measurement Details.vi" 
  ### Bad VI:    "Voltage Measurement.lvlib:Measurement Plugin.lvclass:Get Plugin Paths.vi"	Path="/workspace/src/Migration Results/Measurement Plug-in/Voltage Measurement/Advanced/Get Plugin Paths.vi" 
  ### Bad VI:    "Voltage Measurement.lvlib:Measurement Plugin.lvclass:Pack for gRPC.vi"	Path="/workspace/src/Migration Results/Measurement Plug-in/Voltage Measurement/Advanced/Pack for gRPC.vi" 
  ### Bad VI:    "Voltage Measurement.lvlib:Measurement Plugin.lvclass:Unpack for gRPC.vi"	Path="/workspace/src/Migration Results/Measurement Plug-in/Voltage Measurement/Advanced/Unpack for gRPC.vi" 
  ### Bad VI:    "Voltage Measurement.lvlib:Post-Build Action.vi"	Path="/workspace/src/Migration Results/Measurement Plug-in/Voltage Measurement/Advanced/Build Assets/Post-Build Action.vi" 
Search failed to find "NI Measurement Plug-In SDK.lvlib:Run Service.vi" previously from "/<vilib>/Plug-In SDKs/Measurements/Run Service.vi"  +=+   Caller: "Voltage Measurement.lvlib:Run Service.vi"
  ### Bad VI:    "Voltage Measurement.lvlib:Get UI Details.vi"	Path="/workspace/src/Migration Results/Measurement Plug-in/Voltage Measurement/Get UI Details.vi" 
  ### Bad VI:    "Voltage Measurement.lvlib:Get Type Specializations.vi"	Path="/workspace/src/Migration Results/Measurement Plug-in/Voltage Measurement/Get Type Specializations.vi" 
  ### Bad VI:    "Voltage Measurement.lvlib:Measurement Configuration.ctl"	Path="/workspace/src/Migration Results/Measurement Plug-in/Voltage Measurement/Measurement Configuration.ctl" 
  ### Bad VI:    "Deserializer.vim"	Path="/workspace/src/measurement_migration_tool/_Measurement Migrator/Templates/Serializers/Deserializer.vim" 
  ### Bad VI:    "Serializer.vim"	Path="/workspace/src/measurement_migration_tool/_Measurement Migrator/Templates/Serializers/Serializer.vim" 
  ### Bad VI:    "SMU_Voltage Measurement.lvlib:Read Measurement.vi"	Path="/workspace/src/Migration Results/Measurement Plug-in/Voltage Measurement/MeasurementCore/SMU/subVIs/Read Measurement.vi" 
  ### Bad VI:    "SMU_Voltage Measurement.lvlib:Configuration.vi"	Path="/workspace/src/Migration Results/Measurement Plug-in/Voltage Measurement/MeasurementCore/SMU/subVIs/Configuration.vi" 
  ### Bad subVI: "SMU_Voltage Measurement.lvlib:NI-DCPower Source DC Voltage.vi"	Path="/workspace/src/Migration Results/Measurement Plug-in/Voltage Measurement/MeasurementCore/SMU/NI-DCPower Source DC Voltage.vi" 
  ### Bad VI:    "DMM_Voltage Measurement.lvlib:DMM Measurement.vi"	Path="/workspace/src/Migration Results/Measurement Plug-in/Voltage Measurement/MeasurementCore/DMM/DMM Measurement.vi" 
  ### Bad VI:    "Main_Voltage Measurement.lvlib:Voltage Measurement.vi"	Path="/workspace/src/Migration Results/Measurement Plug-in/Voltage Measurement/MeasurementCore/Voltage Measurement.vi" 
  ### Bad VI:    "Voltage Measurement.lvlib:Wrapper.vi"	Path="/workspace/src/Migration Results/Measurement Plug-in/Voltage Measurement/Wrapper.vi" 
  ### Bad VI:    "Voltage Measurement.lvlib:Measurement Logic.vi"	Path="/workspace/src/Migration Results/Measurement Plug-in/Voltage Measurement/Measurement Logic.vi" 
  ### Bad VI:    "Voltage Measurement.lvlib:Get Measurement Details.vi"	Path="/workspace/src/Migration Results/Measurement Plug-in/Voltage Measurement/Get Measurement Details.vi" 
  ### Bad VI:    "Voltage Measurement.lvlib:Measurement Plugin.lvclass:Get Plugin Paths.vi"	Path="/workspace/src/Migration Results/Measurement Plug-in/Voltage Measurement/Advanced/Get Plugin Paths.vi" 
  ### Bad VI:    "Voltage Measurement.lvlib:Measurement Plugin.lvclass:Pack for gRPC.vi"	Path="/workspace/src/Migration Results/Measurement Plug-in/Voltage Measurement/Advanced/Pack for gRPC.vi" 
  ### Bad VI:    "Voltage Measurement.lvlib:Measurement Plugin.lvclass:Unpack for gRPC.vi"	Path="/workspace/src/Migration Results/Measurement Plug-in/Voltage Measurement/Advanced/Unpack for gRPC.vi" 
  ### Bad VI:    "Voltage Measurement.lvlib:Run Service.vi"	Path="/workspace/src/Migration Results/Measurement Plug-in/Voltage Measurement/Run Service.vi" 
Search failed to find "niDMM Function.ctl" previously from "/<instrlib>/niDMM/nidmm.llb/niDMM Function.ctl"  +=+   Caller: "DMM.lvlib:DMM Measurement.vi"
Search failed to find "niDMM Close.vi" previously from "/<instrlib>/niDMM/nidmm.llb/niDMM Close.vi"  +=+   Caller: "DMM.lvlib:DMM Measurement.vi"
Search failed to find "niDMM Initialize.vi" previously from "/<instrlib>/niDMM/nidmm.llb/niDMM Initialize.vi"  +=+   Caller: "DMM.lvlib:DMM Measurement.vi"
  ### Bad VI:    "DMM.lvlib:DMM Measurement.vi"	Path="/workspace/src/Migration Results/Source/DMM/DMM Measurement.vi" 
Search failed to find "niDCPower Initialize With Channels.vi" previously from "/<instrlib>/niDCPower/nidcpower.llb/niDCPower Initialize With Channels.vi"  +=+   Caller: "SMU.lvlib:Configuration.vi"
Search failed to find "niDCPower Source Mode.ctl" previously from "/<instrlib>/niDCPower/nidcpower.llb/niDCPower Source Mode.ctl"  +=+   Caller: "SMU.lvlib:Configuration.vi"
Search failed to find "niDCPower Output Function.ctl" previously from "/<instrlib>/niDCPower/nidcpower.llb/niDCPower Output Function.ctl"  +=+   Caller: "SMU.lvlib:Configuration.vi"
  ### Bad VI:    "SMU.lvlib:Configuration.vi"	Path="/workspace/src/Migration Results/Source/SMU/subVIs/Configuration.vi" 
Search failed to find "niDCPower Wait For Event - Event.ctl" previously from "/<instrlib>/niDCPower/nidcpower.llb/niDCPower Wait For Event - Event.ctl"  +=+   Caller: "SMU.lvlib:Read Measurement.vi"
Search failed to find "niDCPower Close.vi" previously from "/<instrlib>/niDCPower/nidcpower.llb/niDCPower Close.vi"  +=+   Caller: "SMU.lvlib:Read Measurement.vi"
  ### Bad VI:    "SMU.lvlib:Read Measurement.vi"	Path="/workspace/src/Migration Results/Source/SMU/subVIs/Read Measurement.vi" 
  ### Bad VI:    "SMU.lvlib:Read Measurement.vi"	Path="/workspace/src/Migration Results/Source/SMU/subVIs/Read Measurement.vi" 
  ### Bad VI:    "SMU.lvlib:Configuration.vi"	Path="/workspace/src/Migration Results/Source/SMU/subVIs/Configuration.vi" 
  ### Bad subVI: "SMU.lvlib:NI-DCPower Source DC Voltage.vi"	Path="/workspace/src/Migration Results/Source/SMU/NI-DCPower Source DC Voltage.vi" 
  ### Bad VI:    "DMM.lvlib:DMM Measurement.vi"	Path="/workspace/src/Migration Results/Source/DMM/DMM Measurement.vi" 
  ### Bad VI:    "SMU.lvlib:Read Measurement.vi"	Path="/workspace/src/Migration Results/Source/SMU/subVIs/Read Measurement.vi" 
  ### Bad VI:    "SMU.lvlib:Configuration.vi"	Path="/workspace/src/Migration Results/Source/SMU/subVIs/Configuration.vi" 
  ### Bad subVI: "SMU.lvlib:NI-DCPower Source DC Voltage.vi"	Path="/workspace/src/Migration Results/Source/SMU/NI-DCPower Source DC Voltage.vi" 
  ### Bad VI:    "Main.lvlib:Voltage Measurement.vi"	Path="/workspace/src/Migration Results/Source/Voltage Measurement.vi" 
/workspace/src/Prototype/Multiple Migration/subVIs/Get SubVI Dependencies.vi (Get SubVI Dependencies.vi)
    - The VI expected to be at "/workspace/src/Prototype/Multiple Migration/subVIs/Classify dependencies.vi" was loaded from "/workspace/src/Prototype/Multiple Migration/subVIs/Classify Dependencies.vi".
Search failed to find "niDCPower Initiate With Channels.vi" previously from "/<instrlib>/niDCPower/nidcpower.llb/niDCPower Initiate With Channels.vi"  +=+   Caller: "Main.lvlib:Load SMU.vi"
Search failed to find "niDCPower Configure Current Level.vi" previously from "/<instrlib>/niDCPower/nidcpower.llb/niDCPower Configure Current Level.vi"  +=+   Caller: "Main.lvlib:Load SMU.vi"
Search failed to find "niDCPower Configure Voltage Limit.vi" previously from "/<instrlib>/niDCPower/nidcpower.llb/niDCPower Configure Voltage Limit.vi"  +=+   Caller: "Main.lvlib:Load SMU.vi"
Search failed to find "niDCPower Configure Current Level Range.vi" previously from "/<instrlib>/niDCPower/nidcpower.llb/niDCPower Configure Current Level Range.vi"  +=+   Caller: "Main.lvlib:Load SMU.vi"
Search failed to find "niDCPower Configure Voltage Limit Range.vi" previously from "/<instrlib>/niDCPower/nidcpower.llb/niDCPower Configure Voltage Limit Range.vi"  +=+   Caller: "Main.lvlib:Load SMU.vi"
  ### Bad VI:    "Main.lvlib:Load SMU.vi"	Path="/workspace/src/Test measurements/Dependencies/Code Modules/Different Libraries/Main/subVIs/Load SMU.vi" 
  ### Bad VI:    "Main.lvlib:Load SMU.vi"	Path="/workspace/src/Test measurements/Dependencies/Code Modules/Different Libraries/Main/subVIs/Load SMU.vi" 
  ### Bad VI:    "Vin SMU.lvlib:VIn SMU.vi"	Path="/workspace/src/Test measurements/Dependencies/Code Modules/Different Libraries/VinSMU/subVIs/VIn SMU.vi" 
  ### Bad subVI: "Main.lvlib:Load and Vin SMU Measurement.vi"	Path="/workspace/src/Test measurements/Dependencies/Code Modules/Different Libraries/Main/Load and Vin SMU Measurement.vi" 
  ### Bad VI:    "NI-DCPower Source DC Voltage.vi"	Path="/workspace/src/Test measurements/Dependencies/Code Modules/Flat/NI-DCPower Source DC Voltage.vi" 
  ### Bad VI:    "Load SMU.vi"	Path="/workspace/src/Test measurements/Dependencies/Code Modules/No Library/Main/subVIs/Load SMU.vi" 
  ### Bad VI:    "VIn SMU.vi"	Path="/workspace/src/Test measurements/Dependencies/Code Modules/No Library/Main/subVIs/VIn SMU.vi" 
  ### Bad VI:    "Load SMU.vi"	Path="/workspace/src/Test measurements/Dependencies/Code Modules/No Library/Main/subVIs/Load SMU.vi" 
  ### Bad VI:    "VIn SMU.vi"	Path="/workspace/src/Test measurements/Dependencies/Code Modules/No Library/Main/subVIs/VIn SMU.vi" 
  ### Bad subVI: "Measure Voltage.vi"	Path="/workspace/src/Test measurements/Dependencies/Code Modules/No Library/Main/Measure Voltage.vi" 
Search failed to find "niFgen Is Done.vi" previously from "/<instrlib>/niFgen/niFgen.llb/niFgen Is Done.vi"  +=+   Caller: "Waveform Generator.lvlib:I2C Generator.vi"
Search failed to find "niFgen Close.vi" previously from "/<instrlib>/niFgen/niFgen.llb/niFgen Close.vi"  +=+   Caller: "Waveform Generator.lvlib:I2C Generator.vi"
Search failed to find "niFgen Abort Generation.vi" previously from "/<instrlib>/niFgen/niFgen.llb/niFgen Abort Generation.vi"  +=+   Caller: "Waveform Generator.lvlib:I2C Generator.vi"
Search failed to find "niFgen Output Enable.vi" previously from "/<instrlib>/niFgen/niFgen.llb/niFgen Output Enable.vi"  +=+   Caller: "Waveform Generator.lvlib:I2C Generator.vi"
Search failed to find "niFgen Configure Standard Waveform.vi" previously from "/<instrlib>/niFgen/niFgen.llb/niFgen Configure Standard Waveform.vi"  +=+   Caller: "Waveform Generator.lvlib:I2C Generator.vi"
Search failed to find "niFgen Initiate Generation.vi" previously from "/<instrlib>/niFgen/niFgen.llb/niFgen Initiate Generation.vi"  +=+   Caller: "Waveform Generator.lvlib:I2C Generator.vi"
Search failed to find "niFgen Configure Output Mode.vi" previously from "/<instrlib>/niFgen/niFgen.llb/niFgen Configure Output Mode.vi"  +=+   Caller: "Waveform Generator.lvlib:I2C Generator.vi"
Search failed to find "niFgen Initialize.vi" previously from "/<instrlib>/niFgen/niFgen.llb/niFgen Initialize.vi"  +=+   Caller: "Waveform Generator.lvlib:I2C Generator.vi"
  ### Bad VI:    "Waveform Generator.lvlib:I2C Generator.vi"	Path="/workspace/src/Test measurements/Dependencies/Code Modules/Same Library/subVIs/I2C Generator.vi" 
  ### Bad VI:    "Waveform Generator.lvlib:I3C Generator.vi"	Path="/workspace/src/Test measurements/Dependencies/Code Modules/Same Library/subVIs/I3C Generator.vi" 
Search failed to find "niDigital Initialize With Options.vi" previously from "/<instrlib>/niDigital/niDigital.llb/niDigital Initialize With Options.vi"  +=+   Caller: "Square Wave Generator.vi"
Search failed to find "niDigital Close.vi" previously from "/<instrlib>/niDigital/niDigital.llb/niDigital Close.vi"  +=+   Caller: "Square Wave Generator.vi"
Search failed to find "niDigital Burst Pattern (Pass Fail).vi" previously from "/<instrlib>/niDigital/niDigital.llb/niDigital Burst Pattern (Pass Fail).vi"  +=+   Caller: "Square Wave Generator.vi"
Search failed to find "niDigital Burst Pattern.vi" previously from "/<instrlib>/niDigital/niDigital.llb/niDigital Burst Pattern.vi"  +=+   Caller: "Square Wave Generator.vi"
Search failed to find "niDigital Select Function.vi" previously from "/<instrlib>/niDigital/niDigital.llb/niDigital Select Function.vi"  +=+   Caller: "Square Wave Generator.vi"
Search failed to find "niDigital Selected Function.ctl" previously from "/<instrlib>/niDigital/niDigital.llb/niDigital Selected Function.ctl"  +=+   Caller: "Square Wave Generator.vi"
  ### Bad VI:    "Waveform Generator.lvlib:I3C Generator.vi"	Path="/workspace/src/Test measurements/Dependencies/Code Modules/Same Library/subVIs/I3C Generator.vi" 
  ### Bad VI:    "Waveform Generator.lvlib:I2C Generator.vi"	Path="/workspace/src/Test measurements/Dependencies/Code Modules/Same Library/subVIs/I2C Generator.vi" 
  ### Bad VI:    "Square Wave Generator.vi"	Path="/workspace/src/Test measurements/Dependencies/Code Modules/Same Library/subVIs/Square Wave Generator.vi" 
  ### Bad VI:    "Sine Wave Generator.vi"	Path="/workspace/src/Test measurements/Dependencies/Code Modules/Same Library/subVIs/Sine Wave Generator.vi" 
  ### Bad subVI: "Waveform Generator.lvlib:Two Fgen Module.vi"	Path="/workspace/src/Test measurements/Dependencies/Code Modules/Same Library/Two Fgen Module.vi" 
Search failed to find "Load Output Function.ctl" previously from "/workspace/src/Test measurements/Reusables/Instrument APIs/Load Output Function.ctl"  +=+   Caller: "LDO Dropout Voltage.lvlib:Advance Settings.ctl"
  ### Bad VI:    "LDO Dropout Voltage.lvlib:Advance Settings.ctl"	Path="/workspace/src/Test measurements/Dependencies/Graphs and Splitters/Typedefs/Advance Settings.ctl" 
  ### Bad VI:    "LDO Dropout Voltage.lvlib:Test Inputs.ctl"	Path="/workspace/src/Test measurements/Dependencies/Graphs and Splitters/Typedefs/Test Inputs.ctl" 
Search failed to find "Get Unique Name.vi" previously from "/workspace/src/Test measurements/Reusables/String/Get Unique Name.vi"  +=+   Caller: "LDO Dropout Voltage.lvlib:Log Data.vi"
  ### Bad VI:    "LDO Dropout Voltage.lvlib:Advance Settings.ctl"	Path="/workspace/src/Test measurements/Dependencies/Graphs and Splitters/Typedefs/Advance Settings.ctl" 
  ### Bad VI:    "LDO Dropout Voltage.lvlib:Test Inputs.ctl"	Path="/workspace/src/Test measurements/Dependencies/Graphs and Splitters/Typedefs/Test Inputs.ctl" 
  ### Bad VI:    "LDO Dropout Voltage.lvlib:Log Data.vi"	Path="/workspace/src/Test measurements/Dependencies/Graphs and Splitters/SubVIs/Log Data.vi" 
Search failed to find "HandleWinTitleMove.vi" previously from "/workspace/src/Test measurements/Reusables/UI/HandleWinTitleMove.vi"  +=+   Caller: "LDO Dropout Voltage.lvlib:Advance Settings UI.vi"
Search failed to find "Plugin Common.lvlib:Dev Error Generator.vi" previously from "/<userlib>/_Soliton/Measurement Suite/Reusables/Plugin Common/SubVIs/Dev Error Generator.vi"  +=+   Caller: "LDO Dropout Voltage.lvlib:Advance Settings UI.vi"
Search failed to find "Plugin Queue Driver.lvlib:Create And Enqueue.vi" previously from "/<userlib>/_Soliton/Measurement Suite/Reusables/Queue Driver/APIs/Create And Enqueue.vi"  +=+   Caller: "LDO Dropout Voltage.lvlib:Advance Settings UI.vi"
Search failed to find "Plugin Queue Driver.lvlib:Dequeue.vi" previously from "/<userlib>/_Soliton/Measurement Suite/Reusables/Queue Driver/APIs/Dequeue.vi"  +=+   Caller: "LDO Dropout Voltage.lvlib:Advance Settings UI.vi"
  ### Bad VI:    "LDO Dropout Voltage.lvlib:Advance Settings.ctl"	Path="/workspace/src/Test measurements/Dependencies/Graphs and Splitters/Typedefs/Advance Settings.ctl" 
  ### Bad VI:    "LDO Dropout Voltage.lvlib:Advance Settings UI.vi"	Path="/workspace/src/Test measurements/Dependencies/Graphs and Splitters/SubVIs/Advance Settings UI.vi" 
Search failed to find "Plugin Common.lvlib:Caller Information.ctl" previously from "/<userlib>/_Soliton/Measurement Suite/Reusables/Plugin Common/Typedefs/Caller Information.ctl"  +=+   Caller: "LDO Dropout Voltage.lvlib:main.vi"
Search failed to find "Plugin Common.lvlib:Caller Events.ctl" previously from "/<userlib>/_Soliton/Measurement Suite/Reusables/Plugin Common/Typedefs/Caller Events.ctl"  +=+   Caller: "LDO Dropout Voltage.lvlib:main.vi"
Search failed to find "Pin Name to Reference.vim" previously from "/<userlib>/_Soliton/Measurement Suite/Reusables/InstrumentSessionAPIs/Pin Name to Reference.vim"  +=+   Caller: "LDO Dropout Voltage.lvlib:main.vi:Instance:6a7d4b92-ccd7-4b01-a579-e3d7f201896e.vi"
Search failed to find "Error 6001.vi" previously from "/<userlib>/_Soliton/Measurement Suite/Reusables/Errors/Error 6001.vi"  +=+   Caller: "LDO Dropout Voltage.lvlib:main.vi:Instance:6a7d4b92-ccd7-4b01-a579-e3d7f201896e.vi"
Search failed to find "SessionManagerApiPath.vi" previously from "/<userlib>/_Soliton/Measurement Suite/Reusables/InstrumentSessionAPIs/SessionManagerApiPath.vi"  +=+   Caller: "LDO Dropout Voltage.lvlib:main.vi:Instance:6a7d4b92-ccd7-4b01-a579-e3d7f201896e.vi"
Search failed to find "niDMM Abort.vi" previously from "/<instrlib>/niDMM/nidmm.llb/niDMM Abort.vi"  +=+   Caller: "LDO Dropout Voltage.lvlib:main.vi"
Search failed to find "Defer Front Panel.vi" previously from "/workspace/src/Test measurements/Reusables/UI/Defer Front Panel.vi"  +=+   Caller: "LDO Dropout Voltage.lvlib:main.vi"
Search failed to find "Set Source.vi" previously from "/workspace/src/Test measurements/Reusables/Instrument APIs/Set Source.vi"  +=+   Caller: "LDO Dropout Voltage.lvlib:main.vi"
Search failed to find "Set Load Current.vi" previously from "/workspace/src/Test measurements/Reusables/Instrument APIs/Set Load Current.vi"  +=+   Caller: "LDO Dropout Voltage.lvlib:main.vi"
Search failed to find "Prepare Load.vi" previously from "/workspace/src/Test measurements/Reusables/Instrument APIs/Prepare Load.vi"  +=+   Caller: "LDO Dropout Voltage.lvlib:main.vi"
Search failed to find "Prepare Source.vi" previously from "/workspace/src/Test measurements/Reusables/Instrument APIs/Prepare Source.vi"  +=+   Caller: "LDO Dropout Voltage.lvlib:main.vi"
Search failed to find "Get Range Values[].vi" previously from "/workspace/src/Test measurements/Reusables/Array/Get Range Values[].vi"  +=+   Caller: "LDO Dropout Voltage.lvlib:main.vi"
Search failed to find "niDCPower Abort With Channels.vi" previously from "/<instrlib>/niDCPower/nidcpower.llb/niDCPower Abort With Channels.vi"  +=+   Caller: "LDO Dropout Voltage.lvlib:main.vi"
Search failed to find "niDCPower Configure Output Enabled.vi" previously from "/<instrlib>/niDCPower/nidcpower.llb/niDCPower Configure Output Enabled.vi"  +=+   Caller: "LDO Dropout Voltage.lvlib:main.vi"
Search failed to find "Plugin Common.lvlib:Termination Monitor Status.vi" previously from "/<userlib>/_Soliton/Measurement Suite/Reusables/Plugin Common/SubVIs/Termination Monitor Status.vi"  +=+   Caller: "LDO Dropout Voltage.lvlib:main.vi"
Search failed to find "Plugin Common.lvlib:Termination Monitor Info.ctl" previously from "/<userlib>/_Soliton/Measurement Suite/Reusables/Plugin Common/Typedefs/Termination Monitor Info.ctl"  +=+   Caller: "LDO Dropout Voltage.lvlib:main.vi"
Search failed to find "Plugin Common.lvlib:Termination Monitor Stop.vi" previously from "/<userlib>/_Soliton/Measurement Suite/Reusables/Plugin Common/SubVIs/Termination Monitor Stop.vi"  +=+   Caller: "LDO Dropout Voltage.lvlib:main.vi"
Search failed to find "Plugin Common.lvlib:Termination Monitor Start.vi" previously from "/<userlib>/_Soliton/Measurement Suite/Reusables/Plugin Common/SubVIs/Termination Monitor Start.vi"  +=+   Caller: "LDO Dropout Voltage.lvlib:main.vi"
Search failed to find "Plugin Common.lvlib:Get Mode.vi" previously from "/<userlib>/_Soliton/Measurement Suite/Reusables/Plugin Common/SubVIs/Get Mode.vi"  +=+   Caller: "LDO Dropout Voltage.lvlib:main.vi"
Search failed to find "Plugin Queue Driver.lvlib:Enqueue.vi" previously from "/<userlib>/_Soliton/Measurement Suite/Reusables/Queue Driver/APIs/Enqueue.vi"  +=+   Caller: "LDO Dropout Voltage.lvlib:main.vi"
Search failed to find "Plugin Queue Driver.lvlib:Release.vi" previously from "/<userlib>/_Soliton/Measurement Suite/Reusables/Queue Driver/APIs/Release.vi"  +=+   Caller: "LDO Dropout Voltage.lvlib:main.vi"
  ### Bad VI:    "LDO Dropout Voltage.lvlib:Advance Settings.ctl"	Path="/workspace/src/Test measurements/Dependencies/Graphs and Splitters/Typedefs/Advance Settings.ctl" 
  ### Bad VI:    "LDO Dropout Voltage.lvlib:Test Inputs.ctl"	Path="/workspace/src/Test measurements/Dependencies/Graphs and Splitters/Typedefs/Test Inputs.ctl" 
  ### Bad VI:    "LDO Dropout Voltage.lvlib:Advance Settings UI.vi"	Path="/workspace/src/Test measurements/Dependencies/Graphs and Splitters/SubVIs/Advance Settings UI.vi" 
  ### Bad VI:    "LDO Dropout Voltage.lvlib:Log Data.vi"	Path="/workspace/src/Test measurements/Dependencies/Graphs and Splitters/SubVIs/Log Data.vi" 
  ### Bad VI:    "LDO Dropout Voltage.lvlib:main.vi"	Path="/workspace/src/Test measurements/Dependencies/Graphs and Splitters/main.vi" 
Search failed to find "DevLicense.lvlib:Main.vi" previously from "/<userlib>/_Soliton/Measurement Suite/Reusables/License/Main.vi"  +=+   Caller: "LDO Dropout Voltage.lvlib:Helper.vi"
  ### Bad VI:    "LDO Dropout Voltage.lvlib:Helper.vi"	Path="/workspace/src/Test measurements/Dependencies/Graphs and Splitters/Helper.vi" 
Search failed to find "niDMM Reset.vi" previously from "/<instrlib>/niDMM/nidmm.llb/niDMM Reset.vi"  +=+   Caller: "Flat.vi"
Search failed to find "niDCPower Reset With Channels.vi" previously from "/<instrlib>/niDCPower/nidcpower.llb/niDCPower Reset With Channels.vi"  +=+   Caller: "Flat.vi"
Search failed to find "niDCPower Abort.vi" previously from "/<instrlib>/niDCPower/nidcpower.llb/niDCPower Abort.vi"  +=+   Caller: "Flat.vi"
Search failed to find "niDCPower Commit.vi" previously from "/<instrlib>/niDCPower/nidcpower.llb/niDCPower Commit.vi"  +=+   Caller: "Flat.vi"
  ### Bad VI:    "Flat.vi"	Path="/workspace/src/Test measurements/Dependencies/Graphs and Splitters/Flat.vi" 
  ### Bad VI:    "Waveform Generator T1.lvlib:I2C Generator.vi"	Path="/workspace/src/Test measurements/Dependencies/Multiple Migration Test/T1/Measurement 1/subVIs/I2C Generator.vi" 
  ### Bad VI:    "Waveform Generator T1.lvlib:I3C Generator.vi"	Path="/workspace/src/Test measurements/Dependencies/Multiple Migration Test/T1/Measurement 1/subVIs/I3C Generator.vi" 
  ### Bad VI:    "Waveform Generator T1.lvlib:I3C Generator.vi"	Path="/workspace/src/Test measurements/Dependencies/Multiple Migration Test/T1/Measurement 1/subVIs/I3C Generator.vi" 
  ### Bad VI:    "Waveform Generator T1.lvlib:I2C Generator.vi"	Path="/workspace/src/Test measurements/Dependencies/Multiple Migration Test/T1/Measurement 1/subVIs/I2C Generator.vi" 
  ### Bad VI:    "Waveform Generator T1.lvlib:NI-DCPower Source DC Voltage T1.vi"	Path="/workspace/src/Test measurements/Dependencies/Multiple Migration Test/T1/Measurement 1/NI-DCPower Source DC Voltage T1.vi" 
  ### Bad VI:    "Waveform Generator T1.lvlib:I3C Generator.vi"	Path="/workspace/src/Test measurements/Dependencies/Multiple Migration Test/T1/Measurement 1/subVIs/I3C Generator.vi" 
  ### Bad VI:    "Waveform Generator T1.lvlib:I2C Generator.vi"	Path="/workspace/src/Test measurements/Dependencies/Multiple Migration Test/T1/Measurement 1/subVIs/I2C Generator.vi" 
  ### Bad VI:    "Square Wave Generator.vi"	Path="/workspace/src/Test measurements/Dependencies/Multiple Migration Test/T1/Measurement 1/subVIs/Square Wave Generator.vi" 
  ### Bad VI:    "Sine Wave Generator.vi"	Path="/workspace/src/Test measurements/Dependencies/Multiple Migration Test/T1/Measurement 1/subVIs/Sine Wave Generator.vi" 
  ### Bad subVI: "Waveform Generator T1.lvlib:Two Fgen Module T1.vi"	Path="/workspace/src/Test measurements/Dependencies/Multiple Migration Test/T1/Measurement 1/Two Fgen Module T1.vi" 
  ### Bad VI:    "SMU T1.lvlib:Configuration.vi"	Path="/workspace/src/Test measurements/Dependencies/Multiple Migration Test/T1/Measurement 2/SMU/subVIs/Configuration.vi" 
  ### Bad VI:    "SMU T1.lvlib:Read Measurement.vi"	Path="/workspace/src/Test measurements/Dependencies/Multiple Migration Test/T1/Measurement 2/SMU/subVIs/Read Measurement.vi" 
  ### Bad VI:    "SMU T1.lvlib:Load Voltage Measurement T1.vi"	Path="/workspace/src/Test measurements/Dependencies/Multiple Migration Test/T1/Measurement 2/Load Voltage Measurement T1.vi" 
  ### Bad VI:    "SMU T1.lvlib:Read Measurement.vi"	Path="/workspace/src/Test measurements/Dependencies/Multiple Migration Test/T1/Measurement 2/SMU/subVIs/Read Measurement.vi" 
  ### Bad VI:    "SMU T1.lvlib:Configuration.vi"	Path="/workspace/src/Test measurements/Dependencies/Multiple Migration Test/T1/Measurement 2/SMU/subVIs/Configuration.vi" 
  ### Bad subVI: "SMU T1.lvlib:Load Voltage Sourcing and Measuring T1.vi"	Path="/workspace/src/Test measurements/Dependencies/Multiple Migration Test/T1/Measurement 2/Load Voltage Sourcing and Measuring T1.vi" 
  ### Bad VI:    "Sine Wave Generator T10.vi"	Path="/workspace/src/Test measurements/Dependencies/Multiple Migration Test/T10/Meas 1/subVIs/Sine Wave Generator T10.vi" 
  ### Bad VI:    "Square Wave Generator T10.vi"	Path="/workspace/src/Test measurements/Dependencies/Multiple Migration Test/T10/Meas 1/subVIs/Square Wave Generator T10.vi" 
  ### Bad VI:    "DC POwer T10.lvlib:NI-DCPower Source DC Current T10.vi"	Path="/workspace/src/Test measurements/Dependencies/Multiple Migration Test/T10/Meas 1/NI-DCPower Source DC Current T10.vi" 
  ### Bad VI:    "Sine Wave Generator T10.vi"	Path="/workspace/src/Test measurements/Dependencies/Multiple Migration Test/T10/Meas 1/subVIs/Sine Wave Generator T10.vi" 
  ### Bad VI:    "Square Wave Generator T10.vi"	Path="/workspace/src/Test measurements/Dependencies/Multiple Migration Test/T10/Meas 1/subVIs/Square Wave Generator T10.vi" 
  ### Bad VI:    "DC POwer T10.lvlib:NI-DCPower Source DC Voltage T10.vi"	Path="/workspace/src/Test measurements/Dependencies/Multiple Migration Test/T10/Meas 1/NI-DCPower Source DC Voltage T10.vi" 
  ### Bad VI:    "Waveform Generator T10.lvlib:I2C Generator.vi"	Path="/workspace/src/Test measurements/Dependencies/Multiple Migration Test/T10/Meas 1/subVIs/I2C Generator.vi" 
  ### Bad VI:    "Waveform Generator T10.lvlib:I3C Generator.vi"	Path="/workspace/src/Test measurements/Dependencies/Multiple Migration Test/T10/Meas 1/subVIs/I3C Generator.vi" 
  ### Bad VI:    "Waveform Generator T10.lvlib:I3C Generator.vi"	Path="/workspace/src/Test measurements/Dependencies/Multiple Migration Test/T10/Meas 1/subVIs/I3C Generator.vi" 
  ### Bad VI:    "Waveform Generator T10.lvlib:I2C Generator.vi"	Path="/workspace/src/Test measurements/Dependencies/Multiple Migration Test/T10/Meas 1/subVIs/I2C Generator.vi" 
  ### Bad VI:    "Square Wave Generator T10.vi"	Path="/workspace/src/Test measurements/Dependencies/Multiple Migration Test/T10/Meas 1/subVIs/Square Wave Generator T10.vi" 
  ### Bad VI:    "Sine Wave Generator T10.vi"	Path="/workspace/src/Test measurements/Dependencies/Multiple Migration Test/T10/Meas 1/subVIs/Sine Wave Generator T10.vi" 
  ### Bad subVI: "Waveform Generator T10.lvlib:Two Fgen Module T10.vi"	Path="/workspace/src/Test measurements/Dependencies/Multiple Migration Test/T10/Meas 1/Two Fgen Module T10.vi" 
  ### Bad VI:    "DMM T10.lvlib:Load Voltage Measurement T10.vi"	Path="/workspace/src/Test measurements/Dependencies/Multiple Migration Test/T10/Meas 2/Load Voltage Measurement T10.vi" 
  ### Bad VI:    "SMU T10.lvlib:Configuration.vi"	Path="/workspace/src/Test measurements/Dependencies/Multiple Migration Test/T10/Meas 2/SMU/subVIs/Configuration.vi" 
  ### Bad VI:    "SMU T10.lvlib:Read Measurement.vi"	Path="/workspace/src/Test measurements/Dependencies/Multiple Migration Test/T10/Meas 2/SMU/subVIs/Read Measurement.vi" 
  ### Bad VI:    "SMU T10.lvlib:Read Measurement.vi"	Path="/workspace/src/Test measurements/Dependencies/Multiple Migration Test/T10/Meas 2/SMU/subVIs/Read Measurement.vi" 
  ### Bad VI:    "SMU T10.lvlib:Configuration.vi"	Path="/workspace/src/Test measurements/Dependencies/Multiple Migration Test/T10/Meas 2/SMU/subVIs/Configuration.vi" 
  ### Bad subVI: "SMU T10.lvlib:Load Voltage Sourcing and Measuring T10.vi"	Path="/workspace/src/Test measurements/Dependencies/Multiple Migration Test/T10/Meas 2/Load Voltage Sourcing and Measuring T10.vi" 
  ### Bad VI:    "Common Dep T11.lvlib:Sine Wave Generator T11.vi"	Path="/workspace/src/Test measurements/Dependencies/Multiple Migration Test/T11/Meas 1/subVIs/Sine Wave Generator T11.vi" 
  ### Bad VI:    "Common Dep T11.lvlib:Square Wave Generator T11.vi"	Path="/workspace/src/Test measurements/Dependencies/Multiple Migration Test/T11/Meas 1/subVIs/Square Wave Generator T11.vi" 
  ### Bad VI:    "DC POwer T11.lvlib:NI-DCPower Source DC Current T11.vi"	Path="/workspace/src/Test measurements/Dependencies/Multiple Migration Test/T11/Meas 1/NI-DCPower Source DC Current T11.vi" 
  ### Bad VI:    "Common Dep T11.lvlib:Sine Wave Generator T11.vi"	Path="/workspace/src/Test measurements/Dependencies/Multiple Migration Test/T11/Meas 1/subVIs/Sine Wave Generator T11.vi" 
  ### Bad VI:    "Common Dep T11.lvlib:Square Wave Generator T11.vi"	Path="/workspace/src/Test measurements/Dependencies/Multiple Migration Test/T11/Meas 1/subVIs/Square Wave Generator T11.vi" 
  ### Bad VI:    "DC POwer T11.lvlib:NI-DCPower Source DC Voltage T11.vi"	Path="/workspace/src/Test measurements/Dependencies/Multiple Migration Test/T11/Meas 1/NI-DCPower Source DC Voltage T11.vi" 
  ### Bad VI:    "Waveform Generator T11.lvlib:I2C Generator.vi"	Path="/workspace/src/Test measurements/Dependencies/Multiple Migration Test/T11/Meas 1/subVIs/I2C Generator.vi" 
  ### Bad VI:    "Waveform Generator T11.lvlib:I3C Generator.vi"	Path="/workspace/src/Test measurements/Dependencies/Multiple Migration Test/T11/Meas 1/subVIs/I3C Generator.vi" 
  ### Bad VI:    "Waveform Generator T11.lvlib:I3C Generator.vi"	Path="/workspace/src/Test measurements/Dependencies/Multiple Migration Test/T11/Meas 1/subVIs/I3C Generator.vi" 
  ### Bad VI:    "Waveform Generator T11.lvlib:I2C Generator.vi"	Path="/workspace/src/Test measurements/Dependencies/Multiple Migration Test/T11/Meas 1/subVIs/I2C Generator.vi" 
  ### Bad VI:    "Common Dep T11.lvlib:Square Wave Generator T11.vi"	Path="/workspace/src/Test measurements/Dependencies/Multiple Migration Test/T11/Meas 1/subVIs/Square Wave Generator T11.vi" 
  ### Bad VI:    "Common Dep T11.lvlib:Sine Wave Generator T11.vi"	Path="/workspace/src/Test measurements/Dependencies/Multiple Migration Test/T11/Meas 1/subVIs/Sine Wave Generator T11.vi" 
  ### Bad subVI: "Waveform Generator T11.lvlib:Two Fgen Module T11.vi"	Path="/workspace/src/Test measurements/Dependencies/Multiple Migration Test/T11/Meas 1/Two Fgen Module T11.vi" 
  ### Bad VI:    "DMM t11.lvlib:Load Voltage Measurement T11.vi"	Path="/workspace/src/Test measurements/Dependencies/Multiple Migration Test/T11/Meas 2/Load Voltage Measurement T11.vi" 
  ### Bad VI:    "SMU T11.lvlib:Configuration.vi"	Path="/workspace/src/Test measurements/Dependencies/Multiple Migration Test/T11/Meas 2/SMU/subVIs/Configuration.vi" 
  ### Bad VI:    "SMU T11.lvlib:Read Measurement.vi"	Path="/workspace/src/Test measurements/Dependencies/Multiple Migration Test/T11/Meas 2/SMU/subVIs/Read Measurement.vi" 
  ### Bad VI:    "SMU T11.lvlib:Read Measurement.vi"	Path="/workspace/src/Test measurements/Dependencies/Multiple Migration Test/T11/Meas 2/SMU/subVIs/Read Measurement.vi" 
  ### Bad VI:    "SMU T11.lvlib:Configuration.vi"	Path="/workspace/src/Test measurements/Dependencies/Multiple Migration Test/T11/Meas 2/SMU/subVIs/Configuration.vi" 
  ### Bad subVI: "SMU T11.lvlib:Load Voltage Sourcing and Measuring T11.vi"	Path="/workspace/src/Test measurements/Dependencies/Multiple Migration Test/T11/Meas 2/Load Voltage Sourcing and Measuring T11.vi" 
  ### Bad VI:    "NIDmm T12.vi"	Path="/workspace/src/Test measurements/Dependencies/Multiple Migration Test/T12/Meas 1/NIDMM/NIDmm T12.vi" 
  ### Bad VI:    "NIDCPower T12.lvlib:DC Power.vi"	Path="/workspace/src/Test measurements/Dependencies/Multiple Migration Test/T12/Meas 1/NIDCpower/DC Power.vi" 
  ### Bad VI:    "NIDmm T12.vi"	Path="/workspace/src/Test measurements/Dependencies/Multiple Migration Test/T12/Meas 1/NIDMM/NIDmm T12.vi" 
  ### Bad VI:    "NIDCPower T12.lvlib:DC Power.vi"	Path="/workspace/src/Test measurements/Dependencies/Multiple Migration Test/T12/Meas 1/NIDCpower/DC Power.vi" 
  ### Bad subVI: "Different Library t12.lvlib:Wrapper 2.vi"	Path="/workspace/src/Test measurements/Dependencies/Multiple Migration Test/T12/Meas 1/T9 subVI/Wrapper 2.vi" 
  ### Bad subVI: "Different Library t12.lvlib:Source and Measure Current in DMM T12.vi"	Path="/workspace/src/Test measurements/Dependencies/Multiple Migration Test/T12/Meas 1/Source and Measure Current in DMM T12.vi" 
  ### Bad VI:    "NIDmm T12.vi"	Path="/workspace/src/Test measurements/Dependencies/Multiple Migration Test/T12/Meas 1/NIDMM/NIDmm T12.vi" 
  ### Bad VI:    "NIDCPower T12.lvlib:DC Power.vi"	Path="/workspace/src/Test measurements/Dependencies/Multiple Migration Test/T12/Meas 1/NIDCpower/DC Power.vi" 
  ### Bad subVI: "Test Case T12.lvlib:Wrapper.vi"	Path="/workspace/src/Test measurements/Dependencies/Multiple Migration Test/T12/Meas 1/T9 subVI/Wrapper.vi" 
  ### Bad subVI: "Test Case T12.lvlib:Voltage Meas T12.vi"	Path="/workspace/src/Test measurements/Dependencies/Multiple Migration Test/T12/Meas 1/Voltage Meas T12.vi" 
  ### Bad VI:    "NIDmm T12.vi"	Path="/workspace/src/Test measurements/Dependencies/Multiple Migration Test/T12/Meas 1/NIDMM/NIDmm T12.vi" 
  ### Bad VI:    "NIDCPower T12.lvlib:DC Power.vi"	Path="/workspace/src/Test measurements/Dependencies/Multiple Migration Test/T12/Meas 1/NIDCpower/DC Power.vi" 
  ### Bad subVI: "Source and Measure Current in DMM - Copy.vi"	Path="/workspace/src/Test measurements/Dependencies/Multiple Migration Test/T12/Meas 1/Source and Measure Current in DMM - Copy.vi" 
  ### Bad VI:    "Resuables T12.lvlib:Configuration.vi"	Path="/workspace/src/Test measurements/Dependencies/Multiple Migration Test/T12/Meas 2/SMU/subVIs/Configuration.vi" 
  ### Bad VI:    "DMM T12.lvlib:Load Voltage Measurement T12.vi"	Path="/workspace/src/Test measurements/Dependencies/Multiple Migration Test/T12/Meas 2/Load Voltage Measurement T12.vi" 
  ### Bad VI:    "SMU T12.lvlib:Read Measurement.vi"	Path="/workspace/src/Test measurements/Dependencies/Multiple Migration Test/T12/Meas 2/SMU/subVIs/Read Measurement.vi" 
  ### Bad VI:    "SMU T12.lvlib:Read Measurement.vi"	Path="/workspace/src/Test measurements/Dependencies/Multiple Migration Test/T12/Meas 2/SMU/subVIs/Read Measurement.vi" 
  ### Bad VI:    "Resuables T12.lvlib:Configuration.vi"	Path="/workspace/src/Test measurements/Dependencies/Multiple Migration Test/T12/Meas 2/SMU/subVIs/Configuration.vi" 
  ### Bad subVI: "SMU T12.lvlib:Load Voltage Sourcing and Measuring T12.vi"	Path="/workspace/src/Test measurements/Dependencies/Multiple Migration Test/T12/Meas 2/Load Voltage Sourcing and Measuring T12.vi" 
  ### Bad VI:    "DC POwer T13.lvlib:NI-DCPower Source DC Current T13.vi"	Path="/workspace/src/Test measurements/Dependencies/Multiple Migration Test/T13/Meas 1/NI-DCPower Source DC Current T13.vi" 
  ### Bad VI:    "DC POwer T13.lvlib:NI-DCPower Source DC Current T13.vi"	Path="/workspace/src/Test measurements/Dependencies/Multiple Migration Test/T13/Meas 1/NI-DCPower Source DC Current T13.vi" 
  ### Bad VI:    "NI-DCPower Source DC Voltage T13.lvlib:NI-DCPower Source DC Voltage T13.vi"	Path="/workspace/src/Test measurements/Dependencies/Multiple Migration Test/T13/Meas 1/NI-DCPower Source DC Voltage T13.vi" 
  ### Bad VI:    "NI-DCPower Source DC Voltage T13.lvlib:NI-DCPower Source DC Voltage T13.vi"	Path="/workspace/src/Test measurements/Dependencies/Multiple Migration Test/T13/Meas 1/NI-DCPower Source DC Voltage T13.vi" 
  ### Bad VI:    "DC POwer T14.lvlib:NI-DCPower Source DC Current T14.vi"	Path="/workspace/src/Test measurements/Dependencies/Multiple Migration Test/T14/Meas 1/NI-DCPower Source DC Current T14.vi" 
  ### Bad VI:    "NI-DCPower Source DC Voltage T14.lvlib:NI-DCPower Source DC Voltage T14.vi"	Path="/workspace/src/Test measurements/Dependencies/Multiple Migration Test/T14/Meas 1/NI-DCPower Source DC Voltage T14.vi" 
  ### Bad VI:    "Configuration 14.vi"	Path="/workspace/src/Test measurements/Dependencies/Multiple Migration Test/T14/Meas 2/SMU/subVIs/Configuration 14.vi" 
  ### Bad VI:    "Read Measurement T14.vi"	Path="/workspace/src/Test measurements/Dependencies/Multiple Migration Test/T14/Meas 2/SMU/subVIs/Read Measurement T14.vi" 
  ### Bad VI:    "DMM T14.lvlib:Load Voltage Measurement T14.vi"	Path="/workspace/src/Test measurements/Dependencies/Multiple Migration Test/T14/Meas 2/Load Voltage Measurement T14.vi" 
  ### Bad VI:    "Read Measurement T14.vi"	Path="/workspace/src/Test measurements/Dependencies/Multiple Migration Test/T14/Meas 2/SMU/subVIs/Read Measurement T14.vi" 
  ### Bad VI:    "Configuration 14.vi"	Path="/workspace/src/Test measurements/Dependencies/Multiple Migration Test/T14/Meas 2/SMU/subVIs/Configuration 14.vi" 
  ### Bad subVI: "SMU T14.lvlib:Load Voltage Sourcing and Measuring T14.vi"	Path="/workspace/src/Test measurements/Dependencies/Multiple Migration Test/T14/Meas 2/Load Voltage Sourcing and Measuring T14.vi" 
  ### Bad VI:    "DMM T15.lvlib:Config DMM.vi"	Path="/workspace/src/Test measurements/Dependencies/Multiple Migration Test/T15/Meas 1/DMM/Config DMM.vi" 
  ### Bad VI:    "DMM T15.lvlib:DMM Config.vi"	Path="/workspace/src/Test measurements/Dependencies/Multiple Migration Test/T15/Meas 1/DMM/DMM Config.vi" 
  ### Bad VI:    "DMM T15.lvlib:Load SMU.vi"	Path="/workspace/src/Test measurements/Dependencies/Multiple Migration Test/T15/Meas 1/DMM/Load SMU.vi" 
  ### Bad VI:    "DMM T15.lvlib:Read DMM.vi"	Path="/workspace/src/Test measurements/Dependencies/Multiple Migration Test/T15/Meas 1/DMM/Read DMM.vi" 
Search failed to find "Tektronix MSO5X Series.lvlib:Close.vi" previously from "/<instrlib>/Tektronix MSO5X Series/Public/Close.vi"  +=+   Caller: "DMM T15.lvlib:Scope Read.vi"
Search failed to find "Tektronix MSO5X Series.lvlib:Initialize.vi" previously from "/<instrlib>/Tektronix MSO5X Series/Public/Initialize.vi"  +=+   Caller: "DMM T15.lvlib:Scope Read.vi"
Search failed to find "Tektronix MSO5X Series.lvlib:Configure Horizontal.vi" previously from "/<instrlib>/Tektronix MSO5X Series/Public/Configure/Configure Horizontal.vi"  +=+   Caller: "DMM T15.lvlib:Scope Read.vi"
Search failed to find "Tektronix MSO5X Series.lvlib:Query Horizontal Properties.vi" previously from "/<instrlib>/Tektronix MSO5X Series/Public/Action-Status/Query Horizontal Properties.vi"  +=+   Caller: "DMM T15.lvlib:Scope Read.vi"
Search failed to find "Tektronix MSO5X Series.lvlib:Configure Timebase.vi" previously from "/<instrlib>/Tektronix MSO5X Series/Public/Configure/Configure Timebase.vi"  +=+   Caller: "DMM T15.lvlib:Scope Read.vi"
  ### Bad VI:    "DMM T15.lvlib:Scope Read.vi"	Path="/workspace/src/Test measurements/Dependencies/Multiple Migration Test/T15/Meas 1/DMM/Scope Read.vi" 
  ### Bad VI:    "DMM T15.lvlib:VIn SMU.vi"	Path="/workspace/src/Test measurements/Dependencies/Multiple Migration Test/T15/Meas 1/DMM/VIn SMU.vi" 
  ### Bad VI:    "DMM T15.lvlib:Scope Read.vi"	Path="/workspace/src/Test measurements/Dependencies/Multiple Migration Test/T15/Meas 1/DMM/Scope Read.vi" 
  ### Bad VI:    "DMM T15.lvlib:Read DMM.vi"	Path="/workspace/src/Test measurements/Dependencies/Multiple Migration Test/T15/Meas 1/DMM/Read DMM.vi" 
  ### Bad VI:    "DMM T15.lvlib:Config DMM.vi"	Path="/workspace/src/Test measurements/Dependencies/Multiple Migration Test/T15/Meas 1/DMM/Config DMM.vi" 
  ### Bad VI:    "DMM T15.lvlib:DMM Config.vi"	Path="/workspace/src/Test measurements/Dependencies/Multiple Migration Test/T15/Meas 1/DMM/DMM Config.vi" 
  ### Bad VI:    "DMM T15.lvlib:Load SMU.vi"	Path="/workspace/src/Test measurements/Dependencies/Multiple Migration Test/T15/Meas 1/DMM/Load SMU.vi" 
  ### Bad VI:    "DMM T15.lvlib:VIn SMU.vi"	Path="/workspace/src/Test measurements/Dependencies/Multiple Migration Test/T15/Meas 1/DMM/VIn SMU.vi" 
  ### Bad VI:    "Dep T15.lvlib:Load and Vin SMU Measurement T15.vi"	Path="/workspace/src/Test measurements/Dependencies/Multiple Migration Test/T15/Meas 1/Load and Vin SMU Measurement T15.vi" 
Search failed to find "niDCPower Aperture Time Units.ctl" previously from "/<instrlib>/niDCPower/nidcpower.llb/niDCPower Aperture Time Units.ctl"  +=+   Caller: "Main T15.lvlib:NI-DCPower Pulse Voltage Sequence T15.vi"
Search failed to find "niDCPower Configure Aperture Time.vi" previously from "/<instrlib>/niDCPower/nidcpower.llb/niDCPower Configure Aperture Time.vi"  +=+   Caller: "Main T15.lvlib:NI-DCPower Pulse Voltage Sequence T15.vi"
Search failed to find "niDCPower Fetch Multiple.vi" previously from "/<instrlib>/niDCPower/nidcpower.llb/niDCPower Fetch Multiple.vi"  +=+   Caller: "Main T15.lvlib:NI-DCPower Pulse Voltage Sequence T15.vi"
Search failed to find "niDCPower Set Sequence.vi" previously from "/<instrlib>/niDCPower/nidcpower.llb/niDCPower Set Sequence.vi"  +=+   Caller: "Main T15.lvlib:NI-DCPower Pulse Voltage Sequence T15.vi"
Search failed to find "niDCPower Configure Pulse Bias Current Limit.vi" previously from "/<instrlib>/niDCPower/nidcpower.llb/niDCPower Configure Pulse Bias Current Limit.vi"  +=+   Caller: "Main T15.lvlib:NI-DCPower Pulse Voltage Sequence T15.vi"
Search failed to find "niDCPower Configure Pulse Current Limit Range.vi" previously from "/<instrlib>/niDCPower/nidcpower.llb/niDCPower Configure Pulse Current Limit Range.vi"  +=+   Caller: "Main T15.lvlib:NI-DCPower Pulse Voltage Sequence T15.vi"
Search failed to find "niDCPower Configure Pulse Current Limit.vi" previously from "/<instrlib>/niDCPower/nidcpower.llb/niDCPower Configure Pulse Current Limit.vi"  +=+   Caller: "Main T15.lvlib:NI-DCPower Pulse Voltage Sequence T15.vi"
Search failed to find "niDCPower Configure Pulse Bias Voltage Level.vi" previously from "/<instrlib>/niDCPower/nidcpower.llb/niDCPower Configure Pulse Bias Voltage Level.vi"  +=+   Caller: "Main T15.lvlib:NI-DCPower Pulse Voltage Sequence T15.vi"
Search failed to find "niDCPower Configure Pulse Voltage Level Range.vi" previously from "/<instrlib>/niDCPower/nidcpower.llb/niDCPower Configure Pulse Voltage Level Range.vi"  +=+   Caller: "Main T15.lvlib:NI-DCPower Pulse Voltage Sequence T15.vi"
  ### Bad VI:    "DMM T15.lvlib:Read DMM.vi"	Path="/workspace/src/Test measurements/Dependencies/Multiple Migration Test/T15/Meas 1/DMM/Read DMM.vi" 
  ### Bad VI:    "DMM T15.lvlib:DMM Config.vi"	Path="/workspace/src/Test measurements/Dependencies/Multiple Migration Test/T15/Meas 1/DMM/DMM Config.vi" 
  ### Bad VI:    "DMM T15.lvlib:Scope Read.vi"	Path="/workspace/src/Test measurements/Dependencies/Multiple Migration Test/T15/Meas 1/DMM/Scope Read.vi" 
  ### Bad VI:    "DMM T15.lvlib:VIn SMU.vi"	Path="/workspace/src/Test measurements/Dependencies/Multiple Migration Test/T15/Meas 1/DMM/VIn SMU.vi" 
  ### Bad VI:    "Main T15.lvlib:NI-DCPower Pulse Voltage Sequence T15.vi"	Path="/workspace/src/Test measurements/Dependencies/Multiple Migration Test/T15/Meas 1/NI-DCPower Pulse Voltage Sequence T15.vi" 
  ### Bad VI:    "Resuables T15.lvlib:Configuration.vi"	Path="/workspace/src/Test measurements/Dependencies/Multiple Migration Test/T15/Meas 2/SMU/subVIs/Configuration.vi" 
  ### Bad VI:    "Resuables T15.lvlib:Read Measurement.vi"	Path="/workspace/src/Test measurements/Dependencies/Multiple Migration Test/T15/Meas 2/SMU/subVIs/Read Measurement.vi" 
  ### Bad VI:    "DMM T15.lvlib:Load Voltage Measurement T15.vi"	Path="/workspace/src/Test measurements/Dependencies/Multiple Migration Test/T15/Meas 2/Load Voltage Measurement T15.vi" 
  ### Bad VI:    "Resuables T15.lvlib:Read Measurement.vi"	Path="/workspace/src/Test measurements/Dependencies/Multiple Migration Test/T15/Meas 2/SMU/subVIs/Read Measurement.vi" 
  ### Bad VI:    "Resuables T15.lvlib:Configuration.vi"	Path="/workspace/src/Test measurements/Dependencies/Multiple Migration Test/T15/Meas 2/SMU/subVIs/Configuration.vi" 
  ### Bad subVI: "SMU T15.lvlib:Load Voltage Sourcing and Measuring T15.vi"	Path="/workspace/src/Test measurements/Dependencies/Multiple Migration Test/T15/Meas 2/Load Voltage Sourcing and Measuring T15.vi" 
  ### Bad VI:    "DMM T16.lvlib:Load Voltage Measurement T16.vi"	Path="/workspace/src/Test measurements/Dependencies/Multiple Migration Test/T16/Meas 2/Load Voltage Measurement T16.vi" 
  ### Bad VI:    "DMM T16.lvlib:Load Voltage Measurement T16.vi"	Path="/workspace/src/Test measurements/Dependencies/Multiple Migration Test/T16/Meas 2/Load Voltage Measurement T16.vi" 
  ### Bad VI:    "Load SMU T16.vi"	Path="/workspace/src/Test measurements/Dependencies/Multiple Migration Test/T16/Meas 1/DMM/Load SMU T16.vi" 
  ### Bad VI:    "VIn SMU T16.vi"	Path="/workspace/src/Test measurements/Dependencies/Multiple Migration Test/T16/Meas 1/DMM/VIn SMU T16.vi" 
  ### Bad VI:    "DMM T16.lvlib:Config DMM.vi"	Path="/workspace/src/Test measurements/Dependencies/Multiple Migration Test/T16/Meas 1/DMM/Config DMM.vi" 
  ### Bad VI:    "DMM T16.lvlib:DMM Config.vi"	Path="/workspace/src/Test measurements/Dependencies/Multiple Migration Test/T16/Meas 1/DMM/DMM Config.vi" 
  ### Bad VI:    "DMM T16.lvlib:Read DMM.vi"	Path="/workspace/src/Test measurements/Dependencies/Multiple Migration Test/T16/Meas 1/DMM/Read DMM.vi" 
  ### Bad VI:    "DMM T16.lvlib:Scope Read.vi"	Path="/workspace/src/Test measurements/Dependencies/Multiple Migration Test/T16/Meas 1/DMM/Scope Read.vi" 
  ### Bad VI:    "DMM T16.lvlib:Scope Read.vi"	Path="/workspace/src/Test measurements/Dependencies/Multiple Migration Test/T16/Meas 1/DMM/Scope Read.vi" 
  ### Bad VI:    "DMM T16.lvlib:Read DMM.vi"	Path="/workspace/src/Test measurements/Dependencies/Multiple Migration Test/T16/Meas 1/DMM/Read DMM.vi" 
  ### Bad VI:    "DMM T16.lvlib:Config DMM.vi"	Path="/workspace/src/Test measurements/Dependencies/Multiple Migration Test/T16/Meas 1/DMM/Config DMM.vi" 
  ### Bad VI:    "DMM T16.lvlib:DMM Config.vi"	Path="/workspace/src/Test measurements/Dependencies/Multiple Migration Test/T16/Meas 1/DMM/DMM Config.vi" 
  ### Bad VI:    "Load SMU T16.vi"	Path="/workspace/src/Test measurements/Dependencies/Multiple Migration Test/T16/Meas 1/DMM/Load SMU T16.vi" 
  ### Bad VI:    "VIn SMU T16.vi"	Path="/workspace/src/Test measurements/Dependencies/Multiple Migration Test/T16/Meas 1/DMM/VIn SMU T16.vi" 
  ### Bad VI:    "Dep T16.lvlib:Load and Vin SMU Measurement T16.vi"	Path="/workspace/src/Test measurements/Dependencies/Multiple Migration Test/T16/Meas 1/Load and Vin SMU Measurement T16.vi" 
  ### Bad VI:    "DMM T16.lvlib:Read DMM.vi"	Path="/workspace/src/Test measurements/Dependencies/Multiple Migration Test/T16/Meas 1/DMM/Read DMM.vi" 
  ### Bad VI:    "DMM T16.lvlib:DMM Config.vi"	Path="/workspace/src/Test measurements/Dependencies/Multiple Migration Test/T16/Meas 1/DMM/DMM Config.vi" 
  ### Bad VI:    "DMM T16.lvlib:Scope Read.vi"	Path="/workspace/src/Test measurements/Dependencies/Multiple Migration Test/T16/Meas 1/DMM/Scope Read.vi" 
  ### Bad VI:    "VIn SMU T16.vi"	Path="/workspace/src/Test measurements/Dependencies/Multiple Migration Test/T16/Meas 1/DMM/VIn SMU T16.vi" 
  ### Bad VI:    "Main T16.lvlib:NI-DCPower Pulse Voltage Sequence T16.vi"	Path="/workspace/src/Test measurements/Dependencies/Multiple Migration Test/T16/Meas 1/NI-DCPower Pulse Voltage Sequence T16.vi" 
  ### Bad VI:    "Configuration T16.lvlib:Read Measurement.vi"	Path="/workspace/src/Test measurements/Dependencies/Multiple Migration Test/T16/Meas 2/SMU/subVIs/Read Measurement.vi" 
  ### Bad VI:    "Configuration T16.lvlib:Configuration.vi"	Path="/workspace/src/Test measurements/Dependencies/Multiple Migration Test/T16/Meas 2/SMU/subVIs/Configuration.vi" 
  ### Bad VI:    "Configuration T16.lvlib:Read Measurement.vi"	Path="/workspace/src/Test measurements/Dependencies/Multiple Migration Test/T16/Meas 2/SMU/subVIs/Read Measurement.vi" 
  ### Bad VI:    "Configuration T16.lvlib:Configuration.vi"	Path="/workspace/src/Test measurements/Dependencies/Multiple Migration Test/T16/Meas 2/SMU/subVIs/Configuration.vi" 
  ### Bad subVI: "SMU T16.lvlib:Load Voltage Sourcing and Measuring T16.vi"	Path="/workspace/src/Test measurements/Dependencies/Multiple Migration Test/T16/Meas 2/Load Voltage Sourcing and Measuring T16.vi" 
  ### Bad VI:    "DMM T16.lvlib:Load Voltage Measurement T16.vi"	Path="/workspace/src/Test measurements/Dependencies/Multiple Migration Test/T16/Meas 2/Load Voltage Measurement T16.vi" 
Search failed to find "niDCPower Configure Pulse Bias Voltage Limit.vi" previously from "/<instrlib>/niDCPower/nidcpower.llb/niDCPower Configure Pulse Bias Voltage Limit.vi"  +=+   Caller: "NI-DCPower Pulse Current Sequence 17.vi"
Search failed to find "niDCPower Configure Pulse Voltage Limit Range.vi" previously from "/<instrlib>/niDCPower/nidcpower.llb/niDCPower Configure Pulse Voltage Limit Range.vi"  +=+   Caller: "NI-DCPower Pulse Current Sequence 17.vi"
Search failed to find "niDCPower Configure Pulse Voltage Limit.vi" previously from "/<instrlib>/niDCPower/nidcpower.llb/niDCPower Configure Pulse Voltage Limit.vi"  +=+   Caller: "NI-DCPower Pulse Current Sequence 17.vi"
Search failed to find "niDCPower Configure Pulse Bias Current Level.vi" previously from "/<instrlib>/niDCPower/nidcpower.llb/niDCPower Configure Pulse Bias Current Level.vi"  +=+   Caller: "NI-DCPower Pulse Current Sequence 17.vi"
Search failed to find "niDCPower Configure Pulse Current Level Range.vi" previously from "/<instrlib>/niDCPower/nidcpower.llb/niDCPower Configure Pulse Current Level Range.vi"  +=+   Caller: "NI-DCPower Pulse Current Sequence 17.vi"
  ### Bad VI:    "NI-DCPower Pulse Current Sequence 17.vi"	Path="/workspace/src/Test measurements/Dependencies/Multiple Migration Test/T17/Meas 1/NI-DCPower Pulse Current Sequence 17.vi" 
  ### Bad VI:    "NI-DCPower Pulse Voltage Sequence 17.vi"	Path="/workspace/src/Test measurements/Dependencies/Multiple Migration Test/T17/Meas 1/NI-DCPower Pulse Voltage Sequence 17.vi" 
  ### Bad VI:    "NI-DCPower Source DC Current 17.vi"	Path="/workspace/src/Test measurements/Dependencies/Multiple Migration Test/T17/Meas 1/NI-DCPower Source DC Current 17.vi" 
  ### Bad VI:    "NI-DCPower Source DC Voltage 17.vi"	Path="/workspace/src/Test measurements/Dependencies/Multiple Migration Test/T17/Meas 1/NI-DCPower Source DC Voltage 17.vi" 
  ### Bad VI:    "Config DMM 18.vi"	Path="/workspace/src/Test measurements/Dependencies/Multiple Migration Test/T18/Meas 1/subVIs/Config DMM 18.vi" 
  ### Bad VI:    "DMM Config 18.vi"	Path="/workspace/src/Test measurements/Dependencies/Multiple Migration Test/T18/Meas 1/subVIs/DMM Config 18.vi" 
  ### Bad VI:    "Load SMU 18.vi"	Path="/workspace/src/Test measurements/Dependencies/Multiple Migration Test/T18/Meas 1/subVIs/Load SMU 18.vi" 
  ### Bad VI:    "Read DMM 18.vi"	Path="/workspace/src/Test measurements/Dependencies/Multiple Migration Test/T18/Meas 1/subVIs/Read DMM 18.vi" 
  ### Bad VI:    "Scope Read 18.vi"	Path="/workspace/src/Test measurements/Dependencies/Multiple Migration Test/T18/Meas 1/subVIs/Scope Read 18.vi" 
  ### Bad VI:    "VIn SMU 18.vi"	Path="/workspace/src/Test measurements/Dependencies/Multiple Migration Test/T18/Meas 1/subVIs/VIn SMU 18.vi" 
  ### Bad VI:    "Scope Read 18.vi"	Path="/workspace/src/Test measurements/Dependencies/Multiple Migration Test/T18/Meas 1/subVIs/Scope Read 18.vi" 
  ### Bad VI:    "Read DMM 18.vi"	Path="/workspace/src/Test measurements/Dependencies/Multiple Migration Test/T18/Meas 1/subVIs/Read DMM 18.vi" 
  ### Bad VI:    "Config DMM 18.vi"	Path="/workspace/src/Test measurements/Dependencies/Multiple Migration Test/T18/Meas 1/subVIs/Config DMM 18.vi" 
  ### Bad VI:    "DMM Config 18.vi"	Path="/workspace/src/Test measurements/Dependencies/Multiple Migration Test/T18/Meas 1/subVIs/DMM Config 18.vi" 
  ### Bad VI:    "DMM SCOPE 18.vi"	Path="/workspace/src/Test measurements/Dependencies/Multiple Migration Test/T18/Meas 1/DMM SCOPE 18.vi" 
  ### Bad VI:    "Scope Read 18.vi"	Path="/workspace/src/Test measurements/Dependencies/Multiple Migration Test/T18/Meas 1/subVIs/Scope Read 18.vi" 
  ### Bad VI:    "Read DMM 18.vi"	Path="/workspace/src/Test measurements/Dependencies/Multiple Migration Test/T18/Meas 1/subVIs/Read DMM 18.vi" 
  ### Bad VI:    "Config DMM 18.vi"	Path="/workspace/src/Test measurements/Dependencies/Multiple Migration Test/T18/Meas 1/subVIs/Config DMM 18.vi" 
  ### Bad VI:    "DMM Config 18.vi"	Path="/workspace/src/Test measurements/Dependencies/Multiple Migration Test/T18/Meas 1/subVIs/DMM Config 18.vi" 
  ### Bad VI:    "Load SMU 18.vi"	Path="/workspace/src/Test measurements/Dependencies/Multiple Migration Test/T18/Meas 1/subVIs/Load SMU 18.vi" 
  ### Bad VI:    "VIn SMU 18.vi"	Path="/workspace/src/Test measurements/Dependencies/Multiple Migration Test/T18/Meas 1/subVIs/VIn SMU 18.vi" 
  ### Bad VI:    "Load and Vin SMU Measurement 18.vi"	Path="/workspace/src/Test measurements/Dependencies/Multiple Migration Test/T18/Meas 1/Load and Vin SMU Measurement 18.vi" 
  ### Bad VI:    "Configuration T18.vi"	Path="/workspace/src/Test measurements/Dependencies/Multiple Migration Test/T18/Meas 2/SMU/subVIs/Configuration T18.vi" 
  ### Bad VI:    "Read Measurement T18.vi"	Path="/workspace/src/Test measurements/Dependencies/Multiple Migration Test/T18/Meas 2/SMU/subVIs/Read Measurement T18.vi" 
  ### Bad VI:    "Read Measurement T18.vi"	Path="/workspace/src/Test measurements/Dependencies/Multiple Migration Test/T18/Meas 2/SMU/subVIs/Read Measurement T18.vi" 
  ### Bad VI:    "Configuration T18.vi"	Path="/workspace/src/Test measurements/Dependencies/Multiple Migration Test/T18/Meas 2/SMU/subVIs/Configuration T18.vi" 
  ### Bad subVI: "Load Voltage Sourcing and Measuring T18.vi"	Path="/workspace/src/Test measurements/Dependencies/Multiple Migration Test/T18/Meas 2/Load Voltage Sourcing and Measuring T18.vi" 
  ### Bad VI:    "Load Voltage Measurement T18.vi"	Path="/workspace/src/Test measurements/Dependencies/Multiple Migration Test/T18/Meas 2/Load Voltage Measurement T18.vi" 
  ### Bad VI:    "DMM 19.lvlib:Config DMM.vi"	Path="/workspace/src/Test measurements/Dependencies/Multiple Migration Test/T19/Meas 1/DMM/subVIs/Config DMM.vi" 
  ### Bad VI:    "DMM 19.lvlib:DMM Config.vi"	Path="/workspace/src/Test measurements/Dependencies/Multiple Migration Test/T19/Meas 1/DMM/subVIs/DMM Config.vi" 
  ### Bad VI:    "DMM 19.lvlib:Read DMM.vi"	Path="/workspace/src/Test measurements/Dependencies/Multiple Migration Test/T19/Meas 1/DMM/subVIs/Read DMM.vi" 
  ### Bad VI:    "Scope 19.lvlib:Load SMU.vi"	Path="/workspace/src/Test measurements/Dependencies/Multiple Migration Test/T19/Meas 1/Scope/subVIs/Load SMU.vi" 
  ### Bad VI:    "Scope 19.lvlib:Scope Read.vi"	Path="/workspace/src/Test measurements/Dependencies/Multiple Migration Test/T19/Meas 1/Scope/subVIs/Scope Read.vi" 
  ### Bad VI:    "Scope 19.lvlib:VIn SMU.vi"	Path="/workspace/src/Test measurements/Dependencies/Multiple Migration Test/T19/Meas 1/Scope/subVIs/VIn SMU.vi" 
  ### Bad VI:    "Scope 19.lvlib:Scope Read.vi"	Path="/workspace/src/Test measurements/Dependencies/Multiple Migration Test/T19/Meas 1/Scope/subVIs/Scope Read.vi" 
  ### Bad VI:    "DMM 19.lvlib:Read DMM.vi"	Path="/workspace/src/Test measurements/Dependencies/Multiple Migration Test/T19/Meas 1/DMM/subVIs/Read DMM.vi" 
  ### Bad VI:    "DMM 19.lvlib:Config DMM.vi"	Path="/workspace/src/Test measurements/Dependencies/Multiple Migration Test/T19/Meas 1/DMM/subVIs/Config DMM.vi" 
  ### Bad VI:    "DMM 19.lvlib:DMM Config.vi"	Path="/workspace/src/Test measurements/Dependencies/Multiple Migration Test/T19/Meas 1/DMM/subVIs/DMM Config.vi" 
  ### Bad VI:    "DMM SCOPE 19.vi"	Path="/workspace/src/Test measurements/Dependencies/Multiple Migration Test/T19/Meas 1/DMM SCOPE 19.vi" 
  ### Bad VI:    "Scope 19.lvlib:Scope Read.vi"	Path="/workspace/src/Test measurements/Dependencies/Multiple Migration Test/T19/Meas 1/Scope/subVIs/Scope Read.vi" 
  ### Bad VI:    "DMM 19.lvlib:Read DMM.vi"	Path="/workspace/src/Test measurements/Dependencies/Multiple Migration Test/T19/Meas 1/DMM/subVIs/Read DMM.vi" 
  ### Bad VI:    "DMM 19.lvlib:Config DMM.vi"	Path="/workspace/src/Test measurements/Dependencies/Multiple Migration Test/T19/Meas 1/DMM/subVIs/Config DMM.vi" 
  ### Bad VI:    "DMM 19.lvlib:DMM Config.vi"	Path="/workspace/src/Test measurements/Dependencies/Multiple Migration Test/T19/Meas 1/DMM/subVIs/DMM Config.vi" 
  ### Bad VI:    "Scope 19.lvlib:Load SMU.vi"	Path="/workspace/src/Test measurements/Dependencies/Multiple Migration Test/T19/Meas 1/Scope/subVIs/Load SMU.vi" 
  ### Bad VI:    "Scope 19.lvlib:VIn SMU.vi"	Path="/workspace/src/Test measurements/Dependencies/Multiple Migration Test/T19/Meas 1/Scope/subVIs/VIn SMU.vi" 
  ### Bad VI:    "Load and Vin SMU Measurement 19.vi"	Path="/workspace/src/Test measurements/Dependencies/Multiple Migration Test/T19/Meas 1/Load and Vin SMU Measurement 19.vi" 
  ### Bad VI:    "Resuables T19.lvlib:Configuration T19.vi"	Path="/workspace/src/Test measurements/Dependencies/Multiple Migration Test/T19/Meas 2/SMU/subVIs/Configuration T19.vi" 
  ### Bad VI:    "Resuables T19.lvlib:Read Measurement T19.vi"	Path="/workspace/src/Test measurements/Dependencies/Multiple Migration Test/T19/Meas 2/SMU/subVIs/Read Measurement T19.vi" 
  ### Bad VI:    "Resuables T19.lvlib:Read Measurement T19.vi"	Path="/workspace/src/Test measurements/Dependencies/Multiple Migration Test/T19/Meas 2/SMU/subVIs/Read Measurement T19.vi" 
  ### Bad VI:    "Resuables T19.lvlib:Configuration T19.vi"	Path="/workspace/src/Test measurements/Dependencies/Multiple Migration Test/T19/Meas 2/SMU/subVIs/Configuration T19.vi" 
  ### Bad subVI: "Load Voltage Sourcing and Measuring T19.vi"	Path="/workspace/src/Test measurements/Dependencies/Multiple Migration Test/T19/Meas 2/Load Voltage Sourcing and Measuring T19.vi" 
  ### Bad VI:    "Load Voltage Measurement T19.vi"	Path="/workspace/src/Test measurements/Dependencies/Multiple Migration Test/T19/Meas 2/Load Voltage Measurement T19.vi" 
  ### Bad VI:    "I2C Generator T2.vi"	Path="/workspace/src/Test measurements/Dependencies/Multiple Migration Test/T2/Meas1/subVIs/I2C Generator T2.vi" 
  ### Bad VI:    "Waveform Generator T2.lvlib:I3C Generator.vi"	Path="/workspace/src/Test measurements/Dependencies/Multiple Migration Test/T2/Meas1/subVIs/I3C Generator.vi" 
  ### Bad VI:    "Waveform Generator T2.lvlib:I3C Generator.vi"	Path="/workspace/src/Test measurements/Dependencies/Multiple Migration Test/T2/Meas1/subVIs/I3C Generator.vi" 
  ### Bad VI:    "I2C Generator T2.vi"	Path="/workspace/src/Test measurements/Dependencies/Multiple Migration Test/T2/Meas1/subVIs/I2C Generator T2.vi" 
  ### Bad VI:    "Waveform Generator T2.lvlib:NI-DCPower Source DC Voltage T2.vi"	Path="/workspace/src/Test measurements/Dependencies/Multiple Migration Test/T2/Meas1/NI-DCPower Source DC Voltage T2.vi" 
  ### Bad VI:    "Waveform Generator T2.lvlib:I3C Generator.vi"	Path="/workspace/src/Test measurements/Dependencies/Multiple Migration Test/T2/Meas1/subVIs/I3C Generator.vi" 
  ### Bad VI:    "I2C Generator T2.vi"	Path="/workspace/src/Test measurements/Dependencies/Multiple Migration Test/T2/Meas1/subVIs/I2C Generator T2.vi" 
  ### Bad VI:    "Square Wave Generator.vi"	Path="/workspace/src/Test measurements/Dependencies/Multiple Migration Test/T2/Meas1/subVIs/Square Wave Generator.vi" 
  ### Bad VI:    "Sine Wave Generator.vi"	Path="/workspace/src/Test measurements/Dependencies/Multiple Migration Test/T2/Meas1/subVIs/Sine Wave Generator.vi" 
  ### Bad subVI: "Waveform Generator T2.lvlib:Two Fgen Module T2.vi"	Path="/workspace/src/Test measurements/Dependencies/Multiple Migration Test/T2/Meas1/Two Fgen Module T2.vi" 
  ### Bad VI:    "SMU T2.lvlib:Configuration.vi"	Path="/workspace/src/Test measurements/Dependencies/Multiple Migration Test/T2/Meas2/SMU/subVIs/Configuration.vi" 
  ### Bad VI:    "SMU T2.lvlib:Read Measurement.vi"	Path="/workspace/src/Test measurements/Dependencies/Multiple Migration Test/T2/Meas2/SMU/subVIs/Read Measurement.vi" 
  ### Bad VI:    "SMU T2.lvlib:Load Voltage Measurement T2.vi"	Path="/workspace/src/Test measurements/Dependencies/Multiple Migration Test/T2/Meas2/Load Voltage Measurement T2.vi" 
  ### Bad VI:    "SMU T2.lvlib:Read Measurement.vi"	Path="/workspace/src/Test measurements/Dependencies/Multiple Migration Test/T2/Meas2/SMU/subVIs/Read Measurement.vi" 
  ### Bad VI:    "SMU T2.lvlib:Configuration.vi"	Path="/workspace/src/Test measurements/Dependencies/Multiple Migration Test/T2/Meas2/SMU/subVIs/Configuration.vi" 
  ### Bad subVI: "SMU T2.lvlib:Load Voltage Sourcing and Measuring T2.vi"	Path="/workspace/src/Test measurements/Dependencies/Multiple Migration Test/T2/Meas2/Load Voltage Sourcing and Measuring T2.vi" 
  ### Bad VI:    "Load SMU 20.vi"	Path="/workspace/src/Test measurements/Dependencies/Multiple Migration Test/T20/Meas 1/subVIs/Load SMU 20.vi" 
  ### Bad VI:    "Scope Read 20.vi"	Path="/workspace/src/Test measurements/Dependencies/Multiple Migration Test/T20/Meas 1/subVIs/Scope Read 20.vi" 
  ### Bad VI:    "VIn SMU 20.vi"	Path="/workspace/src/Test measurements/Dependencies/Multiple Migration Test/T20/Meas 1/subVIs/VIn SMU 20.vi" 
  ### Bad VI:    "DMM 20.lvlib:Config DMM.vi"	Path="/workspace/src/Test measurements/Dependencies/Multiple Migration Test/T20/Meas 1/DMM/Config DMM.vi" 
  ### Bad VI:    "DMM 20.lvlib:DMM Config.vi"	Path="/workspace/src/Test measurements/Dependencies/Multiple Migration Test/T20/Meas 1/DMM/DMM Config.vi" 
  ### Bad VI:    "DMM 20.lvlib:Read DMM.vi"	Path="/workspace/src/Test measurements/Dependencies/Multiple Migration Test/T20/Meas 1/DMM/Read DMM.vi" 
  ### Bad VI:    "Scope Read 20.vi"	Path="/workspace/src/Test measurements/Dependencies/Multiple Migration Test/T20/Meas 1/subVIs/Scope Read 20.vi" 
  ### Bad VI:    "DMM 20.lvlib:Read DMM.vi"	Path="/workspace/src/Test measurements/Dependencies/Multiple Migration Test/T20/Meas 1/DMM/Read DMM.vi" 
  ### Bad VI:    "DMM 20.lvlib:Config DMM.vi"	Path="/workspace/src/Test measurements/Dependencies/Multiple Migration Test/T20/Meas 1/DMM/Config DMM.vi" 
  ### Bad VI:    "DMM 20.lvlib:DMM Config.vi"	Path="/workspace/src/Test measurements/Dependencies/Multiple Migration Test/T20/Meas 1/DMM/DMM Config.vi" 
  ### Bad VI:    "DMM SCOPE 20.vi"	Path="/workspace/src/Test measurements/Dependencies/Multiple Migration Test/T20/Meas 1/DMM SCOPE 20.vi" 
  ### Bad VI:    "Scope Read 20.vi"	Path="/workspace/src/Test measurements/Dependencies/Multiple Migration Test/T20/Meas 1/subVIs/Scope Read 20.vi" 
  ### Bad VI:    "DMM 20.lvlib:Read DMM.vi"	Path="/workspace/src/Test measurements/Dependencies/Multiple Migration Test/T20/Meas 1/DMM/Read DMM.vi" 
  ### Bad VI:    "DMM 20.lvlib:Config DMM.vi"	Path="/workspace/src/Test measurements/Dependencies/Multiple Migration Test/T20/Meas 1/DMM/Config DMM.vi" 
  ### Bad VI:    "DMM 20.lvlib:DMM Config.vi"	Path="/workspace/src/Test measurements/Dependencies/Multiple Migration Test/T20/Meas 1/DMM/DMM Config.vi" 
  ### Bad VI:    "Load SMU 20.vi"	Path="/workspace/src/Test measurements/Dependencies/Multiple Migration Test/T20/Meas 1/subVIs/Load SMU 20.vi" 
  ### Bad VI:    "VIn SMU 20.vi"	Path="/workspace/src/Test measurements/Dependencies/Multiple Migration Test/T20/Meas 1/subVIs/VIn SMU 20.vi" 
  ### Bad VI:    "Load and Vin SMU Measurement 20.vi"	Path="/workspace/src/Test measurements/Dependencies/Multiple Migration Test/T20/Meas 1/Load and Vin SMU Measurement 20.vi" 
  ### Bad VI:    "Resuables T20.lvlib:Configuration T20.vi"	Path="/workspace/src/Test measurements/Dependencies/Multiple Migration Test/T20/Meas 2/SMU/subVIs/Configuration T20.vi" 
  ### Bad VI:    "Resuables T20.lvlib:Read Measurement T20.vi"	Path="/workspace/src/Test measurements/Dependencies/Multiple Migration Test/T20/Meas 2/SMU/subVIs/Read Measurement T20.vi" 
  ### Bad VI:    "Resuables T20.lvlib:Read Measurement T20.vi"	Path="/workspace/src/Test measurements/Dependencies/Multiple Migration Test/T20/Meas 2/SMU/subVIs/Read Measurement T20.vi" 
  ### Bad VI:    "Resuables T20.lvlib:Configuration T20.vi"	Path="/workspace/src/Test measurements/Dependencies/Multiple Migration Test/T20/Meas 2/SMU/subVIs/Configuration T20.vi" 
  ### Bad subVI: "Load Voltage Sourcing and Measuring T20.vi"	Path="/workspace/src/Test measurements/Dependencies/Multiple Migration Test/T20/Meas 2/Load Voltage Sourcing and Measuring T20.vi" 
  ### Bad VI:    "Load Voltage Measurement T20.vi"	Path="/workspace/src/Test measurements/Dependencies/Multiple Migration Test/T20/Meas 2/Load Voltage Measurement T20.vi" 
  ### Bad VI:    "DMM T3.lvlib:Config DMM.vi"	Path="/workspace/src/Test measurements/Dependencies/Multiple Migration Test/T3/Meas 1/DMM/Config DMM.vi" 
  ### Bad VI:    "DMM T3.lvlib:DMM Config.vi"	Path="/workspace/src/Test measurements/Dependencies/Multiple Migration Test/T3/Meas 1/DMM/DMM Config.vi" 
  ### Bad VI:    "DMM T3.lvlib:Read DMM.vi"	Path="/workspace/src/Test measurements/Dependencies/Multiple Migration Test/T3/Meas 1/DMM/Read DMM.vi" 
  ### Bad VI:    "Main T3.lvlib:Load SMU.vi"	Path="/workspace/src/Test measurements/Dependencies/Multiple Migration Test/T3/Meas 1/SMU/Load SMU.vi" 
  ### Bad VI:    "Main T3.lvlib:Scope Read.vi"	Path="/workspace/src/Test measurements/Dependencies/Multiple Migration Test/T3/Meas 1/SMU/Scope Read.vi" 
  ### Bad VI:    "Main T3.lvlib:VIn SMU.vi"	Path="/workspace/src/Test measurements/Dependencies/Multiple Migration Test/T3/Meas 1/SMU/VIn SMU.vi" 
  ### Bad VI:    "Main T3.lvlib:Scope Read.vi"	Path="/workspace/src/Test measurements/Dependencies/Multiple Migration Test/T3/Meas 1/SMU/Scope Read.vi" 
  ### Bad VI:    "DMM T3.lvlib:Read DMM.vi"	Path="/workspace/src/Test measurements/Dependencies/Multiple Migration Test/T3/Meas 1/DMM/Read DMM.vi" 
  ### Bad VI:    "DMM T3.lvlib:Config DMM.vi"	Path="/workspace/src/Test measurements/Dependencies/Multiple Migration Test/T3/Meas 1/DMM/Config DMM.vi" 
  ### Bad VI:    "DMM T3.lvlib:DMM Config.vi"	Path="/workspace/src/Test measurements/Dependencies/Multiple Migration Test/T3/Meas 1/DMM/DMM Config.vi" 
  ### Bad VI:    "Main T3.lvlib:Load SMU.vi"	Path="/workspace/src/Test measurements/Dependencies/Multiple Migration Test/T3/Meas 1/SMU/Load SMU.vi" 
  ### Bad VI:    "Main T3.lvlib:VIn SMU.vi"	Path="/workspace/src/Test measurements/Dependencies/Multiple Migration Test/T3/Meas 1/SMU/VIn SMU.vi" 
  ### Bad VI:    "Main T3.lvlib:Load and Vin SMU Measurement T3.vi"	Path="/workspace/src/Test measurements/Dependencies/Multiple Migration Test/T3/Meas 1/Load and Vin SMU Measurement T3.vi" 
  ### Bad VI:    "DMM T3.lvlib:Read DMM.vi"	Path="/workspace/src/Test measurements/Dependencies/Multiple Migration Test/T3/Meas 1/DMM/Read DMM.vi" 
  ### Bad VI:    "DMM T3.lvlib:DMM Config.vi"	Path="/workspace/src/Test measurements/Dependencies/Multiple Migration Test/T3/Meas 1/DMM/DMM Config.vi" 
  ### Bad VI:    "Main T3.lvlib:Scope Read.vi"	Path="/workspace/src/Test measurements/Dependencies/Multiple Migration Test/T3/Meas 1/SMU/Scope Read.vi" 
  ### Bad VI:    "Main T3.lvlib:VIn SMU.vi"	Path="/workspace/src/Test measurements/Dependencies/Multiple Migration Test/T3/Meas 1/SMU/VIn SMU.vi" 
  ### Bad VI:    "Main T3.lvlib:NI-DCPower Pulse Voltage Sequence T3.vi"	Path="/workspace/src/Test measurements/Dependencies/Multiple Migration Test/T3/Meas 1/NI-DCPower Pulse Voltage Sequence T3.vi" 
  ### Bad VI:    "SMU T3.lvlib:Configuration.vi"	Path="/workspace/src/Test measurements/Dependencies/Multiple Migration Test/T3/Meas 2/SMU/subVIs/Configuration.vi" 
  ### Bad VI:    "SMU T3.lvlib:Read Measurement.vi"	Path="/workspace/src/Test measurements/Dependencies/Multiple Migration Test/T3/Meas 2/SMU/subVIs/Read Measurement.vi" 
  ### Bad VI:    "SMU T3.lvlib:Load Voltage Measurement T3.vi"	Path="/workspace/src/Test measurements/Dependencies/Multiple Migration Test/T3/Meas 2/Load Voltage Measurement T3.vi" 
  ### Bad VI:    "SMU T3.lvlib:Read Measurement.vi"	Path="/workspace/src/Test measurements/Dependencies/Multiple Migration Test/T3/Meas 2/SMU/subVIs/Read Measurement.vi" 
  ### Bad VI:    "SMU T3.lvlib:Configuration.vi"	Path="/workspace/src/Test measurements/Dependencies/Multiple Migration Test/T3/Meas 2/SMU/subVIs/Configuration.vi" 
  ### Bad subVI: "SMU T3.lvlib:Load Voltage Sourcing and Measuring T3.vi"	Path="/workspace/src/Test measurements/Dependencies/Multiple Migration Test/T3/Meas 2/Load Voltage Sourcing and Measuring T3.vi" 
  ### Bad VI:    "DMM T4.lvlib:Config DMM.vi"	Path="/workspace/src/Test measurements/Dependencies/Multiple Migration Test/T4/Meas 1/DMM/Config DMM.vi" 
  ### Bad VI:    "DMM T4.lvlib:DMM Config.vi"	Path="/workspace/src/Test measurements/Dependencies/Multiple Migration Test/T4/Meas 1/DMM/DMM Config.vi" 
  ### Bad VI:    "DMM T4.lvlib:Read DMM.vi"	Path="/workspace/src/Test measurements/Dependencies/Multiple Migration Test/T4/Meas 1/DMM/Read DMM.vi" 
  ### Bad VI:    "SMU T4.lvlib:Scope Read.vi"	Path="/workspace/src/Test measurements/Dependencies/Multiple Migration Test/T4/Meas 1/SMU/Scope Read.vi" 
  ### Bad VI:    "Main T4.lvlib:Load SMU.vi"	Path="/workspace/src/Test measurements/Dependencies/Multiple Migration Test/T4/Meas 1/SMU/Load SMU.vi" 
  ### Bad VI:    "Main T4.lvlib:VIn SMU.vi"	Path="/workspace/src/Test measurements/Dependencies/Multiple Migration Test/T4/Meas 1/SMU/VIn SMU.vi" 
  ### Bad VI:    "SMU T4.lvlib:Scope Read.vi"	Path="/workspace/src/Test measurements/Dependencies/Multiple Migration Test/T4/Meas 1/SMU/Scope Read.vi" 
  ### Bad VI:    "DMM T4.lvlib:Read DMM.vi"	Path="/workspace/src/Test measurements/Dependencies/Multiple Migration Test/T4/Meas 1/DMM/Read DMM.vi" 
  ### Bad VI:    "DMM T4.lvlib:Config DMM.vi"	Path="/workspace/src/Test measurements/Dependencies/Multiple Migration Test/T4/Meas 1/DMM/Config DMM.vi" 
  ### Bad VI:    "DMM T4.lvlib:DMM Config.vi"	Path="/workspace/src/Test measurements/Dependencies/Multiple Migration Test/T4/Meas 1/DMM/DMM Config.vi" 
  ### Bad VI:    "Main T4.lvlib:Load SMU.vi"	Path="/workspace/src/Test measurements/Dependencies/Multiple Migration Test/T4/Meas 1/SMU/Load SMU.vi" 
  ### Bad VI:    "Main T4.lvlib:VIn SMU.vi"	Path="/workspace/src/Test measurements/Dependencies/Multiple Migration Test/T4/Meas 1/SMU/VIn SMU.vi" 
  ### Bad VI:    "Main T4.lvlib:Load and Vin SMU Measurement T4.vi"	Path="/workspace/src/Test measurements/Dependencies/Multiple Migration Test/T4/Meas 1/Load and Vin SMU Measurement T4.vi" 
  ### Bad VI:    "DMM T4.lvlib:Config DMM.vi"	Path="/workspace/src/Test measurements/Dependencies/Multiple Migration Test/T4/Meas 1/DMM/Config DMM.vi" 
  ### Bad VI:    "DMM T4.lvlib:Read DMM.vi"	Path="/workspace/src/Test measurements/Dependencies/Multiple Migration Test/T4/Meas 1/DMM/Read DMM.vi" 
  ### Bad VI:    "DMM T4.lvlib:DMM Config.vi"	Path="/workspace/src/Test measurements/Dependencies/Multiple Migration Test/T4/Meas 1/DMM/DMM Config.vi" 
  ### Bad VI:    "Main T4.lvlib:VIn SMU.vi"	Path="/workspace/src/Test measurements/Dependencies/Multiple Migration Test/T4/Meas 1/SMU/VIn SMU.vi" 
  ### Bad VI:    "Main T4.lvlib:NI-DCPower Pulse Voltage Sequence T4.vi"	Path="/workspace/src/Test measurements/Dependencies/Multiple Migration Test/T4/Meas 1/NI-DCPower Pulse Voltage Sequence T4.vi" 
  ### Bad VI:    "SMU T4.lvlib:Configuration.vi"	Path="/workspace/src/Test measurements/Dependencies/Multiple Migration Test/T4/Meas 2/SMU/subVIs/Configuration.vi" 
  ### Bad VI:    "SMU T4.lvlib:Read Measurement.vi"	Path="/workspace/src/Test measurements/Dependencies/Multiple Migration Test/T4/Meas 2/SMU/subVIs/Read Measurement.vi" 
  ### Bad VI:    "SMU T4.lvlib:Load Voltage Measurement T4.vi"	Path="/workspace/src/Test measurements/Dependencies/Multiple Migration Test/T4/Meas 2/Load Voltage Measurement T4.vi" 
  ### Bad VI:    "SMU T4.lvlib:Read Measurement.vi"	Path="/workspace/src/Test measurements/Dependencies/Multiple Migration Test/T4/Meas 2/SMU/subVIs/Read Measurement.vi" 
  ### Bad VI:    "SMU T4.lvlib:Configuration.vi"	Path="/workspace/src/Test measurements/Dependencies/Multiple Migration Test/T4/Meas 2/SMU/subVIs/Configuration.vi" 
  ### Bad subVI: "SMU T4.lvlib:Load Voltage Sourcing and Measuring T4.vi"	Path="/workspace/src/Test measurements/Dependencies/Multiple Migration Test/T4/Meas 2/Load Voltage Sourcing and Measuring T4.vi" 
  ### Bad VI:    "DC POwer T5.lvlib:NI-DCPower Pulse Current Sequence T5.vi"	Path="/workspace/src/Test measurements/Dependencies/Multiple Migration Test/T5/NI-DCPower Pulse Current Sequence T5.vi" 
  ### Bad VI:    "DC POwer T5.lvlib:NI-DCPower Pulse Current Sequence T5.vi"	Path="/workspace/src/Test measurements/Dependencies/Multiple Migration Test/T5/NI-DCPower Pulse Current Sequence T5.vi" 
  ### Bad VI:    "DC POwer T5.lvlib:NI-DCPower Pulse Voltage Sequence T5.vi"	Path="/workspace/src/Test measurements/Dependencies/Multiple Migration Test/T5/NI-DCPower Pulse Voltage Sequence T5.vi" 
  ### Bad VI:    "DC POwer T5.lvlib:NI-DCPower Pulse Current Sequence T5.vi"	Path="/workspace/src/Test measurements/Dependencies/Multiple Migration Test/T5/NI-DCPower Pulse Current Sequence T5.vi" 
  ### Bad VI:    "DC POwer T5.lvlib:NI-DCPower Pulse Voltage Sequence T5.vi"	Path="/workspace/src/Test measurements/Dependencies/Multiple Migration Test/T5/NI-DCPower Pulse Voltage Sequence T5.vi" 
  ### Bad VI:    "DC POwer T5.lvlib:NI-DCPower Source DC Current T5.vi"	Path="/workspace/src/Test measurements/Dependencies/Multiple Migration Test/T5/NI-DCPower Source DC Current T5.vi" 
  ### Bad VI:    "DC POwer T5.lvlib:NI-DCPower Pulse Current Sequence T5.vi"	Path="/workspace/src/Test measurements/Dependencies/Multiple Migration Test/T5/NI-DCPower Pulse Current Sequence T5.vi" 
  ### Bad VI:    "DC POwer T5.lvlib:NI-DCPower Pulse Voltage Sequence T5.vi"	Path="/workspace/src/Test measurements/Dependencies/Multiple Migration Test/T5/NI-DCPower Pulse Voltage Sequence T5.vi" 
  ### Bad VI:    "DC POwer T5.lvlib:NI-DCPower Source DC Current T5.vi"	Path="/workspace/src/Test measurements/Dependencies/Multiple Migration Test/T5/NI-DCPower Source DC Current T5.vi" 
  ### Bad VI:    "DC POwer T5.lvlib:NI-DCPower Source DC Voltage T5.vi"	Path="/workspace/src/Test measurements/Dependencies/Multiple Migration Test/T5/NI-DCPower Source DC Voltage T5.vi" 
  ### Bad VI:    "DC POwer T5.lvlib:NI-DCPower Pulse Current Sequence T5.vi"	Path="/workspace/src/Test measurements/Dependencies/Multiple Migration Test/T5/NI-DCPower Pulse Current Sequence T5.vi" 
  ### Bad VI:    "DC POwer T5.lvlib:NI-DCPower Pulse Voltage Sequence T5.vi"	Path="/workspace/src/Test measurements/Dependencies/Multiple Migration Test/T5/NI-DCPower Pulse Voltage Sequence T5.vi" 
  ### Bad VI:    "DC POwer T5.lvlib:NI-DCPower Source DC Current T5.vi"	Path="/workspace/src/Test measurements/Dependencies/Multiple Migration Test/T5/NI-DCPower Source DC Current T5.vi" 
  ### Bad VI:    "DC POwer T5.lvlib:NI-DCPower Source DC Voltage T5.vi"	Path="/workspace/src/Test measurements/Dependencies/Multiple Migration Test/T5/NI-DCPower Source DC Voltage T5.vi" 
  ### Bad VI:    "DC POwer T6.lvlib:NI-DCPower Pulse Current Sequence T6.vi"	Path="/workspace/src/Test measurements/Dependencies/Multiple Migration Test/T6/NI-DCPower Pulse Current Sequence T6.vi" 
  ### Bad VI:    "DC POwer T6.lvlib:NI-DCPower Pulse Voltage Sequence t6.vi"	Path="/workspace/src/Test measurements/Dependencies/Multiple Migration Test/T6/NI-DCPower Pulse Voltage Sequence t6.vi" 
  ### Bad VI:    "DC POwer T6.lvlib:NI-DCPower Source DC Current T6.vi"	Path="/workspace/src/Test measurements/Dependencies/Multiple Migration Test/T6/NI-DCPower Source DC Current T6.vi" 
  ### Bad VI:    "DC POwer T6.lvlib:NI-DCPower Source DC Voltage T6.vi"	Path="/workspace/src/Test measurements/Dependencies/Multiple Migration Test/T6/NI-DCPower Source DC Voltage T6.vi" 
  ### Bad VI:    "DMM T7.lvlib:Config DMM.vi"	Path="/workspace/src/Test measurements/Dependencies/Multiple Migration Test/T7/Meas 1/DMM/Config DMM.vi" 
  ### Bad VI:    "DMM T7.lvlib:DMM Config.vi"	Path="/workspace/src/Test measurements/Dependencies/Multiple Migration Test/T7/Meas 1/DMM/DMM Config.vi" 
  ### Bad VI:    "DMM T7.lvlib:Load SMU.vi"	Path="/workspace/src/Test measurements/Dependencies/Multiple Migration Test/T7/Meas 1/DMM/Load SMU.vi" 
  ### Bad VI:    "DMM T7.lvlib:Read DMM.vi"	Path="/workspace/src/Test measurements/Dependencies/Multiple Migration Test/T7/Meas 1/DMM/Read DMM.vi" 
  ### Bad VI:    "DMM T7.lvlib:Scope Read.vi"	Path="/workspace/src/Test measurements/Dependencies/Multiple Migration Test/T7/Meas 1/DMM/Scope Read.vi" 
  ### Bad VI:    "DMM T7.lvlib:VIn SMU.vi"	Path="/workspace/src/Test measurements/Dependencies/Multiple Migration Test/T7/Meas 1/DMM/VIn SMU.vi" 
  ### Bad VI:    "DMM T7.lvlib:Scope Read.vi"	Path="/workspace/src/Test measurements/Dependencies/Multiple Migration Test/T7/Meas 1/DMM/Scope Read.vi" 
  ### Bad VI:    "DMM T7.lvlib:Read DMM.vi"	Path="/workspace/src/Test measurements/Dependencies/Multiple Migration Test/T7/Meas 1/DMM/Read DMM.vi" 
  ### Bad VI:    "DMM T7.lvlib:Config DMM.vi"	Path="/workspace/src/Test measurements/Dependencies/Multiple Migration Test/T7/Meas 1/DMM/Config DMM.vi" 
  ### Bad VI:    "DMM T7.lvlib:DMM Config.vi"	Path="/workspace/src/Test measurements/Dependencies/Multiple Migration Test/T7/Meas 1/DMM/DMM Config.vi" 
  ### Bad VI:    "DMM T7.lvlib:Load SMU.vi"	Path="/workspace/src/Test measurements/Dependencies/Multiple Migration Test/T7/Meas 1/DMM/Load SMU.vi" 
  ### Bad VI:    "DMM T7.lvlib:VIn SMU.vi"	Path="/workspace/src/Test measurements/Dependencies/Multiple Migration Test/T7/Meas 1/DMM/VIn SMU.vi" 
  ### Bad VI:    "Main T7.lvlib:Load and Vin SMU Measurement T7.vi"	Path="/workspace/src/Test measurements/Dependencies/Multiple Migration Test/T7/Meas 1/Load and Vin SMU Measurement T7.vi" 
  ### Bad VI:    "DMM T7.lvlib:Read DMM.vi"	Path="/workspace/src/Test measurements/Dependencies/Multiple Migration Test/T7/Meas 1/DMM/Read DMM.vi" 
  ### Bad VI:    "DMM T7.lvlib:DMM Config.vi"	Path="/workspace/src/Test measurements/Dependencies/Multiple Migration Test/T7/Meas 1/DMM/DMM Config.vi" 
  ### Bad VI:    "DMM T7.lvlib:Scope Read.vi"	Path="/workspace/src/Test measurements/Dependencies/Multiple Migration Test/T7/Meas 1/DMM/Scope Read.vi" 
  ### Bad VI:    "DMM T7.lvlib:VIn SMU.vi"	Path="/workspace/src/Test measurements/Dependencies/Multiple Migration Test/T7/Meas 1/DMM/VIn SMU.vi" 
  ### Bad VI:    "Main T7.lvlib:NI-DCPower Pulse Voltage Sequence t7.vi"	Path="/workspace/src/Test measurements/Dependencies/Multiple Migration Test/T7/Meas 1/NI-DCPower Pulse Voltage Sequence t7.vi" 
  ### Bad VI:    "Configuration T7.lvlib:Read Measurement.vi"	Path="/workspace/src/Test measurements/Dependencies/Multiple Migration Test/T7/Meas 2/SMU/subVIs/Read Measurement.vi" 
  ### Bad VI:    "Configuration T7.lvlib:Configuration.vi"	Path="/workspace/src/Test measurements/Dependencies/Multiple Migration Test/T7/Meas 2/SMU/subVIs/Configuration.vi" 
  ### Bad VI:    "SMU T7.lvlib:Load Voltage Measurement T7.vi"	Path="/workspace/src/Test measurements/Dependencies/Multiple Migration Test/T7/Meas 2/Load Voltage Measurement T7.vi" 
  ### Bad VI:    "Configuration T7.lvlib:Read Measurement.vi"	Path="/workspace/src/Test measurements/Dependencies/Multiple Migration Test/T7/Meas 2/SMU/subVIs/Read Measurement.vi" 
  ### Bad VI:    "Configuration T7.lvlib:Configuration.vi"	Path="/workspace/src/Test measurements/Dependencies/Multiple Migration Test/T7/Meas 2/SMU/subVIs/Configuration.vi" 
  ### Bad subVI: "SMU T7.lvlib:Load Voltage Sourcing and Measuring T7.vi"	Path="/workspace/src/Test measurements/Dependencies/Multiple Migration Test/T7/Meas 2/Load Voltage Sourcing and Measuring T7.vi" 
  ### Bad VI:    "DMM T8.lvlib:Config DMM.vi"	Path="/workspace/src/Test measurements/Dependencies/Multiple Migration Test/T8/Meas 1/DMM/Config DMM.vi" 
  ### Bad VI:    "DMM T8.lvlib:DMM Config.vi"	Path="/workspace/src/Test measurements/Dependencies/Multiple Migration Test/T8/Meas 1/DMM/DMM Config.vi" 
  ### Bad VI:    "DMM T8.lvlib:Read DMM.vi"	Path="/workspace/src/Test measurements/Dependencies/Multiple Migration Test/T8/Meas 1/DMM/Read DMM.vi" 
  ### Bad VI:    "SMU T8.lvlib:Load SMU.vi"	Path="/workspace/src/Test measurements/Dependencies/Multiple Migration Test/T8/Meas 1/SMU/Load SMU.vi" 
  ### Bad VI:    "SMU T8.lvlib:Scope Read.vi"	Path="/workspace/src/Test measurements/Dependencies/Multiple Migration Test/T8/Meas 1/SMU/Scope Read.vi" 
  ### Bad VI:    "SMU T8.lvlib:VIn SMU.vi"	Path="/workspace/src/Test measurements/Dependencies/Multiple Migration Test/T8/Meas 1/SMU/VIn SMU.vi" 
  ### Bad VI:    "SMU T8.lvlib:Scope Read.vi"	Path="/workspace/src/Test measurements/Dependencies/Multiple Migration Test/T8/Meas 1/SMU/Scope Read.vi" 
  ### Bad VI:    "DMM T8.lvlib:Read DMM.vi"	Path="/workspace/src/Test measurements/Dependencies/Multiple Migration Test/T8/Meas 1/DMM/Read DMM.vi" 
  ### Bad VI:    "DMM T8.lvlib:Config DMM.vi"	Path="/workspace/src/Test measurements/Dependencies/Multiple Migration Test/T8/Meas 1/DMM/Config DMM.vi" 
  ### Bad VI:    "DMM T8.lvlib:DMM Config.vi"	Path="/workspace/src/Test measurements/Dependencies/Multiple Migration Test/T8/Meas 1/DMM/DMM Config.vi" 
  ### Bad VI:    "SMU T8.lvlib:Load SMU.vi"	Path="/workspace/src/Test measurements/Dependencies/Multiple Migration Test/T8/Meas 1/SMU/Load SMU.vi" 
  ### Bad VI:    "SMU T8.lvlib:VIn SMU.vi"	Path="/workspace/src/Test measurements/Dependencies/Multiple Migration Test/T8/Meas 1/SMU/VIn SMU.vi" 
  ### Bad VI:    "Main T8.lvlib:Load and Vin SMU Measurement T8.vi"	Path="/workspace/src/Test measurements/Dependencies/Multiple Migration Test/T8/Meas 1/Load and Vin SMU Measurement T8.vi" 
  ### Bad VI:    "DMM T8.lvlib:Config DMM.vi"	Path="/workspace/src/Test measurements/Dependencies/Multiple Migration Test/T8/Meas 1/DMM/Config DMM.vi" 
  ### Bad VI:    "DMM T8.lvlib:Read DMM.vi"	Path="/workspace/src/Test measurements/Dependencies/Multiple Migration Test/T8/Meas 1/DMM/Read DMM.vi" 
  ### Bad VI:    "DMM T8.lvlib:DMM Config.vi"	Path="/workspace/src/Test measurements/Dependencies/Multiple Migration Test/T8/Meas 1/DMM/DMM Config.vi" 
  ### Bad VI:    "SMU T8.lvlib:VIn SMU.vi"	Path="/workspace/src/Test measurements/Dependencies/Multiple Migration Test/T8/Meas 1/SMU/VIn SMU.vi" 
  ### Bad VI:    "Main T8.lvlib:NI-DCPower Pulse Voltage Sequence t8.vi"	Path="/workspace/src/Test measurements/Dependencies/Multiple Migration Test/T8/Meas 1/NI-DCPower Pulse Voltage Sequence t8.vi" 
  ### Bad VI:    "Configuration T8.lvlib:Read Measurement.vi"	Path="/workspace/src/Test measurements/Dependencies/Multiple Migration Test/T8/Meas 2/SMU/subVIs/Read Measurement.vi" 
  ### Bad VI:    "Configuration T8.lvlib:Configuration.vi"	Path="/workspace/src/Test measurements/Dependencies/Multiple Migration Test/T8/Meas 2/SMU/subVIs/Configuration.vi" 
  ### Bad VI:    "SMU T8.lvlib:Load Voltage Measurement T8.vi"	Path="/workspace/src/Test measurements/Dependencies/Multiple Migration Test/T8/Meas 2/Load Voltage Measurement T8.vi" 
  ### Bad VI:    "Configuration T8.lvlib:Read Measurement.vi"	Path="/workspace/src/Test measurements/Dependencies/Multiple Migration Test/T8/Meas 2/SMU/subVIs/Read Measurement.vi" 
  ### Bad VI:    "Configuration T8.lvlib:Configuration.vi"	Path="/workspace/src/Test measurements/Dependencies/Multiple Migration Test/T8/Meas 2/SMU/subVIs/Configuration.vi" 
  ### Bad subVI: "SMU T8.lvlib:Load Voltage Sourcing and Measuring T8.vi"	Path="/workspace/src/Test measurements/Dependencies/Multiple Migration Test/T8/Meas 2/Load Voltage Sourcing and Measuring T8.vi" 
  ### Bad VI:    "DC POwer T9.lvlib:Sine Wave Generator.vi"	Path="/workspace/src/Test measurements/Dependencies/Multiple Migration Test/T9/Meas 1/subVIs/Sine Wave Generator.vi" 
  ### Bad VI:    "DC POwer T9.lvlib:Square Wave Generator.vi"	Path="/workspace/src/Test measurements/Dependencies/Multiple Migration Test/T9/Meas 1/subVIs/Square Wave Generator.vi" 
  ### Bad VI:    "DC POwer T9.lvlib:NI-DCPower Pulse Current Sequence T9.vi"	Path="/workspace/src/Test measurements/Dependencies/Multiple Migration Test/T9/Meas 1/NI-DCPower Pulse Current Sequence T9.vi" 
  ### Bad VI:    "DC POwer T9.lvlib:NI-DCPower Pulse Voltage Sequence t9.vi"	Path="/workspace/src/Test measurements/Dependencies/Multiple Migration Test/T9/Meas 1/NI-DCPower Pulse Voltage Sequence t9.vi" 
  ### Bad VI:    "DC POwer T9.lvlib:NI-DCPower Source DC Current T9.vi"	Path="/workspace/src/Test measurements/Dependencies/Multiple Migration Test/T9/Meas 1/NI-DCPower Source DC Current T9.vi" 
  ### Bad VI:    "DC POwer T9.lvlib:NI-DCPower Source DC Voltage T9.vi"	Path="/workspace/src/Test measurements/Dependencies/Multiple Migration Test/T9/Meas 1/NI-DCPower Source DC Voltage T9.vi" 
  ### Bad VI:    "Waveform Generator T9.lvlib:I2C Generator.vi"	Path="/workspace/src/Test measurements/Dependencies/Multiple Migration Test/T9/Meas 1/subVIs/I2C Generator.vi" 
  ### Bad VI:    "Waveform Generator T9.lvlib:I3C Generator.vi"	Path="/workspace/src/Test measurements/Dependencies/Multiple Migration Test/T9/Meas 1/subVIs/I3C Generator.vi" 
  ### Bad VI:    "Waveform Generator T9.lvlib:I3C Generator.vi"	Path="/workspace/src/Test measurements/Dependencies/Multiple Migration Test/T9/Meas 1/subVIs/I3C Generator.vi" 
  ### Bad VI:    "Waveform Generator T9.lvlib:I2C Generator.vi"	Path="/workspace/src/Test measurements/Dependencies/Multiple Migration Test/T9/Meas 1/subVIs/I2C Generator.vi" 
  ### Bad VI:    "DC POwer T9.lvlib:Square Wave Generator.vi"	Path="/workspace/src/Test measurements/Dependencies/Multiple Migration Test/T9/Meas 1/subVIs/Square Wave Generator.vi" 
  ### Bad VI:    "DC POwer T9.lvlib:Sine Wave Generator.vi"	Path="/workspace/src/Test measurements/Dependencies/Multiple Migration Test/T9/Meas 1/subVIs/Sine Wave Generator.vi" 
  ### Bad subVI: "Waveform Generator T9.lvlib:Two Fgen Module T9.vi"	Path="/workspace/src/Test measurements/Dependencies/Multiple Migration Test/T9/Meas 1/Two Fgen Module T9.vi" 
  ### Bad VI:    "DMM t9.lvlib:Load Voltage Measurement T9.vi"	Path="/workspace/src/Test measurements/Dependencies/Multiple Migration Test/T9/Meas 2/Load Voltage Measurement T9.vi" 
  ### Bad VI:    "SMU T9.lvlib:Configuration.vi"	Path="/workspace/src/Test measurements/Dependencies/Multiple Migration Test/T9/Meas 2/SMU/subVIs/Configuration.vi" 
  ### Bad VI:    "SMU T9.lvlib:Read Measurement.vi"	Path="/workspace/src/Test measurements/Dependencies/Multiple Migration Test/T9/Meas 2/SMU/subVIs/Read Measurement.vi" 
  ### Bad VI:    "SMU T9.lvlib:Read Measurement.vi"	Path="/workspace/src/Test measurements/Dependencies/Multiple Migration Test/T9/Meas 2/SMU/subVIs/Read Measurement.vi" 
  ### Bad VI:    "SMU T9.lvlib:Configuration.vi"	Path="/workspace/src/Test measurements/Dependencies/Multiple Migration Test/T9/Meas 2/SMU/subVIs/Configuration.vi" 
  ### Bad subVI: "SMU T9.lvlib:Load Voltage Sourcing and Measuring T9.vi"	Path="/workspace/src/Test measurements/Dependencies/Multiple Migration Test/T9/Meas 2/Load Voltage Sourcing and Measuring T9.vi" 
  ### Bad VI:    "DMM.lvlib:Load Voltage Measurement.vi"	Path="/workspace/src/Test measurements/Dependencies/Multiple Migration Test/Voltage Measurement/Load Voltage Measurement.vi" 
  ### Bad VI:    "SMU.lvlib:Configuration.vi"	Path="/workspace/src/Test measurements/Dependencies/Multiple Migration Test/Voltage Measurement/SMU/subVIs/Configuration.vi" 
  ### Bad VI:    "SMU.lvlib:Read Measurement.vi"	Path="/workspace/src/Test measurements/Dependencies/Multiple Migration Test/Voltage Measurement/SMU/subVIs/Read Measurement.vi" 
  ### Bad VI:    "SMU.lvlib:Read Measurement.vi"	Path="/workspace/src/Test measurements/Dependencies/Multiple Migration Test/Voltage Measurement/SMU/subVIs/Read Measurement.vi" 
  ### Bad VI:    "SMU.lvlib:Configuration.vi"	Path="/workspace/src/Test measurements/Dependencies/Multiple Migration Test/Voltage Measurement/SMU/subVIs/Configuration.vi" 
  ### Bad subVI: "SMU.lvlib:Load Voltage Sourcing and Measuring.vi"	Path="/workspace/src/Test measurements/Dependencies/Multiple Migration Test/Voltage Measurement/Load Voltage Sourcing and Measuring.vi" 
  ### Bad VI:    "DMM.lvlib:DMM Measurement.vi"	Path="/workspace/src/Test measurements/Dependencies/NI SMU + DMM/DMM/DMM Measurement.vi" 
  ### Bad VI:    "SMU.lvlib:Configuration.vi"	Path="/workspace/src/Test measurements/Dependencies/NI SMU + DMM/SMU/subVIs/Configuration.vi" 
  ### Bad VI:    "SMU.lvlib:Read Measurement.vi"	Path="/workspace/src/Test measurements/Dependencies/NI SMU + DMM/SMU/subVIs/Read Measurement.vi" 
  ### Bad VI:    "SMU.lvlib:Read Measurement.vi"	Path="/workspace/src/Test measurements/Dependencies/NI SMU + DMM/SMU/subVIs/Read Measurement.vi" 
  ### Bad VI:    "SMU.lvlib:Configuration.vi"	Path="/workspace/src/Test measurements/Dependencies/NI SMU + DMM/SMU/subVIs/Configuration.vi" 
  ### Bad subVI: "SMU.lvlib:NI-DCPower Source DC Voltage.vi"	Path="/workspace/src/Test measurements/Dependencies/NI SMU + DMM/SMU/NI-DCPower Source DC Voltage.vi" 
  ### Bad VI:    "DMM.lvlib:DMM Measurement.vi"	Path="/workspace/src/Test measurements/Dependencies/NI SMU + DMM/DMM/DMM Measurement.vi" 
  ### Bad VI:    "SMU.lvlib:Read Measurement.vi"	Path="/workspace/src/Test measurements/Dependencies/NI SMU + DMM/SMU/subVIs/Read Measurement.vi" 
  ### Bad VI:    "SMU.lvlib:Configuration.vi"	Path="/workspace/src/Test measurements/Dependencies/NI SMU + DMM/SMU/subVIs/Configuration.vi" 
  ### Bad subVI: "SMU.lvlib:NI-DCPower Source DC Voltage.vi"	Path="/workspace/src/Test measurements/Dependencies/NI SMU + DMM/SMU/NI-DCPower Source DC Voltage.vi" 
  ### Bad VI:    "Main.lvlib:Voltage Measurement.vi"	Path="/workspace/src/Test measurements/Dependencies/NI SMU + DMM/Voltage Measurement.vi" 
  ### Bad VI:    "LDO Line Transient.lvlib:Adv Settings Setup Instr.ctl"	Path="/workspace/src/Test measurements/Dependencies/Tabs/LDO Line Transient/Typedefs/Adv Settings Setup Instr.ctl" 
  ### Bad VI:    "LDO Line Transient.lvlib:Adv Settings Setup Instr.ctl"	Path="/workspace/src/Test measurements/Dependencies/Tabs/LDO Line Transient/Typedefs/Adv Settings Setup Instr.ctl" 
  ### Bad VI:    "LDO Line Transient.lvlib:Advance Settings.ctl"	Path="/workspace/src/Test measurements/Dependencies/Tabs/LDO Line Transient/Typedefs/Advance Settings.ctl" 
  ### Bad VI:    "LDO Line Transient.lvlib:Adv Settings Setup Instr.ctl"	Path="/workspace/src/Test measurements/Dependencies/Tabs/LDO Line Transient/Typedefs/Adv Settings Setup Instr.ctl" 
  ### Bad VI:    "LDO Line Transient.lvlib:Advance Settings.ctl"	Path="/workspace/src/Test measurements/Dependencies/Tabs/LDO Line Transient/Typedefs/Advance Settings.ctl" 
  ### Bad VI:    "LDO Line Transient.lvlib:Test Inputs.ctl"	Path="/workspace/src/Test measurements/Dependencies/Tabs/LDO Line Transient/Typedefs/Test Inputs.ctl" 
  ### Bad VI:    "LDO Line Transient.lvlib:Adv Settings Setup Instr.ctl"	Path="/workspace/src/Test measurements/Dependencies/Tabs/LDO Line Transient/Typedefs/Adv Settings Setup Instr.ctl" 
  ### Bad VI:    "LDO Line Transient.lvlib:Advance Settings.ctl"	Path="/workspace/src/Test measurements/Dependencies/Tabs/LDO Line Transient/Typedefs/Advance Settings.ctl" 
  ### Bad VI:    "LDO Line Transient.lvlib:Test Inputs.ctl"	Path="/workspace/src/Test measurements/Dependencies/Tabs/LDO Line Transient/Typedefs/Test Inputs.ctl" 
  ### Bad VI:    "LDO Line Transient.lvlib:Log Data.vi"	Path="/workspace/src/Test measurements/Dependencies/Tabs/LDO Line Transient/SubVIs/Log Data.vi" 
  ### Bad VI:    "LDO Line Transient.lvlib:Adv Settings Setup Instr.ctl"	Path="/workspace/src/Test measurements/Dependencies/Tabs/LDO Line Transient/Typedefs/Adv Settings Setup Instr.ctl" 
  ### Bad VI:    "LDO Line Transient.lvlib:Advance Settings.ctl"	Path="/workspace/src/Test measurements/Dependencies/Tabs/LDO Line Transient/Typedefs/Advance Settings.ctl" 
  ### Bad VI:    "LDO Line Transient.lvlib:Advance Settings UI.vi"	Path="/workspace/src/Test measurements/Dependencies/Tabs/LDO Line Transient/SubVIs/Advance Settings UI.vi" 
Search failed to find "Two Plot Graph Auto Scale.vi" previously from "/workspace/src/Test measurements/Dependencies/Reusables/UI/Graph/Two Plot Graph Auto Scale.vi"  +=+   Caller: "LDO Line Transient.lvlib:main.vi"
Search failed to find "CalculateSettlingTime.vi" previously from "/workspace/src/Test measurements/Dependencies/Reusables/Calculation/CalculateSettlingTime.vi"  +=+   Caller: "LDO Line Transient.lvlib:main.vi"
Search failed to find "niScope scalar measurement.ctl" previously from "/<instrlib>/niScope/Controls/niScope scalar measurement.ctl"  +=+   Caller: "LDO Line Transient.lvlib:main.vi"
Search failed to find "niScope Fetch Measurement.vi" previously from "/<instrlib>/niScope/Measurements/niScope Fetch Measurement.vi"  +=+   Caller: "LDO Line Transient.lvlib:main.vi"
Search failed to find "niScope Fetch Measurement (poly).vi" previously from "/<instrlib>/niScope/Measurements/niScope Fetch Measurement (poly).vi"  +=+   Caller: "LDO Line Transient.lvlib:main.vi"
Search failed to find "niScope Abort.vi" previously from "/<instrlib>/niScope/Acquire/Fetch/niScope Abort.vi"  +=+   Caller: "LDO Line Transient.lvlib:main.vi"
Search failed to find "Progress Monitor Option.ctl" previously from "/workspace/src/Test measurements/Dependencies/Reusables/UI/Progress Monitor/Progress Monitor Option.ctl"  +=+   Caller: "LDO Line Transient.lvlib:main.vi"
Search failed to find "Progress Monitor.vi" previously from "/workspace/src/Test measurements/Dependencies/Reusables/UI/Progress Monitor/Progress Monitor.vi"  +=+   Caller: "LDO Line Transient.lvlib:main.vi"
Search failed to find "niScope Multi Fetch Cluster.vi" previously from "/<instrlib>/niScope/Acquire/Fetch/niScope Multi Fetch Cluster.vi"  +=+   Caller: "LDO Line Transient.lvlib:main.vi"
Search failed to find "niScope Fetch (poly).vi" previously from "/<instrlib>/niScope/Acquire/Fetch/niScope Fetch (poly).vi"  +=+   Caller: "LDO Line Transient.lvlib:main.vi"
Search failed to find "niScope Initiate Acquisition.vi" previously from "/<instrlib>/niScope/Acquire/Fetch/niScope Initiate Acquisition.vi"  +=+   Caller: "LDO Line Transient.lvlib:main.vi"
Search failed to find "niDCPower Commit With Channels.vi" previously from "/<instrlib>/niDCPower/nidcpower.llb/niDCPower Commit With Channels.vi"  +=+   Caller: "LDO Line Transient.lvlib:main.vi"
Search failed to find "niDCPower Wait For Event With Channels.vi" previously from "/<instrlib>/niDCPower/nidcpower.llb/niDCPower Wait For Event With Channels.vi"  +=+   Caller: "LDO Line Transient.lvlib:main.vi"
Search failed to find "niDCPower Configure Source Mode With Channels.vi" previously from "/<instrlib>/niDCPower/nidcpower.llb/niDCPower Configure Source Mode With Channels.vi"  +=+   Caller: "LDO Line Transient.lvlib:main.vi"
  ### Bad VI:    "LDO Line Transient.lvlib:Adv Settings Setup Instr.ctl"	Path="/workspace/src/Test measurements/Dependencies/Tabs/LDO Line Transient/Typedefs/Adv Settings Setup Instr.ctl" 
  ### Bad VI:    "LDO Line Transient.lvlib:Advance Settings.ctl"	Path="/workspace/src/Test measurements/Dependencies/Tabs/LDO Line Transient/Typedefs/Advance Settings.ctl" 
  ### Bad VI:    "LDO Line Transient.lvlib:Test Inputs.ctl"	Path="/workspace/src/Test measurements/Dependencies/Tabs/LDO Line Transient/Typedefs/Test Inputs.ctl" 
  ### Bad VI:    "LDO Line Transient.lvlib:Advance Settings UI.vi"	Path="/workspace/src/Test measurements/Dependencies/Tabs/LDO Line Transient/SubVIs/Advance Settings UI.vi" 
  ### Bad VI:    "LDO Line Transient.lvlib:Log Data.vi"	Path="/workspace/src/Test measurements/Dependencies/Tabs/LDO Line Transient/SubVIs/Log Data.vi" 
  ### Bad VI:    "LDO Line Transient.lvlib:main.vi"	Path="/workspace/src/Test measurements/Dependencies/Tabs/LDO Line Transient/main.vi" 
  ### Bad VI:    "LDO Line Transient.lvlib:Helper.vi"	Path="/workspace/src/Test measurements/Dependencies/Tabs/LDO Line Transient/Helper.vi" 
Search failed to find "niScope trigger source digital.ctl" previously from "/<instrlib>/niScope/Controls/niScope trigger source digital.ctl"  +=+   Caller: "LDO Line Transient - Flat.vi"
Search failed to find "niScope vertical coupling.ctl" previously from "/<instrlib>/niScope/Controls/niScope vertical coupling.ctl"  +=+   Caller: "LDO Line Transient - Flat.vi"
Search failed to find "niScope Configure Trigger Digital.vi" previously from "/<instrlib>/niScope/Configure/Trigger/niScope Configure Trigger Digital.vi"  +=+   Caller: "LDO Line Transient - Flat.vi"
Search failed to find "niScope Close.vi" previously from "/<instrlib>/niScope/niScope Close.vi"  +=+   Caller: "LDO Line Transient - Flat.vi"
Search failed to find "niScope trigger slope.ctl" previously from "/<instrlib>/niScope/Controls/niScope trigger slope.ctl"  +=+   Caller: "LDO Line Transient - Flat.vi"
Search failed to find "niScope Configure Trigger (poly).vi" previously from "/<instrlib>/niScope/Configure/Trigger/niScope Configure Trigger (poly).vi"  +=+   Caller: "LDO Line Transient - Flat.vi"
Search failed to find "niDCPower Export Signal - Signal.ctl" previously from "/<instrlib>/niDCPower/nidcpower.llb/niDCPower Export Signal - Signal.ctl"  +=+   Caller: "LDO Line Transient - Flat.vi"
Search failed to find "niDCPower Export Signal With Channels.vi" previously from "/<instrlib>/niDCPower/nidcpower.llb/niDCPower Export Signal With Channels.vi"  +=+   Caller: "LDO Line Transient - Flat.vi"
Search failed to find "niScope Configure Horizontal Timing.vi" previously from "/<instrlib>/niScope/Configure/Horizontal/niScope Configure Horizontal Timing.vi"  +=+   Caller: "LDO Line Transient - Flat.vi"
Search failed to find "niScope Initialize With Options.vi" previously from "/<instrlib>/niScope/niScope Initialize With Options.vi"  +=+   Caller: "LDO Line Transient - Flat.vi"
  ### Bad VI:    "LDO Line Transient - Flat.vi"	Path="/workspace/src/Test measurements/Dependencies/Tabs/LDO Line Transient/LDO Line Transient - Flat.vi" 
  ### Bad VI:    "LDO Line Transient v2 - Flat.vi"	Path="/workspace/src/Test measurements/Dependencies/Tabs/LDO Line Transient/LDO Line Transient v2 - Flat.vi" 
  ### Bad VI:    "NIDmm.vi"	Path="/workspace/src/Test measurements/Dependencies/Testcase Scenario/T1/Load SMU Meas Folder/NIDMM/NIDmm.vi" 
  ### Bad VI:    "NIDCPower.lvlib:DC Power.vi"	Path="/workspace/src/Test measurements/Dependencies/Testcase Scenario/T1/Load SMU Meas Folder/NIDCpower/DC Power.vi" 
  ### Bad VI:    "NIDmm.vi"	Path="/workspace/src/Test measurements/Dependencies/Testcase Scenario/T1/Load SMU Meas Folder/NIDMM/NIDmm.vi" 
  ### Bad VI:    "NIDCPower.lvlib:DC Power.vi"	Path="/workspace/src/Test measurements/Dependencies/Testcase Scenario/T1/Load SMU Meas Folder/NIDCpower/DC Power.vi" 
  ### Bad subVI: "Different Library.lvlib:Source and Measure Current in DMM.vi"	Path="/workspace/src/Test measurements/Dependencies/Testcase Scenario/T1/Load SMU Meas Folder/Source and Measure Current in DMM.vi" 
  ### Bad VI:    "DCPower.lvlib:Load SMU.vi"	Path="/workspace/src/Test measurements/Dependencies/Testcase Scenario/T10/subVIs/Load SMU.vi" 
  ### Bad VI:    "DCPower.lvlib:Scope Read.vi"	Path="/workspace/src/Test measurements/Dependencies/Testcase Scenario/T10/subVIs/Scope Read.vi" 
  ### Bad VI:    "DCPower.lvlib:VIn SMU.vi"	Path="/workspace/src/Test measurements/Dependencies/Testcase Scenario/T10/subVIs/VIn SMU.vi" 
  ### Bad VI:    "DMM.lvlib:Config DMM.vi"	Path="/workspace/src/Test measurements/Dependencies/Testcase Scenario/T10/DMM/Config DMM.vi" 
  ### Bad VI:    "DMM.lvlib:DMM Config.vi"	Path="/workspace/src/Test measurements/Dependencies/Testcase Scenario/T10/DMM/DMM Config.vi" 
  ### Bad VI:    "DMM.lvlib:Read DMM.vi"	Path="/workspace/src/Test measurements/Dependencies/Testcase Scenario/T10/DMM/Read DMM.vi" 
  ### Bad VI:    "DCPower.lvlib:Scope Read.vi"	Path="/workspace/src/Test measurements/Dependencies/Testcase Scenario/T10/subVIs/Scope Read.vi" 
  ### Bad VI:    "DMM.lvlib:Read DMM.vi"	Path="/workspace/src/Test measurements/Dependencies/Testcase Scenario/T10/DMM/Read DMM.vi" 
  ### Bad VI:    "DMM.lvlib:Config DMM.vi"	Path="/workspace/src/Test measurements/Dependencies/Testcase Scenario/T10/DMM/Config DMM.vi" 
  ### Bad VI:    "DMM.lvlib:DMM Config.vi"	Path="/workspace/src/Test measurements/Dependencies/Testcase Scenario/T10/DMM/DMM Config.vi" 
  ### Bad VI:    "DCPower.lvlib:Load SMU.vi"	Path="/workspace/src/Test measurements/Dependencies/Testcase Scenario/T10/subVIs/Load SMU.vi" 
  ### Bad VI:    "DCPower.lvlib:VIn SMU.vi"	Path="/workspace/src/Test measurements/Dependencies/Testcase Scenario/T10/subVIs/VIn SMU.vi" 
  ### Bad VI:    "Load and Vin SMU Measurement.vi"	Path="/workspace/src/Test measurements/Dependencies/Testcase Scenario/T10/Load and Vin SMU Measurement.vi" 
  ### Bad VI:    "Config DMM.vi"	Path="/workspace/src/Test measurements/Dependencies/Testcase Scenario/T11/First/subVIs/Config DMM.vi" 
  ### Bad VI:    "DMM Config.vi"	Path="/workspace/src/Test measurements/Dependencies/Testcase Scenario/T11/First/subVIs/DMM Config.vi" 
  ### Bad VI:    "Load SMU.vi"	Path="/workspace/src/Test measurements/Dependencies/Testcase Scenario/T11/First/subVIs/Load SMU.vi" 
  ### Bad VI:    "Read DMM.vi"	Path="/workspace/src/Test measurements/Dependencies/Testcase Scenario/T11/First/subVIs/Read DMM.vi" 
  ### Bad VI:    "Scope Read.vi"	Path="/workspace/src/Test measurements/Dependencies/Testcase Scenario/T11/First/subVIs/Scope Read.vi" 
  ### Bad VI:    "VIn SMU.vi"	Path="/workspace/src/Test measurements/Dependencies/Testcase Scenario/T11/First/subVIs/VIn SMU.vi" 
  ### Bad VI:    "Scope Read.vi"	Path="/workspace/src/Test measurements/Dependencies/Testcase Scenario/T11/First/subVIs/Scope Read.vi" 
  ### Bad VI:    "Read DMM.vi"	Path="/workspace/src/Test measurements/Dependencies/Testcase Scenario/T11/First/subVIs/Read DMM.vi" 
  ### Bad VI:    "Config DMM.vi"	Path="/workspace/src/Test measurements/Dependencies/Testcase Scenario/T11/First/subVIs/Config DMM.vi" 
  ### Bad VI:    "DMM Config.vi"	Path="/workspace/src/Test measurements/Dependencies/Testcase Scenario/T11/First/subVIs/DMM Config.vi" 
  ### Bad VI:    "Load SMU.vi"	Path="/workspace/src/Test measurements/Dependencies/Testcase Scenario/T11/First/subVIs/Load SMU.vi" 
  ### Bad VI:    "VIn SMU.vi"	Path="/workspace/src/Test measurements/Dependencies/Testcase Scenario/T11/First/subVIs/VIn SMU.vi" 
  ### Bad VI:    "Voltage Measurement.vi"	Path="/workspace/src/Test measurements/Dependencies/Testcase Scenario/T11/First/Voltage Measurement.vi" 
  ### Bad VI:    "NI-DCPower Pulse Current Sequence.vi"	Path="/workspace/src/Test measurements/Dependencies/Testcase Scenario/T12/NI-DCPower Pulse Current Sequence.vi" 
  ### Bad VI:    "NI-DCPower Pulse Voltage Sequence.vi"	Path="/workspace/src/Test measurements/Dependencies/Testcase Scenario/T12/NI-DCPower Pulse Voltage Sequence.vi" 
  ### Bad VI:    "NI-DCPower Source DC Current.vi"	Path="/workspace/src/Test measurements/Dependencies/Testcase Scenario/T12/NI-DCPower Source DC Current.vi" 
  ### Bad VI:    "NI-DCPower Source DC Voltage.vi"	Path="/workspace/src/Test measurements/Dependencies/Testcase Scenario/T12/NI-DCPower Source DC Voltage.vi" 
  ### Bad VI:    "Main.lvlib:Load SMU.vi"	Path="/workspace/src/Test measurements/Dependencies/Testcase Scenario/T2/Different Libraries/Main/subVIs/Load SMU.vi" 
  ### Bad VI:    "Main.lvlib:Scope Read.vi"	Path="/workspace/src/Test measurements/Dependencies/Testcase Scenario/T2/Different Libraries/Main/subVIs/Scope Read.vi" 
  ### Bad VI:    "Main.lvlib:VIn SMU.vi"	Path="/workspace/src/Test measurements/Dependencies/Testcase Scenario/T2/Different Libraries/Main/subVIs/VIn SMU.vi" 
  ### Bad VI:    "Main.lvlib:Scope Read.vi"	Path="/workspace/src/Test measurements/Dependencies/Testcase Scenario/T2/Different Libraries/Main/subVIs/Scope Read.vi" 
  ### Bad VI:    "DMM.lvlib:Read DMM.vi"	Path="/workspace/src/Test measurements/Dependencies/Testcase Scenario/T2/Different Libraries/subVIs/Read DMM.vi" 
  ### Bad VI:    "DMM.lvlib:Config DMM.vi"	Path="/workspace/src/Test measurements/Dependencies/Testcase Scenario/T2/Different Libraries/subVIs/Config DMM.vi" 
  ### Bad VI:    "DMM.lvlib:DMM Config.vi"	Path="/workspace/src/Test measurements/Dependencies/Testcase Scenario/T2/Different Libraries/subVIs/DMM Config.vi" 
  ### Bad VI:    "Main.lvlib:Load SMU.vi"	Path="/workspace/src/Test measurements/Dependencies/Testcase Scenario/T2/Different Libraries/Main/subVIs/Load SMU.vi" 
  ### Bad VI:    "Main.lvlib:VIn SMU.vi"	Path="/workspace/src/Test measurements/Dependencies/Testcase Scenario/T2/Different Libraries/Main/subVIs/VIn SMU.vi" 
  ### Bad VI:    "Main.lvlib:Load and Vin SMU Measurement.vi"	Path="/workspace/src/Test measurements/Dependencies/Testcase Scenario/T2/Different Libraries/Main/Load and Vin SMU Measurement.vi" 
  ### Bad VI:    "Config DMM.vi"	Path="/workspace/src/Test measurements/Dependencies/Testcase Scenario/T3/subVIs/Config DMM.vi" 
  ### Bad VI:    "DMM Config.vi"	Path="/workspace/src/Test measurements/Dependencies/Testcase Scenario/T3/subVIs/DMM Config.vi" 
  ### Bad VI:    "Read DMM.vi"	Path="/workspace/src/Test measurements/Dependencies/Testcase Scenario/T3/subVIs/Read DMM.vi" 
  ### Bad VI:    "Main.lvlib:Load SMU.vi"	Path="/workspace/src/Test measurements/Dependencies/Testcase Scenario/T3/subVIs/Load SMU.vi" 
  ### Bad VI:    "Main.lvlib:Scope Read.vi"	Path="/workspace/src/Test measurements/Dependencies/Testcase Scenario/T3/subVIs/Scope Read.vi" 
  ### Bad VI:    "Main.lvlib:VIn SMU.vi"	Path="/workspace/src/Test measurements/Dependencies/Testcase Scenario/T3/subVIs/VIn SMU.vi" 
  ### Bad VI:    "Main.lvlib:Scope Read.vi"	Path="/workspace/src/Test measurements/Dependencies/Testcase Scenario/T3/subVIs/Scope Read.vi" 
  ### Bad VI:    "Read DMM.vi"	Path="/workspace/src/Test measurements/Dependencies/Testcase Scenario/T3/subVIs/Read DMM.vi" 
  ### Bad VI:    "Config DMM.vi"	Path="/workspace/src/Test measurements/Dependencies/Testcase Scenario/T3/subVIs/Config DMM.vi" 
  ### Bad VI:    "DMM Config.vi"	Path="/workspace/src/Test measurements/Dependencies/Testcase Scenario/T3/subVIs/DMM Config.vi" 
  ### Bad VI:    "Main.lvlib:Load SMU.vi"	Path="/workspace/src/Test measurements/Dependencies/Testcase Scenario/T3/subVIs/Load SMU.vi" 
  ### Bad VI:    "Main.lvlib:VIn SMU.vi"	Path="/workspace/src/Test measurements/Dependencies/Testcase Scenario/T3/subVIs/VIn SMU.vi" 
  ### Bad VI:    "Main.lvlib:Load and Vin SMU Measurement.vi"	Path="/workspace/src/Test measurements/Dependencies/Testcase Scenario/T3/Load and Vin SMU Measurement.vi" 
  ### Bad VI:    "Waveform Generator.lvlib:I2C Generator.vi"	Path="/workspace/src/Test measurements/Dependencies/Testcase Scenario/T4/subVIs/I2C Generator.vi" 
  ### Bad VI:    "Waveform Generator.lvlib:I3C Generator.vi"	Path="/workspace/src/Test measurements/Dependencies/Testcase Scenario/T4/subVIs/I3C Generator.vi" 
  ### Bad VI:    "Waveform Generator.lvlib:I3C Generator.vi"	Path="/workspace/src/Test measurements/Dependencies/Testcase Scenario/T4/subVIs/I3C Generator.vi" 
  ### Bad VI:    "Waveform Generator.lvlib:I2C Generator.vi"	Path="/workspace/src/Test measurements/Dependencies/Testcase Scenario/T4/subVIs/I2C Generator.vi" 
  ### Bad VI:    "Square Wave Generator.vi"	Path="/workspace/src/Test measurements/Dependencies/Testcase Scenario/T4/subVIs/Square Wave Generator.vi" 
  ### Bad VI:    "Sine Wave Generator.vi"	Path="/workspace/src/Test measurements/Dependencies/Testcase Scenario/T4/subVIs/Sine Wave Generator.vi" 
  ### Bad subVI: "Waveform Generator.lvlib:Two Fgen Module.vi"	Path="/workspace/src/Test measurements/Dependencies/Testcase Scenario/T4/Two Fgen Module.vi" 
  ### Bad VI:    "DMM.lvlib:Config DMM.vi"	Path="/workspace/src/Test measurements/Dependencies/Testcase Scenario/T5/DMM/Config DMM.vi" 
  ### Bad VI:    "DMM.lvlib:DMM Config.vi"	Path="/workspace/src/Test measurements/Dependencies/Testcase Scenario/T5/DMM/DMM Config.vi" 
  ### Bad VI:    "DMM.lvlib:Read DMM.vi"	Path="/workspace/src/Test measurements/Dependencies/Testcase Scenario/T5/DMM/Read DMM.vi" 
  ### Bad VI:    "SMU.lvlib:Load SMU.vi"	Path="/workspace/src/Test measurements/Dependencies/Testcase Scenario/T5/SMU/Load SMU.vi" 
  ### Bad VI:    "SMU.lvlib:Scope Read.vi"	Path="/workspace/src/Test measurements/Dependencies/Testcase Scenario/T5/SMU/Scope Read.vi" 
  ### Bad VI:    "SMU.lvlib:VIn SMU.vi"	Path="/workspace/src/Test measurements/Dependencies/Testcase Scenario/T5/SMU/VIn SMU.vi" 
  ### Bad VI:    "SMU.lvlib:Scope Read.vi"	Path="/workspace/src/Test measurements/Dependencies/Testcase Scenario/T5/SMU/Scope Read.vi" 
  ### Bad VI:    "DMM.lvlib:Read DMM.vi"	Path="/workspace/src/Test measurements/Dependencies/Testcase Scenario/T5/DMM/Read DMM.vi" 
  ### Bad VI:    "DMM.lvlib:Config DMM.vi"	Path="/workspace/src/Test measurements/Dependencies/Testcase Scenario/T5/DMM/Config DMM.vi" 
  ### Bad VI:    "DMM.lvlib:DMM Config.vi"	Path="/workspace/src/Test measurements/Dependencies/Testcase Scenario/T5/DMM/DMM Config.vi" 
  ### Bad VI:    "SMU.lvlib:Load SMU.vi"	Path="/workspace/src/Test measurements/Dependencies/Testcase Scenario/T5/SMU/Load SMU.vi" 
  ### Bad VI:    "SMU.lvlib:VIn SMU.vi"	Path="/workspace/src/Test measurements/Dependencies/Testcase Scenario/T5/SMU/VIn SMU.vi" 
  ### Bad VI:    "Main.lvlib:Load and Vin SMU Measurement.vi"	Path="/workspace/src/Test measurements/Dependencies/Testcase Scenario/T5/Load and Vin SMU Measurement.vi" 
  ### Bad VI:    "DMM.lvlib:Config DMM.vi"	Path="/workspace/src/Test measurements/Dependencies/Testcase Scenario/T6/DMM/Config DMM.vi" 
  ### Bad VI:    "DMM.lvlib:DMM Config.vi"	Path="/workspace/src/Test measurements/Dependencies/Testcase Scenario/T6/DMM/DMM Config.vi" 
  ### Bad VI:    "DMM.lvlib:Read DMM.vi"	Path="/workspace/src/Test measurements/Dependencies/Testcase Scenario/T6/DMM/Read DMM.vi" 
  ### Bad VI:    "SMU.lvlib:Load SMU.vi"	Path="/workspace/src/Test measurements/Dependencies/Testcase Scenario/T6/subVIs/Load SMU.vi" 
  ### Bad VI:    "SMU.lvlib:Scope Read.vi"	Path="/workspace/src/Test measurements/Dependencies/Testcase Scenario/T6/subVIs/Scope Read.vi" 
  ### Bad VI:    "SMU.lvlib:VIn SMU.vi"	Path="/workspace/src/Test measurements/Dependencies/Testcase Scenario/T6/subVIs/VIn SMU.vi" 
  ### Bad VI:    "SMU.lvlib:Scope Read.vi"	Path="/workspace/src/Test measurements/Dependencies/Testcase Scenario/T6/subVIs/Scope Read.vi" 
  ### Bad VI:    "DMM.lvlib:Read DMM.vi"	Path="/workspace/src/Test measurements/Dependencies/Testcase Scenario/T6/DMM/Read DMM.vi" 
  ### Bad VI:    "DMM.lvlib:Config DMM.vi"	Path="/workspace/src/Test measurements/Dependencies/Testcase Scenario/T6/DMM/Config DMM.vi" 
  ### Bad VI:    "DMM.lvlib:DMM Config.vi"	Path="/workspace/src/Test measurements/Dependencies/Testcase Scenario/T6/DMM/DMM Config.vi" 
  ### Bad VI:    "SMU.lvlib:Load SMU.vi"	Path="/workspace/src/Test measurements/Dependencies/Testcase Scenario/T6/subVIs/Load SMU.vi" 
  ### Bad VI:    "SMU.lvlib:VIn SMU.vi"	Path="/workspace/src/Test measurements/Dependencies/Testcase Scenario/T6/subVIs/VIn SMU.vi" 
  ### Bad VI:    "Main.lvlib:Load and Vin SMU Measurement.vi"	Path="/workspace/src/Test measurements/Dependencies/Testcase Scenario/T6/Load and Vin SMU Measurement.vi" 
  ### Bad VI:    "Configuration.vi"	Path="/workspace/src/Test measurements/Dependencies/Testcase Scenario/T7/subVIs/Configuration.vi" 
  ### Bad VI:    "Reading Measurements.vi"	Path="/workspace/src/Test measurements/Dependencies/Testcase Scenario/T7/subVIs/Reading Measurements.vi" 
  ### Bad subVI: "DCCurrent.lvlib:NI-DCPower Source DC Current.vi"	Path="/workspace/src/Test measurements/Dependencies/Testcase Scenario/T7/NI-DCPower Source DC Current.vi" 
  ### Bad VI:    "Test_DCPower.lvlib:NI-DCPower Source DC Voltage.vi"	Path="/workspace/src/Test measurements/Dependencies/Testcase Scenario/T8/NI-DCPower Source DC Voltage.vi" 
  ### Bad VI:    "Load SMU.vi"	Path="/workspace/src/Test measurements/Dependencies/Testcase Scenario/T9/subVIs/Load SMU.vi" 
  ### Bad VI:    "Scope Read.vi"	Path="/workspace/src/Test measurements/Dependencies/Testcase Scenario/T9/subVIs/Scope Read.vi" 
  ### Bad VI:    "VIn SMU.vi"	Path="/workspace/src/Test measurements/Dependencies/Testcase Scenario/T9/subVIs/VIn SMU.vi" 
  ### Bad VI:    "DMM.lvlib:Config DMM.vi"	Path="/workspace/src/Test measurements/Dependencies/Testcase Scenario/T9/DMM/Config DMM.vi" 
  ### Bad VI:    "DMM.lvlib:DMM Config.vi"	Path="/workspace/src/Test measurements/Dependencies/Testcase Scenario/T9/DMM/DMM Config.vi" 
  ### Bad VI:    "DMM.lvlib:Read DMM.vi"	Path="/workspace/src/Test measurements/Dependencies/Testcase Scenario/T9/DMM/Read DMM.vi" 
  ### Bad VI:    "Scope Read.vi"	Path="/workspace/src/Test measurements/Dependencies/Testcase Scenario/T9/subVIs/Scope Read.vi" 
  ### Bad VI:    "DMM.lvlib:Read DMM.vi"	Path="/workspace/src/Test measurements/Dependencies/Testcase Scenario/T9/DMM/Read DMM.vi" 
  ### Bad VI:    "DMM.lvlib:Config DMM.vi"	Path="/workspace/src/Test measurements/Dependencies/Testcase Scenario/T9/DMM/Config DMM.vi" 
  ### Bad VI:    "DMM.lvlib:DMM Config.vi"	Path="/workspace/src/Test measurements/Dependencies/Testcase Scenario/T9/DMM/DMM Config.vi" 
  ### Bad VI:    "Load SMU.vi"	Path="/workspace/src/Test measurements/Dependencies/Testcase Scenario/T9/subVIs/Load SMU.vi" 
  ### Bad VI:    "VIn SMU.vi"	Path="/workspace/src/Test measurements/Dependencies/Testcase Scenario/T9/subVIs/VIn SMU.vi" 
  ### Bad VI:    "Load and Vin SMU Measurement.vi"	Path="/workspace/src/Test measurements/Dependencies/Testcase Scenario/T9/Load and Vin SMU Measurement.vi" 
Search failed to find "PDM Acquisition Class Library.lvlib:I2S Input Task.lvclass" previously from "/usr/local/natinst/LabVIEW-2026-64/vi.lib/PDM Acquisition Toolkit/host/Classes/Tasks/I2S Input/I2S Input Task.lvclass"  +=+   Caller: "ADVM - AC Characteristics 2 Channel Measurements.vi"
Search failed to find "PDM Acquisition Class Library.lvlib:PCM Input Task.lvclass" previously from "/usr/local/natinst/LabVIEW-2026-64/vi.lib/PDM Acquisition Toolkit/host/Classes/Tasks/PCM Input/PCM Input Task.lvclass"  +=+   Caller: "ADVM - AC Characteristics 2 Channel Measurements.vi"
Search failed to find "PDM Shared.lvlib:PCM Frame Sync Control.ctl" previously from "/<vilib>/PDM Acquisition Toolkit/shared/controls/PCM Frame Sync Control.ctl"  +=+   Caller: "ADVM - AC Characteristics 2 Channel Measurements.vi"
Search failed to find "PDM Shared.lvlib:PCM Data Format Configuration.ctl" previously from "/<vilib>/PDM Acquisition Toolkit/shared/controls/PCM Data Format Configuration.ctl"  +=+   Caller: "ADVM - AC Characteristics 2 Channel Measurements.vi"
Search failed to find "PDM Acquisition Toolkit.lvlib:Clear PCM Input Task.vi" previously from "/<vilib>/PDM Acquisition Toolkit/host/API/Public/Clear/Clear PCM Input Task.vi"  +=+   Caller: "ADVM - AC Characteristics 2 Channel Measurements.vi"
Search failed to find "PDM Acquisition Toolkit.lvlib:Read PCM Input Waveform.vi" previously from "/<vilib>/PDM Acquisition Toolkit/host/API/Public/Read/Read PCM Input Waveform.vi"  +=+   Caller: "ADVM - AC Characteristics 2 Channel Measurements.vi"
Search failed to find "PDM Acquisition Toolkit.lvlib:Start PCM Input Task.vi" previously from "/<vilib>/PDM Acquisition Toolkit/host/API/Public/Start/Start PCM Input Task.vi"  +=+   Caller: "ADVM - AC Characteristics 2 Channel Measurements.vi"
Search failed to find "PDM Acquisition Toolkit.lvlib:Commit PCM Input Task.vi" previously from "/<vilib>/PDM Acquisition Toolkit/host/API/Public/Commit/Commit PCM Input Task.vi"  +=+   Caller: "ADVM - AC Characteristics 2 Channel Measurements.vi"
Search failed to find "PDM Acquisition Toolkit.lvlib:Configure Microphone Sensitivity FSPA - PCM Input Task.vi" previously from "/<vilib>/PDM Acquisition Toolkit/host/API/Public/Configure/PDM Channel/Configure Microphone Sensitivity FSPA - PCM Input Task.vi"  +=+   Caller: "ADVM - AC Characteristics 2 Channel Measurements.vi"
Search failed to find "PDM Acquisition Toolkit.lvlib:Configure Microphone Sensitivity.vi" previously from "/<vilib>/PDM Acquisition Toolkit/host/API/Public/Configure/PDM Channel/Configure Microphone Sensitivity.vi"  +=+   Caller: "ADVM - AC Characteristics 2 Channel Measurements.vi"
Search failed to find "PDM Acquisition Toolkit.lvlib:Configure Timing - PCM Input Slave.vi" previously from "/<vilib>/PDM Acquisition Toolkit/host/API/Public/Configure/Timing/Configure Timing - PCM Input Slave.vi"  +=+   Caller: "ADVM - AC Characteristics 2 Channel Measurements.vi"
Search failed to find "PDM Acquisition Toolkit.lvlib:Create PCM Input Task.vi" previously from "/<vilib>/PDM Acquisition Toolkit/host/API/Public/Create Tasks/Create PCM Input Task.vi"  +=+   Caller: "ADVM - AC Characteristics 2 Channel Measurements.vi"
Search failed to find "SVFA Get Spectrum Subset (1 Ch).vi" previously from "/<vilib>/addons/_NISVFA/_Spectrum Processing/SVFA Get Spectrum Subset (1 Ch).vi"  +=+   Caller: "ADVM - AC Characteristics 2 Channel Measurements.vi"
Search failed to find "SVFA Get Spectrum Subset.vi" previously from "/<vilib>/addons/_NISVFA/_Spectrum Processing/SVFA Get Spectrum Subset.vi"  +=+   Caller: "ADVM - AC Characteristics 2 Channel Measurements.vi"
Search failed to find "SVFA Unit Conversion (Complex) (1 Ch).vi" previously from "/<vilib>/addons/_NISVFA/_Spectrum Processing/SVFA Unit Conversion (Complex) (1 Ch).vi"  +=+   Caller: "ADVM - AC Characteristics 2 Channel Measurements.vi"
Search failed to find "SoundVib_Distortion.lvlib:SVT SNR without Harmonics (Frequency) (1 Ch).vi" previously from "/<vilib>/addons/Sound and Vibration/svt_Distortion/SVT SNR without Harmonics (Frequency) (1 Ch).vi"  +=+   Caller: "ADVM - AC Characteristics 2 Channel Measurements.vi"
Search failed to find "SoundVib_SingleTone.lvlib:SVT Gain (Time) (1 Ch).vi" previously from "/<vilib>/addons/Sound and Vibration/svt_Single Tone Measurements/SVT Gain (Time) (1 Ch).vi"  +=+   Caller: "ADVM - AC Characteristics 2 Channel Measurements.vi"
Search failed to find "SoundVib_SingleTone.lvlib:SVT Spurious Free Dynamic Range (Frequency) (1 Ch).vi" previously from "/<vilib>/addons/Sound and Vibration/svt_Single Tone Measurements/SVT Spurious Free Dynamic Range (Frequency) (1 Ch).vi"  +=+   Caller: "ADVM - AC Characteristics 2 Channel Measurements.vi"
Search failed to find "SoundVib_SingleTone.lvlib:SVT Dynamic Range (Frequency) (1 Ch).vi" previously from "/<vilib>/addons/Sound and Vibration/svt_Single Tone Measurements/SVT Dynamic Range (Frequency) (1 Ch).vi"  +=+   Caller: "ADVM - AC Characteristics 2 Channel Measurements.vi"
Search failed to find "SoundVib_ABCWeighting.lvlib:SVT Weighting Filter (N Ch).vi" previously from "/<vilib>/addons/Sound and Vibration/svt_Weighting/SVT Weighting Filter (N Ch).vi"  +=+   Caller: "ADVM - AC Characteristics 2 Channel Measurements.vi"
Search failed to find "SVL AC & DC Level (Time) (N Ch).vi" previously from "/<vilib>/addons/Sound and Vibration/svt_Level/SVL AC & DC Level (Time) (N Ch).vi"  +=+   Caller: "ADVM - AC Characteristics 2 Channel Measurements.vi"
Search failed to find "SVL Set dB Reference (N Ch - 1 Ref).vi" previously from "/<vilib>/addons/_NISVFA/_Shared subVIs/Common/SVL Set dB Reference (N Ch - 1 Ref).vi"  +=+   Caller: "ADVM - AC Characteristics 2 Channel Measurements.vi"
Search failed to find "SVFA Unit Conversion.vi" previously from "/<vilib>/addons/_NISVFA/_Spectrum Processing/SVFA Unit Conversion.vi"  +=+   Caller: "ADVM - AC Characteristics 2 Channel Measurements.vi"
Search failed to find "DAQmx Create Channel (AO-FuncGen).vi" previously from "/<vilib>/DAQmx/create/channels.llb/DAQmx Create Channel (AO-FuncGen).vi"  +=+   Caller: "ADVM - AC Characteristics 2 Channel Measurements.vi"
Search failed to find "SoundVib_ABCWeighting.lvlib:SVT Weighting Filter.vi" previously from "/<vilib>/addons/Sound and Vibration/svt_Weighting/SVT Weighting Filter.vi"  +=+   Caller: "ADVM - AC Characteristics 2 Channel Measurements.vi"
Search failed to find "SoundVib_SingleTone.lvlib:SVT Spurious Free Dynamic Range.vi" previously from "/<vilib>/addons/Sound and Vibration/svt_Single Tone Measurements/SVT Spurious Free Dynamic Range.vi"  +=+   Caller: "ADVM - AC Characteristics 2 Channel Measurements.vi"
Search failed to find "PDM Shared.lvlib:i2s frame size.ctl" previously from "/<vilib>/PDM Acquisition Toolkit/shared/controls/i2s frame size.ctl"  +=+   Caller: "ADVM - AC Characteristics 2 Channel Measurements.vi"
Search failed to find "SVL AC & DC Level.vi" previously from "/<vilib>/addons/Sound and Vibration/svt_Level/SVL AC & DC Level.vi"  +=+   Caller: "ADVM - AC Characteristics 2 Channel Measurements.vi"
Search failed to find "SVL Set dB Reference.vi" previously from "/<vilib>/addons/_NISVFA/_Shared subVIs/Common/SVL Set dB Reference.vi"  +=+   Caller: "ADVM - AC Characteristics 2 Channel Measurements.vi"
Search failed to find "SoundVib_SingleTone.lvlib:SVT Dynamic Range.vi" previously from "/<vilib>/addons/Sound and Vibration/svt_Single Tone Measurements/SVT Dynamic Range.vi"  +=+   Caller: "ADVM - AC Characteristics 2 Channel Measurements.vi"
Search failed to find "SoundVib_Distortion.lvlib:SVT SNR without Harmonics.vi" previously from "/<vilib>/addons/Sound and Vibration/svt_Distortion/SVT SNR without Harmonics.vi"  +=+   Caller: "ADVM - AC Characteristics 2 Channel Measurements.vi"
Search failed to find "SoundVib_SingleTone.lvlib:SVT Gain.vi" previously from "/<vilib>/addons/Sound and Vibration/svt_Single Tone Measurements/SVT Gain.vi"  +=+   Caller: "ADVM - AC Characteristics 2 Channel Measurements.vi"
Search failed to find "svc_Window.ctl" previously from "/<vilib>/addons/_NISVFA/_Shared subVIs/Controls/svc_Window.ctl"  +=+   Caller: "ADVM - AC Characteristics 2 Channel Measurements.vi"
Search failed to find "DAQmx Start Task.vi" previously from "/<vilib>/DAQmx/configure/task.llb/DAQmx Start Task.vi"  +=+   Caller: "ADVM - AC Characteristics 2 Channel Measurements.vi"
Search failed to find "DAQmx Create Virtual Channel.vi" previously from "/<vilib>/DAQmx/create/channels.llb/DAQmx Create Virtual Channel.vi"  +=+   Caller: "ADVM - AC Characteristics 2 Channel Measurements.vi"
Search failed to find "PDM Acquisition Toolkit.lvlib:Commit Task.vi" previously from "/<vilib>/PDM Acquisition Toolkit/host/API/Public/Commit/Commit Task.vi"  +=+   Caller: "ADVM - AC Characteristics 2 Channel Measurements.vi"
Search failed to find "PDM Acquisition Toolkit.lvlib:Clear Task.vi" previously from "/<vilib>/PDM Acquisition Toolkit/host/API/Public/Clear/Clear Task.vi"  +=+   Caller: "ADVM - AC Characteristics 2 Channel Measurements.vi"
Search failed to find "PDM Acquisition Toolkit.lvlib:Read PDM and PCM Waveform.vi" previously from "/<vilib>/PDM Acquisition Toolkit/host/API/Public/Read/Read PDM and PCM Waveform.vi"  +=+   Caller: "ADVM - AC Characteristics 2 Channel Measurements.vi"
Search failed to find "PDM Acquisition Toolkit.lvlib:Start Task.vi" previously from "/<vilib>/PDM Acquisition Toolkit/host/API/Public/Start/Start Task.vi"  +=+   Caller: "ADVM - AC Characteristics 2 Channel Measurements.vi"
Search failed to find "PDM Acquisition Toolkit.lvlib:Configure Timing.vi" previously from "/<vilib>/PDM Acquisition Toolkit/host/API/Public/Configure/Timing/Configure Timing.vi"  +=+   Caller: "ADVM - AC Characteristics 2 Channel Measurements.vi"
Search failed to find "PDM Acquisition Toolkit.lvlib:Create Task.vi" previously from "/<vilib>/PDM Acquisition Toolkit/host/API/Public/Create Tasks/Create Task.vi"  +=+   Caller: "ADVM - AC Characteristics 2 Channel Measurements.vi"
Search failed to find "DAQmx Clear Task.vi" previously from "/<vilib>/DAQmx/configure/task.llb/DAQmx Clear Task.vi"  +=+   Caller: "ADVM - AC Characteristics 2 Channel Measurements.vi"
Search failed to find "PDM Acquisition Class Library.lvlib:PDM Task.lvclass:Acquisition Mode.ctl" previously from "/<vilib>/PDM Acquisition Toolkit/host/Classes/Tasks/PDM Tasks/Controls/Acquisition Mode.ctl"  +=+   Caller: "ADVM - AC Characteristics 2 Channel Measurements.vi"
  ### Bad VI:    "ADVM - AC Characteristics 2 Channel Measurements.vi"	Path="/workspace/src/Test measurements/IMD/2-channel stereo/ADVM - AC Characteristics 2 Channel Measurements.vi" 
Search failed to find "PDM Acquisition Toolkit.lvlib:Configure Microphone Sensitivity FSPA - I2S Input Task.vi" previously from "/<vilib>/PDM Acquisition Toolkit/host/API/Public/Configure/PDM Channel/Configure Microphone Sensitivity FSPA - I2S Input Task.vi"  +=+   Caller: "Audio Plugin UI Meas Ser1 - multichannel.vi"
Search failed to find "PDM Acquisition Toolkit.lvlib:Configure Timing - I2S Input Slave.vi" previously from "/<vilib>/PDM Acquisition Toolkit/host/API/Public/Configure/Timing/Configure Timing - I2S Input Slave.vi"  +=+   Caller: "Audio Plugin UI Meas Ser1 - multichannel.vi"
Search failed to find "PDM Acquisition Toolkit.lvlib:Commit I2S Input Task.vi" previously from "/<vilib>/PDM Acquisition Toolkit/host/API/Public/Commit/Commit I2S Input Task.vi"  +=+   Caller: "Audio Plugin UI Meas Ser1 - multichannel.vi"
Search failed to find "PDM Acquisition Toolkit.lvlib:Read I2S Waveform.vi" previously from "/<vilib>/PDM Acquisition Toolkit/host/API/Public/Read/Read I2S Waveform.vi"  +=+   Caller: "Audio Plugin UI Meas Ser1 - multichannel.vi"
Search failed to find "PDM Acquisition Toolkit.lvlib:Start I2S Input Task.vi" previously from "/<vilib>/PDM Acquisition Toolkit/host/API/Public/Start/Start I2S Input Task.vi"  +=+   Caller: "Audio Plugin UI Meas Ser1 - multichannel.vi"
Search failed to find "PDM Acquisition Toolkit.lvlib:Clear I2S Input Task.vi" previously from "/<vilib>/PDM Acquisition Toolkit/host/API/Public/Clear/Clear I2S Input Task.vi"  +=+   Caller: "Audio Plugin UI Meas Ser1 - multichannel.vi"
Search failed to find "PDM Acquisition Toolkit.lvlib:Create I2S Input Task.vi" previously from "/<vilib>/PDM Acquisition Toolkit/host/API/Public/Create Tasks/Create I2S Input Task.vi"  +=+   Caller: "Audio Plugin UI Meas Ser1 - multichannel.vi"
Search failed to find "PDM Acquisition Toolkit.lvlib:Configure I2S Data Latch at SCK Cycle - I2S Input Task.vi" previously from "/<vilib>/PDM Acquisition Toolkit/host/API/Public/Utility/Configure I2S Data Latch at SCK Cycle - I2S Input Task.vi"  +=+   Caller: "Audio Plugin UI Meas Ser1 - multichannel.vi"
  ### Bad VI:    "Audio Plugin UI Meas Ser1 - multichannel.vi"	Path="/workspace/src/Test measurements/IMD/2-channel stereo/Audio Plugin UI Meas Ser1 - multichannel.vi" 
Search failed to find "SV Sinusoid.lvclass" previously from "/usr/local/natinst/LabVIEW-2026-64/vi.lib/addons/_NISVFA/_Generation/Signal Generation/SV Sinusoid/SV Sinusoid.lvclass"  +=+   Caller: "ADVM - Crosstalk Measurements.vi"
Search failed to find "DAQmx Timing (Sample Clock).vi" previously from "/<vilib>/DAQmx/configure/timing.llb/DAQmx Timing (Sample Clock).vi"  +=+   Caller: "ADVM - Crosstalk Measurements.vi"
Search failed to find "SV Sinusoid.lvclass:Configure Sine.vi" previously from "/<vilib>/addons/_NISVFA/_Generation/Signal Generation/SV Sinusoid/Configure Sine.vi"  +=+   Caller: "ADVM - Crosstalk Measurements.vi"
Search failed to find "DAQmx Create Channel (AO-Voltage-Basic).vi" previously from "/<vilib>/DAQmx/create/channels.llb/DAQmx Create Channel (AO-Voltage-Basic).vi"  +=+   Caller: "ADVM - Crosstalk Measurements.vi"
Search failed to find "SoundVib_SingleTone.lvlib:SVT Crosstalk (Time).vi" previously from "/<vilib>/addons/Sound and Vibration/svt_Single Tone Measurements/SVT Crosstalk (Time).vi"  +=+   Caller: "ADVM - Crosstalk Measurements.vi"
Search failed to find "DAQmx Timing.vi" previously from "/<vilib>/DAQmx/configure/timing.llb/DAQmx Timing.vi"  +=+   Caller: "ADVM - Crosstalk Measurements.vi"
Search failed to find "SV Signal.lvclass:SV Configure Generator.vi" previously from "/<vilib>/addons/_NISVFA/_Generation/Signal Generation/SV Signal/SV Configure Generator.vi"  +=+   Caller: "ADVM - Crosstalk Measurements.vi"
Search failed to find "SV Signal.lvclass:sv_System Timing Model.ctl" previously from "/<vilib>/addons/_NISVFA/_Generation/Signal Generation/SV Signal/sv_System Timing Model.ctl"  +=+   Caller: "ADVM - Crosstalk Measurements.vi"
Search failed to find "PDM Acquisition Class Library.lvlib:DecoderSession.lvclass:Logic Levels.ctl" previously from "/<vilib>/PDM Acquisition Toolkit/host/Classes/Session/Controls/Logic Levels.ctl"  +=+   Caller: "ADVM - Crosstalk Measurements.vi"
Search failed to find "SoundVib_SingleTone.lvlib:SVT Crosstalk.vi" previously from "/<vilib>/addons/Sound and Vibration/svt_Single Tone Measurements/SVT Crosstalk.vi"  +=+   Caller: "ADVM - Crosstalk Measurements.vi"
Search failed to find "DAQmx Stop Task.vi" previously from "/<vilib>/DAQmx/configure/task.llb/DAQmx Stop Task.vi"  +=+   Caller: "ADVM - Crosstalk Measurements.vi"
Search failed to find "DAQmx Write (Analog 1D Wfm NChan NSamp).vi" previously from "/<vilib>/DAQmx/write.llb/DAQmx Write (Analog 1D Wfm NChan NSamp).vi"  +=+   Caller: "ADVM - Crosstalk Measurements.vi"
Search failed to find "DAQmx Write.vi" previously from "/<vilib>/DAQmx/write.llb/DAQmx Write.vi"  +=+   Caller: "ADVM - Crosstalk Measurements.vi"
  ### Bad VI:    "ADVM - Crosstalk Measurements.vi"	Path="/workspace/src/Test measurements/IMD/Crosstalk/ADVM - Crosstalk Measurements.vi" 
/workspace/src/Test measurements/IMD/Crosstalk/ADVM - Crosstalk Measurements.vi (ADVM - Crosstalk Measurements.vi)
    - This VI needs a driver or toolkit component that is not found. Missing resource file "daqmx.rc".
  ### Bad VI:    "Crosstalk POC.vi"	Path="/workspace/src/Test measurements/IMD/Crosstalk/Crosstalk POC.vi" 
/workspace/src/Test measurements/IMD/Crosstalk/Crosstalk POC.vi (Crosstalk POC.vi)
    - This VI needs a driver or toolkit component that is not found. Missing resource file "daqmx.rc".
Search failed to find "MeasurementLink Measurement Server.lvlib:MeasurementPluginService.lvclass" previously from "/<vilib>/MeasurementLink/MeasurementLink Measurement Server/Classes/MeasurementPluginService/MeasurementPluginService.lvclass"  +=+   Caller: "audio_intermodulationDistortionMeasurement.lvlib:MeasurementPlugin.lvclass"
Search failed to find "MeasurementLink Measurement Server.lvlib:MeasurementPluginService.lvclass:Plugin Paths.ctl" previously from "/<vilib>/MeasurementLink/MeasurementLink Measurement Server/Classes/MeasurementPluginService/Plugin Paths.ctl"  +=+   Caller: "audio_intermodulationDistortionMeasurement.lvlib:MeasurementPlugin.lvclass:Get Plugin Paths.vi"
Search failed to find "MeasurementLink Measurement Server.lvlib:UI Information.ctl" previously from "/<vilib>/MeasurementLink/MeasurementLink Measurement Server/Helpers/TypeDefs/UI Information.ctl"  +=+   Caller: "audio_intermodulationDistortionMeasurement.lvlib:Get UI Details.vi"
Search failed to find "MeasurementLink Measurement Server.lvlib:Parameter Type Specialization.ctl" previously from "/<vilib>/MeasurementLink/MeasurementLink Measurement Server/Helpers/TypeDefs/Parameter Type Specialization.ctl"  +=+   Caller: "audio_intermodulationDistortionMeasurement.lvlib:Get Type Specializations.vi"
Search failed to find "MeasurementLink Measurement Server.lvlib:MeasurementContext.lvclass" previously from "/usr/local/natinst/LabVIEW-2026-64/vi.lib/MeasurementLink/MeasurementLink Measurement Server/Classes/MeasurementContext/MeasurementContext.lvclass"  +=+   Caller: "audio_intermodulationDistortionMeasurement.lvlib:Measurement Logic.vi"
Search failed to find "PDM Acquisition Class Library.lvlib:PCM Input Task.lvclass:DVR PCM Input Task.ctl" previously from "/<vilib>/PDM Acquisition Toolkit/host/Classes/Tasks/PCM Input/Controls/DVR PCM Input Task.ctl"  +=+   Caller: "audio_intermodulationDistortionMeasurement.lvlib:Configure PCM Settings.vi"
Search failed to find "PDM Acquisition Toolkit.lvlib:Configure PCM Input Latch Delay.vi" previously from "/<vilib>/PDM Acquisition Toolkit/host/API/Public/Utility/Configure PCM Input Latch Delay.vi"  +=+   Caller: "audio_intermodulationDistortionMeasurement.lvlib:Configure PCM Settings.vi"
Search failed to find "SVL Set dB Reference (1 Ch).vi" previously from "/<vilib>/addons/_NISVFA/_Shared subVIs/Common/SVL Set dB Reference (1 Ch).vi"  +=+   Caller: "audio_intermodulationDistortionMeasurement.lvlib:Perform Audio Measurements.vi"
Search failed to find "SoundVib_Distortion.lvlib:SVT Intermodulation Distortion (1 Ch).vi" previously from "/<vilib>/addons/Sound and Vibration/svt_Distortion/SVT Intermodulation Distortion (1 Ch).vi"  +=+   Caller: "audio_intermodulationDistortionMeasurement.lvlib:Perform Audio Measurements.vi"
Search failed to find "SoundVib_Distortion.lvlib:SVT Intermodulation Distortion.vi" previously from "/<vilib>/addons/Sound and Vibration/svt_Distortion/SVT Intermodulation Distortion.vi"  +=+   Caller: "audio_intermodulationDistortionMeasurement.lvlib:Perform Audio Measurements.vi"
Search failed to find "SV Multitone.lvclass" previously from "/usr/local/natinst/LabVIEW-2026-64/vi.lib/addons/_NISVFA/_Generation/Signal Generation/SV Multitone/SV Multitone.lvclass"  +=+   Caller: "audio_intermodulationDistortionMeasurement.lvlib:Generate multi tone waveform.vi"
Search failed to find "SV Multitone.lvclass:Configure Multitone (Custom).vi" previously from "/<vilib>/addons/_NISVFA/_Generation/Signal Generation/SV Multitone/Configure Multitone (Custom).vi"  +=+   Caller: "audio_intermodulationDistortionMeasurement.lvlib:Generate multi tone waveform.vi"
Search failed to find "MeasurementLink Measurement Server Internal.lvlib:ni_measurementlink_measurement_v1_MeasurementDetails.ctl" previously from "/<vilib>/MeasurementLink/MeasurementLink Measurement Server Internal/RPC Messages/ni_measurementlink_measurement_v1_MeasurementDetails.ctl"  +=+   Caller: "audio_intermodulationDistortionMeasurement.lvlib:Get Measurement Details.vi"
Search failed to find "SV Multitone.lvclass" previously from "/usr/local/natinst/LabVIEW-2026-64/vi.lib/addons/_NISVFA/_Generation/Signal Generation/SV Multitone/SV Multitone.lvclass"
Search failed to find "MeasurementContext.lvclass" previously from "/usr/local/natinst/LabVIEW-2026-64/vi.lib/MeasurementLink/MeasurementLink Measurement Server/Classes/MeasurementContext/MeasurementContext.lvclass"
Search failed to find "PCM Input Task.lvclass" previously from "/usr/local/natinst/LabVIEW-2026-64/vi.lib/PDM Acquisition Toolkit/host/Classes/Tasks/PCM Input/PCM Input Task.lvclass"
  ### Bad VI:    "audio_intermodulationDistortionMeasurement.lvlib:Get UI Details.vi"	Path="/workspace/src/Test measurements/IMD/IMD/IMD_MeasService/intermodulationDistortion/IMD_POC/Get UI Details.vi" 
  ### Bad VI:    "audio_intermodulationDistortionMeasurement.lvlib:Get Type Specializations.vi"	Path="/workspace/src/Test measurements/IMD/IMD/IMD_MeasService/intermodulationDistortion/IMD_POC/Get Type Specializations.vi" 
  ### Bad VI:    "audio_intermodulationDistortionMeasurement.lvlib:Configure PCM Settings.vi"	Path="/workspace/src/Test measurements/IMD/IMD/IMD_MeasService/intermodulationDistortion/IMD_POC/Configure PCM Settings.vi" 
  ### Bad VI:    "audio_intermodulationDistortionMeasurement.lvlib:Perform Audio Measurements.vi"	Path="/workspace/src/Test measurements/IMD/IMD/IMD_MeasService/intermodulationDistortion/IMD_POC/Perform Audio Measurements.vi" 
  ### Bad VI:    "audio_intermodulationDistortionMeasurement.lvlib:Generate multi tone waveform.vi"	Path="/workspace/src/Test measurements/IMD/IMD/IMD_MeasService/intermodulationDistortion/IMD_POC/Generate multi tone waveform.vi" 
  ### Bad VI:    "audio_intermodulationDistortionMeasurement.lvlib:Measurement Logic.vi"	Path="/workspace/src/Test measurements/IMD/IMD/IMD_MeasService/intermodulationDistortion/IMD_POC/Measurement Logic.vi" 
  ### Bad VI:    "audio_intermodulationDistortionMeasurement.lvlib:Get Measurement Details.vi"	Path="/workspace/src/Test measurements/IMD/IMD/IMD_MeasService/intermodulationDistortion/IMD_POC/Get Measurement Details.vi" 
  ### Bad VI:    "audio_intermodulationDistortionMeasurement.lvlib:MeasurementPlugin.lvclass:Get Plugin Paths.vi"	Path="/workspace/src/Test measurements/IMD/IMD/IMD_MeasService/intermodulationDistortion/IMD_POC/Advanced/Get Plugin Paths.vi" 
  ### Bad VI:    "audio_intermodulationDistortionMeasurement.lvlib:MeasurementPlugin.lvclass:Pack For Grpc.vi"	Path="/workspace/src/Test measurements/IMD/IMD/IMD_MeasService/intermodulationDistortion/IMD_POC/Advanced/Pack For Grpc.vi" 
  ### Bad VI:    "audio_intermodulationDistortionMeasurement.lvlib:MeasurementPlugin.lvclass:Unpack For Grpc.vi"	Path="/workspace/src/Test measurements/IMD/IMD/IMD_MeasService/intermodulationDistortion/IMD_POC/Advanced/Unpack For Grpc.vi" 
/workspace/src/Test measurements/IMD/IMD/IMD_MeasService/intermodulationDistortion/IMD_POC/Measurement Logic.vi (audio_intermodulationDistortionMeasurement.lvlib:Measurement Logic.vi)
    - This VI needs a driver or toolkit component that is not found. Missing resource file "daqmx.rc".
Search failed to find "MeasurementLink Measurement Server.lvlib:Post-Build Action.vi" previously from "/<vilib>/MeasurementLink/MeasurementLink Measurement Server/Build Assets/Post-Build Action.vi"  +=+   Caller: "audio_intermodulationDistortionMeasurement.lvlib:Post-Build Action.vi"
  ### Bad VI:    "audio_intermodulationDistortionMeasurement.lvlib:Get UI Details.vi"	Path="/workspace/src/Test measurements/IMD/IMD/IMD_MeasService/intermodulationDistortion/IMD_POC/Get UI Details.vi" 
  ### Bad VI:    "audio_intermodulationDistortionMeasurement.lvlib:Get Type Specializations.vi"	Path="/workspace/src/Test measurements/IMD/IMD/IMD_MeasService/intermodulationDistortion/IMD_POC/Get Type Specializations.vi" 
  ### Bad VI:    "audio_intermodulationDistortionMeasurement.lvlib:Configure PCM Settings.vi"	Path="/workspace/src/Test measurements/IMD/IMD/IMD_MeasService/intermodulationDistortion/IMD_POC/Configure PCM Settings.vi" 
  ### Bad VI:    "audio_intermodulationDistortionMeasurement.lvlib:Perform Audio Measurements.vi"	Path="/workspace/src/Test measurements/IMD/IMD/IMD_MeasService/intermodulationDistortion/IMD_POC/Perform Audio Measurements.vi" 
  ### Bad VI:    "audio_intermodulationDistortionMeasurement.lvlib:Generate multi tone waveform.vi"	Path="/workspace/src/Test measurements/IMD/IMD/IMD_MeasService/intermodulationDistortion/IMD_POC/Generate multi tone waveform.vi" 
  ### Bad VI:    "audio_intermodulationDistortionMeasurement.lvlib:Measurement Logic.vi"	Path="/workspace/src/Test measurements/IMD/IMD/IMD_MeasService/intermodulationDistortion/IMD_POC/Measurement Logic.vi" 
  ### Bad VI:    "audio_intermodulationDistortionMeasurement.lvlib:Get Measurement Details.vi"	Path="/workspace/src/Test measurements/IMD/IMD/IMD_MeasService/intermodulationDistortion/IMD_POC/Get Measurement Details.vi" 
  ### Bad VI:    "audio_intermodulationDistortionMeasurement.lvlib:MeasurementPlugin.lvclass:Get Plugin Paths.vi"	Path="/workspace/src/Test measurements/IMD/IMD/IMD_MeasService/intermodulationDistortion/IMD_POC/Advanced/Get Plugin Paths.vi" 
  ### Bad VI:    "audio_intermodulationDistortionMeasurement.lvlib:MeasurementPlugin.lvclass:Pack For Grpc.vi"	Path="/workspace/src/Test measurements/IMD/IMD/IMD_MeasService/intermodulationDistortion/IMD_POC/Advanced/Pack For Grpc.vi" 
  ### Bad VI:    "audio_intermodulationDistortionMeasurement.lvlib:MeasurementPlugin.lvclass:Unpack For Grpc.vi"	Path="/workspace/src/Test measurements/IMD/IMD/IMD_MeasService/intermodulationDistortion/IMD_POC/Advanced/Unpack For Grpc.vi" 
  ### Bad VI:    "audio_intermodulationDistortionMeasurement.lvlib:Post-Build Action.vi"	Path="/workspace/src/Test measurements/IMD/IMD/IMD_MeasService/intermodulationDistortion/IMD_POC/Advanced/Build Assets/Post-Build Action.vi" 
  ### Bad VI:    "audio_intermodulationDistortionMeasurement.lvlib:Get UI Details.vi"	Path="/workspace/src/Test measurements/IMD/IMD/IMD_MeasService/intermodulationDistortion/IMD_POC/Get UI Details.vi" 
  ### Bad VI:    "audio_intermodulationDistortionMeasurement.lvlib:Get Type Specializations.vi"	Path="/workspace/src/Test measurements/IMD/IMD/IMD_MeasService/intermodulationDistortion/IMD_POC/Get Type Specializations.vi" 
  ### Bad VI:    "audio_intermodulationDistortionMeasurement.lvlib:Configure PCM Settings.vi"	Path="/workspace/src/Test measurements/IMD/IMD/IMD_MeasService/intermodulationDistortion/IMD_POC/Configure PCM Settings.vi" 
  ### Bad VI:    "audio_intermodulationDistortionMeasurement.lvlib:Perform Audio Measurements.vi"	Path="/workspace/src/Test measurements/IMD/IMD/IMD_MeasService/intermodulationDistortion/IMD_POC/Perform Audio Measurements.vi" 
  ### Bad VI:    "audio_intermodulationDistortionMeasurement.lvlib:Generate multi tone waveform.vi"	Path="/workspace/src/Test measurements/IMD/IMD/IMD_MeasService/intermodulationDistortion/IMD_POC/Generate multi tone waveform.vi" 
  ### Bad VI:    "audio_intermodulationDistortionMeasurement.lvlib:Measurement Logic.vi"	Path="/workspace/src/Test measurements/IMD/IMD/IMD_MeasService/intermodulationDistortion/IMD_POC/Measurement Logic.vi" 
  ### Bad VI:    "audio_intermodulationDistortionMeasurement.lvlib:Get Measurement Details.vi"	Path="/workspace/src/Test measurements/IMD/IMD/IMD_MeasService/intermodulationDistortion/IMD_POC/Get Measurement Details.vi" 
  ### Bad VI:    "audio_intermodulationDistortionMeasurement.lvlib:MeasurementPlugin.lvclass:Get Plugin Paths.vi"	Path="/workspace/src/Test measurements/IMD/IMD/IMD_MeasService/intermodulationDistortion/IMD_POC/Advanced/Get Plugin Paths.vi" 
  ### Bad VI:    "audio_intermodulationDistortionMeasurement.lvlib:MeasurementPlugin.lvclass:Pack For Grpc.vi"	Path="/workspace/src/Test measurements/IMD/IMD/IMD_MeasService/intermodulationDistortion/IMD_POC/Advanced/Pack For Grpc.vi" 
  ### Bad VI:    "audio_intermodulationDistortionMeasurement.lvlib:MeasurementPlugin.lvclass:Unpack For Grpc.vi"	Path="/workspace/src/Test measurements/IMD/IMD/IMD_MeasService/intermodulationDistortion/IMD_POC/Advanced/Unpack For Grpc.vi" 
Search failed to find "MeasurementLink Measurement Server.lvlib:Run Service.vi" previously from "/<vilib>/MeasurementLink/MeasurementLink Measurement Server/Run Service.vi"  +=+   Caller: "audio_intermodulationDistortionMeasurement.lvlib:Run Service.vi"
  ### Bad VI:    "audio_intermodulationDistortionMeasurement.lvlib:Get UI Details.vi"	Path="/workspace/src/Test measurements/IMD/IMD/IMD_MeasService/intermodulationDistortion/IMD_POC/Get UI Details.vi" 
  ### Bad VI:    "audio_intermodulationDistortionMeasurement.lvlib:Get Type Specializations.vi"	Path="/workspace/src/Test measurements/IMD/IMD/IMD_MeasService/intermodulationDistortion/IMD_POC/Get Type Specializations.vi" 
  ### Bad VI:    "audio_intermodulationDistortionMeasurement.lvlib:Configure PCM Settings.vi"	Path="/workspace/src/Test measurements/IMD/IMD/IMD_MeasService/intermodulationDistortion/IMD_POC/Configure PCM Settings.vi" 
  ### Bad VI:    "audio_intermodulationDistortionMeasurement.lvlib:Perform Audio Measurements.vi"	Path="/workspace/src/Test measurements/IMD/IMD/IMD_MeasService/intermodulationDistortion/IMD_POC/Perform Audio Measurements.vi" 
  ### Bad VI:    "audio_intermodulationDistortionMeasurement.lvlib:Generate multi tone waveform.vi"	Path="/workspace/src/Test measurements/IMD/IMD/IMD_MeasService/intermodulationDistortion/IMD_POC/Generate multi tone waveform.vi" 
  ### Bad VI:    "audio_intermodulationDistortionMeasurement.lvlib:Measurement Logic.vi"	Path="/workspace/src/Test measurements/IMD/IMD/IMD_MeasService/intermodulationDistortion/IMD_POC/Measurement Logic.vi" 
  ### Bad VI:    "audio_intermodulationDistortionMeasurement.lvlib:Get Measurement Details.vi"	Path="/workspace/src/Test measurements/IMD/IMD/IMD_MeasService/intermodulationDistortion/IMD_POC/Get Measurement Details.vi" 
  ### Bad VI:    "audio_intermodulationDistortionMeasurement.lvlib:MeasurementPlugin.lvclass:Get Plugin Paths.vi"	Path="/workspace/src/Test measurements/IMD/IMD/IMD_MeasService/intermodulationDistortion/IMD_POC/Advanced/Get Plugin Paths.vi" 
  ### Bad VI:    "audio_intermodulationDistortionMeasurement.lvlib:MeasurementPlugin.lvclass:Pack For Grpc.vi"	Path="/workspace/src/Test measurements/IMD/IMD/IMD_MeasService/intermodulationDistortion/IMD_POC/Advanced/Pack For Grpc.vi" 
  ### Bad VI:    "audio_intermodulationDistortionMeasurement.lvlib:MeasurementPlugin.lvclass:Unpack For Grpc.vi"	Path="/workspace/src/Test measurements/IMD/IMD/IMD_MeasService/intermodulationDistortion/IMD_POC/Advanced/Unpack For Grpc.vi" 
  ### Bad VI:    "audio_intermodulationDistortionMeasurement.lvlib:Run Service.vi"	Path="/workspace/src/Test measurements/IMD/IMD/IMD_MeasService/intermodulationDistortion/IMD_POC/Run Service.vi" 
Search failed to find "PDM Acquisition Class Library.lvlib:PDM Task.lvclass" previously from "/usr/local/natinst/LabVIEW-2026-64/vi.lib/PDM Acquisition Toolkit/host/Classes/Tasks/PDM Tasks/PDM Task.lvclass"  +=+   Caller: "ADVM_IntermodulationDistortion_POC.vi"
Search failed to find "PDM Acquisition Toolkit.lvlib:Start PDM Task.vi" previously from "/<vilib>/PDM Acquisition Toolkit/host/API/Public/Start/Start PDM Task.vi"  +=+   Caller: "ADVM_IntermodulationDistortion_POC.vi"
Search failed to find "PDM Acquisition Toolkit.lvlib:Configure Simulation Mode.vi" previously from "/<vilib>/PDM Acquisition Toolkit/host/API/Public/Utility/Configure Simulation Mode.vi"  +=+   Caller: "ADVM_IntermodulationDistortion_POC.vi"
Search failed to find "PDM Acquisition Toolkit.lvlib:Configure Simulation Mode-Poly.vi" previously from "/<vilib>/PDM Acquisition Toolkit/host/API/Public/Utility/Configure Simulation Mode-Poly.vi"  +=+   Caller: "ADVM_IntermodulationDistortion_POC.vi"
  ### Bad VI:    "ADVM_IntermodulationDistortion_POC.vi"	Path="/workspace/src/Test measurements/IMD/IMD/IMD_POC/ADVM_IntermodulationDistortion_POC.vi" 
/workspace/src/Test measurements/IMD/IMD/IMD_POC/ADVM_IntermodulationDistortion_POC.vi (ADVM_IntermodulationDistortion_POC.vi)
    - This VI needs a driver or toolkit component that is not found. Missing resource file "daqmx.rc".
Search failed to find "Get DAQmx Product Name.vi" previously from "/CommonUtilities/Get DAQmx Product Name.vi"  +=+   Caller: "audio_acMeasurement.lvlib:Measurement Logic.vi"
Search failed to find "SV Sinusoid.lvclass" previously from "/usr/local/natinst/LabVIEW-2026-64/vi.lib/addons/_NISVFA/_Generation/Signal Generation/SV Sinusoid/SV Sinusoid.lvclass"
Search failed to find "MeasurementContext.lvclass" previously from "/usr/local/natinst/LabVIEW-2026-64/vi.lib/MeasurementLink/MeasurementLink Measurement Server/Classes/MeasurementContext/MeasurementContext.lvclass"
Search failed to find "PCM Input Task.lvclass" previously from "/usr/local/natinst/LabVIEW-2026-64/vi.lib/PDM Acquisition Toolkit/host/Classes/Tasks/PCM Input/PCM Input Task.lvclass"
  ### Bad VI:    "audio_acMeasurement.lvlib:Get UI Details.vi"	Path="/workspace/src/Test measurements/IMD/Protocols/I2S Protocol MeasurementLink Prototype/audio_acMeasurement/Get UI Details.vi" 
  ### Bad VI:    "audio_acMeasurement.lvlib:Get Type Specializations.vi"	Path="/workspace/src/Test measurements/IMD/Protocols/I2S Protocol MeasurementLink Prototype/audio_acMeasurement/Get Type Specializations.vi" 
  ### Bad VI:    "audio_acMeasurement.lvlib:Perform Audio Measurements.vi"	Path="/workspace/src/Test measurements/IMD/Protocols/I2S Protocol MeasurementLink Prototype/audio_acMeasurement/subVIs/Perform Audio Measurements.vi" 
  ### Bad VI:    "audio_acMeasurement.lvlib:Generate single tone waveform.vi"	Path="/workspace/src/Test measurements/IMD/Protocols/I2S Protocol MeasurementLink Prototype/audio_acMeasurement/subVIs/Generate single tone waveform.vi" 
  ### Bad VI:    "audio_acMeasurement.lvlib:Configure I2S settings.vi"	Path="/workspace/src/Test measurements/IMD/Protocols/I2S Protocol MeasurementLink Prototype/audio_acMeasurement/subVIs/Configure I2S settings.vi" 
  ### Bad VI:    "audio_acMeasurement.lvlib:Measurement Logic.vi"	Path="/workspace/src/Test measurements/IMD/Protocols/I2S Protocol MeasurementLink Prototype/audio_acMeasurement/Measurement Logic.vi" 
  ### Bad VI:    "audio_acMeasurement.lvlib:Get Measurement Details.vi"	Path="/workspace/src/Test measurements/IMD/Protocols/I2S Protocol MeasurementLink Prototype/audio_acMeasurement/Get Measurement Details.vi" 
  ### Bad VI:    "audio_acMeasurement.lvlib:MeasurementPlugin.lvclass:Get Plugin Paths.vi"	Path="/workspace/src/Test measurements/IMD/Protocols/I2S Protocol MeasurementLink Prototype/audio_acMeasurement/Advanced/Get Plugin Paths.vi" 
  ### Bad VI:    "audio_acMeasurement.lvlib:MeasurementPlugin.lvclass:Pack For Grpc.vi"	Path="/workspace/src/Test measurements/IMD/Protocols/I2S Protocol MeasurementLink Prototype/audio_acMeasurement/Advanced/Pack For Grpc.vi" 
  ### Bad VI:    "audio_acMeasurement.lvlib:MeasurementPlugin.lvclass:Unpack For Grpc.vi"	Path="/workspace/src/Test measurements/IMD/Protocols/I2S Protocol MeasurementLink Prototype/audio_acMeasurement/Advanced/Unpack For Grpc.vi" 
/workspace/src/Test measurements/IMD/Protocols/I2S Protocol MeasurementLink Prototype/audio_acMeasurement/subVIs/Generate single tone waveform.vi (audio_acMeasurement.lvlib:Generate single tone waveform.vi)
    - The VI expected to be at "/CommonUtilities/dB to volts.vi" was loaded from "/workspace/src/Test measurements/IMD/Prototype for Audio AC Measurement Python/audio_ac/Create AC Measurement DLL/Dependencies/dB to volts.vi".
/workspace/src/Test measurements/IMD/Protocols/I2S Protocol MeasurementLink Prototype/audio_acMeasurement/Measurement Logic.vi (audio_acMeasurement.lvlib:Measurement Logic.vi)
    - This VI needs a driver or toolkit component that is not found. Missing resource file "daqmx.rc".
/workspace/src/Test measurements/IMD/Protocols/I2S Protocol MeasurementLink Prototype/audio_acMeasurement/subVIs/Perform Audio Measurements.vi (audio_acMeasurement.lvlib:Perform Audio Measurements.vi)
    - The VI expected to be at "/CommonUtilities/dB to volts.vi" was loaded from "/workspace/src/Test measurements/IMD/Prototype for Audio AC Measurement Python/audio_ac/Create AC Measurement DLL/Dependencies/dB to volts.vi".
    - The VI expected to be at "/CommonUtilities/Volts to dB.vi" was loaded from "/workspace/src/Test measurements/IMD/Prototype for Audio AC Measurement Python/audio_ac/Create AC Measurement DLL/Dependencies/Volts to dB.vi".
/workspace/src/Test measurements/IMD/Protocols/I2S Protocol MeasurementLink Prototype/audio_acMeasurement.lvproj (audio_acMeasurement.lvproj)
    - The VI expected to be at "/CommonUtilities/Volts to dB.vi" was loaded from "/workspace/src/Test measurements/IMD/Prototype for Audio AC Measurement Python/audio_ac/Create AC Measurement DLL/Dependencies/Volts to dB.vi".
    - The VI expected to be at "/CommonUtilities/dB to volts.vi" was loaded from "/workspace/src/Test measurements/IMD/Prototype for Audio AC Measurement Python/audio_ac/Create AC Measurement DLL/Dependencies/dB to volts.vi".
  ### Bad VI:    "audio_acMeasurement.lvlib:Get UI Details.vi"	Path="/workspace/src/Test measurements/IMD/Protocols/I2S Protocol MeasurementLink Prototype/audio_acMeasurement/Get UI Details.vi" 
  ### Bad VI:    "audio_acMeasurement.lvlib:Get Type Specializations.vi"	Path="/workspace/src/Test measurements/IMD/Protocols/I2S Protocol MeasurementLink Prototype/audio_acMeasurement/Get Type Specializations.vi" 
  ### Bad VI:    "audio_acMeasurement.lvlib:Perform Audio Measurements.vi"	Path="/workspace/src/Test measurements/IMD/Protocols/I2S Protocol MeasurementLink Prototype/audio_acMeasurement/subVIs/Perform Audio Measurements.vi" 
  ### Bad VI:    "audio_acMeasurement.lvlib:Generate single tone waveform.vi"	Path="/workspace/src/Test measurements/IMD/Protocols/I2S Protocol MeasurementLink Prototype/audio_acMeasurement/subVIs/Generate single tone waveform.vi" 
  ### Bad VI:    "audio_acMeasurement.lvlib:Configure I2S settings.vi"	Path="/workspace/src/Test measurements/IMD/Protocols/I2S Protocol MeasurementLink Prototype/audio_acMeasurement/subVIs/Configure I2S settings.vi" 
  ### Bad VI:    "audio_acMeasurement.lvlib:Measurement Logic.vi"	Path="/workspace/src/Test measurements/IMD/Protocols/I2S Protocol MeasurementLink Prototype/audio_acMeasurement/Measurement Logic.vi" 
  ### Bad VI:    "audio_acMeasurement.lvlib:Get Measurement Details.vi"	Path="/workspace/src/Test measurements/IMD/Protocols/I2S Protocol MeasurementLink Prototype/audio_acMeasurement/Get Measurement Details.vi" 
  ### Bad VI:    "audio_acMeasurement.lvlib:MeasurementPlugin.lvclass:Get Plugin Paths.vi"	Path="/workspace/src/Test measurements/IMD/Protocols/I2S Protocol MeasurementLink Prototype/audio_acMeasurement/Advanced/Get Plugin Paths.vi" 
  ### Bad VI:    "audio_acMeasurement.lvlib:MeasurementPlugin.lvclass:Pack For Grpc.vi"	Path="/workspace/src/Test measurements/IMD/Protocols/I2S Protocol MeasurementLink Prototype/audio_acMeasurement/Advanced/Pack For Grpc.vi" 
  ### Bad VI:    "audio_acMeasurement.lvlib:MeasurementPlugin.lvclass:Unpack For Grpc.vi"	Path="/workspace/src/Test measurements/IMD/Protocols/I2S Protocol MeasurementLink Prototype/audio_acMeasurement/Advanced/Unpack For Grpc.vi" 
  ### Bad VI:    "audio_acMeasurement.lvlib:Post-Build Action.vi"	Path="/workspace/src/Test measurements/IMD/Protocols/I2S Protocol MeasurementLink Prototype/audio_acMeasurement/Advanced/Build Assets/Post-Build Action.vi" 
  ### Bad VI:    "audio_acMeasurement.lvlib:Get UI Details.vi"	Path="/workspace/src/Test measurements/IMD/Protocols/I2S Protocol MeasurementLink Prototype/audio_acMeasurement/Get UI Details.vi" 
  ### Bad VI:    "audio_acMeasurement.lvlib:Get Type Specializations.vi"	Path="/workspace/src/Test measurements/IMD/Protocols/I2S Protocol MeasurementLink Prototype/audio_acMeasurement/Get Type Specializations.vi" 
  ### Bad VI:    "audio_acMeasurement.lvlib:Perform Audio Measurements.vi"	Path="/workspace/src/Test measurements/IMD/Protocols/I2S Protocol MeasurementLink Prototype/audio_acMeasurement/subVIs/Perform Audio Measurements.vi" 
  ### Bad VI:    "audio_acMeasurement.lvlib:Generate single tone waveform.vi"	Path="/workspace/src/Test measurements/IMD/Protocols/I2S Protocol MeasurementLink Prototype/audio_acMeasurement/subVIs/Generate single tone waveform.vi" 
  ### Bad VI:    "audio_acMeasurement.lvlib:Configure I2S settings.vi"	Path="/workspace/src/Test measurements/IMD/Protocols/I2S Protocol MeasurementLink Prototype/audio_acMeasurement/subVIs/Configure I2S settings.vi" 
  ### Bad VI:    "audio_acMeasurement.lvlib:Measurement Logic.vi"	Path="/workspace/src/Test measurements/IMD/Protocols/I2S Protocol MeasurementLink Prototype/audio_acMeasurement/Measurement Logic.vi" 
  ### Bad VI:    "audio_acMeasurement.lvlib:Get Measurement Details.vi"	Path="/workspace/src/Test measurements/IMD/Protocols/I2S Protocol MeasurementLink Prototype/audio_acMeasurement/Get Measurement Details.vi" 
  ### Bad VI:    "audio_acMeasurement.lvlib:MeasurementPlugin.lvclass:Get Plugin Paths.vi"	Path="/workspace/src/Test measurements/IMD/Protocols/I2S Protocol MeasurementLink Prototype/audio_acMeasurement/Advanced/Get Plugin Paths.vi" 
  ### Bad VI:    "audio_acMeasurement.lvlib:MeasurementPlugin.lvclass:Pack For Grpc.vi"	Path="/workspace/src/Test measurements/IMD/Protocols/I2S Protocol MeasurementLink Prototype/audio_acMeasurement/Advanced/Pack For Grpc.vi" 
  ### Bad VI:    "audio_acMeasurement.lvlib:MeasurementPlugin.lvclass:Unpack For Grpc.vi"	Path="/workspace/src/Test measurements/IMD/Protocols/I2S Protocol MeasurementLink Prototype/audio_acMeasurement/Advanced/Unpack For Grpc.vi" 
  ### Bad VI:    "audio_acMeasurement.lvlib:Get UI Details.vi"	Path="/workspace/src/Test measurements/IMD/Protocols/I2S Protocol MeasurementLink Prototype/audio_acMeasurement/Get UI Details.vi" 
  ### Bad VI:    "audio_acMeasurement.lvlib:Get Type Specializations.vi"	Path="/workspace/src/Test measurements/IMD/Protocols/I2S Protocol MeasurementLink Prototype/audio_acMeasurement/Get Type Specializations.vi" 
  ### Bad VI:    "audio_acMeasurement.lvlib:Perform Audio Measurements.vi"	Path="/workspace/src/Test measurements/IMD/Protocols/I2S Protocol MeasurementLink Prototype/audio_acMeasurement/subVIs/Perform Audio Measurements.vi" 
  ### Bad VI:    "audio_acMeasurement.lvlib:Generate single tone waveform.vi"	Path="/workspace/src/Test measurements/IMD/Protocols/I2S Protocol MeasurementLink Prototype/audio_acMeasurement/subVIs/Generate single tone waveform.vi" 
  ### Bad VI:    "audio_acMeasurement.lvlib:Configure I2S settings.vi"	Path="/workspace/src/Test measurements/IMD/Protocols/I2S Protocol MeasurementLink Prototype/audio_acMeasurement/subVIs/Configure I2S settings.vi" 
  ### Bad VI:    "audio_acMeasurement.lvlib:Measurement Logic.vi"	Path="/workspace/src/Test measurements/IMD/Protocols/I2S Protocol MeasurementLink Prototype/audio_acMeasurement/Measurement Logic.vi" 
  ### Bad VI:    "audio_acMeasurement.lvlib:Get Measurement Details.vi"	Path="/workspace/src/Test measurements/IMD/Protocols/I2S Protocol MeasurementLink Prototype/audio_acMeasurement/Get Measurement Details.vi" 
  ### Bad VI:    "audio_acMeasurement.lvlib:MeasurementPlugin.lvclass:Get Plugin Paths.vi"	Path="/workspace/src/Test measurements/IMD/Protocols/I2S Protocol MeasurementLink Prototype/audio_acMeasurement/Advanced/Get Plugin Paths.vi" 
  ### Bad VI:    "audio_acMeasurement.lvlib:MeasurementPlugin.lvclass:Pack For Grpc.vi"	Path="/workspace/src/Test measurements/IMD/Protocols/I2S Protocol MeasurementLink Prototype/audio_acMeasurement/Advanced/Pack For Grpc.vi" 
  ### Bad VI:    "audio_acMeasurement.lvlib:MeasurementPlugin.lvclass:Unpack For Grpc.vi"	Path="/workspace/src/Test measurements/IMD/Protocols/I2S Protocol MeasurementLink Prototype/audio_acMeasurement/Advanced/Unpack For Grpc.vi" 
  ### Bad VI:    "audio_acMeasurement.lvlib:Run Service.vi"	Path="/workspace/src/Test measurements/IMD/Protocols/I2S Protocol MeasurementLink Prototype/audio_acMeasurement/Run Service.vi" 
Search failed to find "PDM Shared.lvlib:clock mode.ctl" previously from "/<vilib>/PDM Acquisition Toolkit/shared/controls/clock mode.ctl"  +=+   Caller: "Finite Acquisition (I2S) - old API.vi"
Search failed to find "PDM Acquisition Toolkit.lvlib:Configure Simulation Mode - I2S Input Task.vi" previously from "/<vilib>/PDM Acquisition Toolkit/host/API/Public/Utility/Configure Simulation Mode - I2S Input Task.vi"  +=+   Caller: "Finite Acquisition (I2S) - old API.vi"
  ### Bad VI:    "Finite Acquisition (I2S) - old API.vi"	Path="/workspace/src/Test measurements/IMD/Protocols/POC/Cirrus Logic/Finite Acquisition (I2S) - old API.vi" 
/workspace/src/Test measurements/IMD/Protocols/POC/Cirrus Logic/Finite Acquisition (I2S) - old API.vi (Finite Acquisition (I2S) - old API.vi)
    - The control expected to be at "/workspace/src/Test measurements/IMD/Users/Admin/Desktop/Release audio branch/Audio/audio_d/audio_MeasurementService/source/measurements/ac/audio_acMeasurement/Measurement Results.ctl" was loaded from "/workspace/src/Test measurements/IMD/Prototype for modal dialog/measurement proto on modal dialog/ac/audio_acMeasurement/Measurement Results.ctl".
    - The VI expected to be at "/workspace/src/Test measurements/IMD/Users/Admin/Desktop/Release audio branch/CommonUtilities/Volts to dB.vi" was loaded from "/workspace/src/Test measurements/IMD/Prototype for Audio AC Measurement Python/audio_ac/Create AC Measurement DLL/Dependencies/Volts to dB.vi".
    - The VI expected to be at "/workspace/src/Test measurements/IMD/Users/Admin/Desktop/Release audio branch/CommonUtilities/dB to volts.vi" was loaded from "/workspace/src/Test measurements/IMD/Prototype for Audio AC Measurement Python/audio_ac/Create AC Measurement DLL/Dependencies/dB to volts.vi".
/workspace/src/Test measurements/IMD/Prototype for modal dialog/measurement proto on modal dialog/ac/audio_acMeasurement/subVIs/Generate single tone waveform.vi (audio_acMeasurement.lvlib:Generate single tone waveform.vi)
    - The VI expected to be at "/workspace/CommonUtilities/dB to volts.vi" was loaded from "/workspace/src/Test measurements/IMD/Prototype for Audio AC Measurement Python/audio_ac/Create AC Measurement DLL/Dependencies/dB to volts.vi".
/workspace/src/Test measurements/IMD/Prototype for modal dialog/measurement proto on modal dialog/ac/audio_acMeasurement/Measurement Logic.vi (audio_acMeasurement.lvlib:Measurement Logic.vi)
    - This VI needs a driver or toolkit component that is not found. Missing resource file "daqmx.rc".
/workspace/src/Test measurements/IMD/Prototype for modal dialog/measurement proto on modal dialog/ac/audio_acMeasurement/subVIs/Perform Audio Measurements.vi (audio_acMeasurement.lvlib:Perform Audio Measurements.vi)
    - The VI expected to be at "/workspace/CommonUtilities/Volts to dB.vi" was loaded from "/workspace/src/Test measurements/IMD/Prototype for Audio AC Measurement Python/audio_ac/Create AC Measurement DLL/Dependencies/Volts to dB.vi".
    - The VI expected to be at "/workspace/CommonUtilities/dB to volts.vi" was loaded from "/workspace/src/Test measurements/IMD/Prototype for Audio AC Measurement Python/audio_ac/Create AC Measurement DLL/Dependencies/dB to volts.vi".
Search failed to find "PCM Interface Type.ctl" previously from "/workspace/src/Test measurements/IMD/Program Files/National Instruments/LabVIEW 2021/examples/PDM Acquisition Toolkit/subVIs/PCM Interface Type.ctl"  +=+   Caller: "FlexibleBlock - Finite PCM Acquisition(Slave) - I2S.vi"
Search failed to find "PDM Acquisition Toolkit.lvlib:Configure Simulation Mode - PCM Input Task.vi" previously from "/<vilib>/PDM Acquisition Toolkit/host/API/Public/Utility/Configure Simulation Mode - PCM Input Task.vi"  +=+   Caller: "FlexibleBlock - Finite PCM Acquisition(Slave) - I2S.vi"
Search failed to find "Get default PCM configuration.vi" previously from "/workspace/src/Test measurements/IMD/Program Files/National Instruments/LabVIEW 2021/examples/PDM Acquisition Toolkit/subVIs/Get default PCM configuration.vi"  +=+   Caller: "FlexibleBlock - Finite PCM Acquisition(Slave) - I2S.vi"
  ### Bad VI:    "FlexibleBlock - Finite PCM Acquisition(Slave) - I2S.vi"	Path="/workspace/src/Test measurements/IMD/Protocols/POC/Cirrus Logic/FlexibleBlock - Finite PCM Acquisition(Slave) - I2S.vi" 
/workspace/src/Test measurements/IMD/Protocols/POC/Cirrus Logic/FlexibleBlock - Finite PCM Acquisition(Slave) - I2S.vi (FlexibleBlock - Finite PCM Acquisition(Slave) - I2S.vi)
    - The control expected to be at "/workspace/src/Test measurements/IMD/Users/Admin/Desktop/Release audio branch/Audio/audio_d/audio_MeasurementService/source/measurements/ac/audio_acMeasurement/Measurement Results.ctl" was loaded from "/workspace/src/Test measurements/IMD/Prototype for modal dialog/measurement proto on modal dialog/ac/audio_acMeasurement/Measurement Results.ctl".
    - The VI expected to be at "/workspace/src/Test measurements/IMD/Users/Admin/Desktop/Release audio branch/CommonUtilities/Volts to dB.vi" was loaded from "/workspace/src/Test measurements/IMD/Prototype for Audio AC Measurement Python/audio_ac/Create AC Measurement DLL/Dependencies/Volts to dB.vi".
    - The VI expected to be at "/workspace/src/Test measurements/IMD/Users/Admin/Desktop/Release audio branch/CommonUtilities/dB to volts.vi" was loaded from "/workspace/src/Test measurements/IMD/Prototype for Audio AC Measurement Python/audio_ac/Create AC Measurement DLL/Dependencies/dB to volts.vi".
Search failed to find "PDM Shared.lvlib:Digital Edge.ctl" previously from "/<vilib>/PDM Acquisition Toolkit/shared/controls/Digital Edge.ctl"  +=+   Caller: "FlexibleBlock - Finite PCM Acquisition(Slave) - Left justified.vi"
  ### Bad VI:    "FlexibleBlock - Finite PCM Acquisition(Slave) - Left justified.vi"	Path="/workspace/src/Test measurements/IMD/Protocols/POC/Cirrus Logic/FlexibleBlock - Finite PCM Acquisition(Slave) - Left justified.vi" 
/workspace/src/Test measurements/IMD/Protocols/POC/Cirrus Logic/FlexibleBlock - Finite PCM Acquisition(Slave) - Left justified.vi (FlexibleBlock - Finite PCM Acquisition(Slave) - Left justified.vi)
    - The control expected to be at "/workspace/src/Test measurements/IMD/Users/Admin/Desktop/Release audio branch/Audio/audio_d/audio_MeasurementService/source/measurements/ac/audio_acMeasurement/Measurement Results.ctl" was loaded from "/workspace/src/Test measurements/IMD/Prototype for modal dialog/measurement proto on modal dialog/ac/audio_acMeasurement/Measurement Results.ctl".
    - The VI expected to be at "/workspace/src/Test measurements/IMD/Users/Admin/Desktop/Release audio branch/CommonUtilities/Volts to dB.vi" was loaded from "/workspace/src/Test measurements/IMD/Prototype for Audio AC Measurement Python/audio_ac/Create AC Measurement DLL/Dependencies/Volts to dB.vi".
    - The VI expected to be at "/workspace/src/Test measurements/IMD/Users/Admin/Desktop/Release audio branch/CommonUtilities/dB to volts.vi" was loaded from "/workspace/src/Test measurements/IMD/Prototype for Audio AC Measurement Python/audio_ac/Create AC Measurement DLL/Dependencies/dB to volts.vi".
  ### Bad VI:    "FlexibleBlock - Finite PCM Acquisition(Slave) - I2S new TI.vi"	Path="/workspace/src/Test measurements/IMD/Protocols/POC/TI/FlexibleBlock - Finite PCM Acquisition(Slave) - I2S new TI.vi" 
/workspace/src/Test measurements/IMD/Protocols/POC/TI/FlexibleBlock - Finite PCM Acquisition(Slave) - I2S new TI.vi (FlexibleBlock - Finite PCM Acquisition(Slave) - I2S new TI.vi)
    - The control expected to be at "/workspace/src/Test measurements/Users/Admin/Desktop/Release audio branch/Audio/audio_d/audio_MeasurementService/source/measurements/ac/audio_acMeasurement/Measurement Results.ctl" was loaded from "/workspace/src/Test measurements/IMD/Prototype for modal dialog/measurement proto on modal dialog/ac/audio_acMeasurement/Measurement Results.ctl".
    - The VI expected to be at "/workspace/src/Test measurements/Users/Admin/Desktop/Release audio branch/CommonUtilities/Volts to dB.vi" was loaded from "/workspace/src/Test measurements/IMD/Prototype for Audio AC Measurement Python/audio_ac/Create AC Measurement DLL/Dependencies/Volts to dB.vi".
    - The VI expected to be at "/workspace/src/Test measurements/Users/Admin/Desktop/Release audio branch/CommonUtilities/dB to volts.vi" was loaded from "/workspace/src/Test measurements/IMD/Prototype for Audio AC Measurement Python/audio_ac/Create AC Measurement DLL/Dependencies/dB to volts.vi".
  ### Bad VI:    "FlexibleBlock - Finite PCM Acquisition(Slave) - Left justified TI.vi"	Path="/workspace/src/Test measurements/IMD/Protocols/POC/TI/FlexibleBlock - Finite PCM Acquisition(Slave) - Left justified TI.vi" 
/workspace/src/Test measurements/IMD/Protocols/POC/TI/FlexibleBlock - Finite PCM Acquisition(Slave) - Left justified TI.vi (FlexibleBlock - Finite PCM Acquisition(Slave) - Left justified TI.vi)
    - The control expected to be at "/workspace/src/Test measurements/Users/Admin/Desktop/Release audio branch/Audio/audio_d/audio_MeasurementService/source/measurements/ac/audio_acMeasurement/Measurement Results.ctl" was loaded from "/workspace/src/Test measurements/IMD/Prototype for modal dialog/measurement proto on modal dialog/ac/audio_acMeasurement/Measurement Results.ctl".
    - The VI expected to be at "/workspace/src/Test measurements/Users/Admin/Desktop/Release audio branch/CommonUtilities/Volts to dB.vi" was loaded from "/workspace/src/Test measurements/IMD/Prototype for Audio AC Measurement Python/audio_ac/Create AC Measurement DLL/Dependencies/Volts to dB.vi".
    - The VI expected to be at "/workspace/src/Test measurements/Users/Admin/Desktop/Release audio branch/CommonUtilities/dB to volts.vi" was loaded from "/workspace/src/Test measurements/IMD/Prototype for Audio AC Measurement Python/audio_ac/Create AC Measurement DLL/Dependencies/dB to volts.vi".
  ### Bad VI:    "FlexibleBlock - Finite PCM Acquisition(Slave) - Right Justified TI.vi"	Path="/workspace/src/Test measurements/IMD/Protocols/POC/TI/FlexibleBlock - Finite PCM Acquisition(Slave) - Right Justified TI.vi" 
/workspace/src/Test measurements/IMD/Protocols/POC/TI/FlexibleBlock - Finite PCM Acquisition(Slave) - Right Justified TI.vi (FlexibleBlock - Finite PCM Acquisition(Slave) - Right Justified TI.vi)
    - The control expected to be at "/workspace/src/Test measurements/Users/Admin/Desktop/Release audio branch/Audio/audio_d/audio_MeasurementService/source/measurements/ac/audio_acMeasurement/Measurement Results.ctl" was loaded from "/workspace/src/Test measurements/IMD/Prototype for modal dialog/measurement proto on modal dialog/ac/audio_acMeasurement/Measurement Results.ctl".
    - The VI expected to be at "/workspace/src/Test measurements/Users/Admin/Desktop/Release audio branch/CommonUtilities/Volts to dB.vi" was loaded from "/workspace/src/Test measurements/IMD/Prototype for Audio AC Measurement Python/audio_ac/Create AC Measurement DLL/Dependencies/Volts to dB.vi".
    - The VI expected to be at "/workspace/src/Test measurements/Users/Admin/Desktop/Release audio branch/CommonUtilities/dB to volts.vi" was loaded from "/workspace/src/Test measurements/IMD/Prototype for Audio AC Measurement Python/audio_ac/Create AC Measurement DLL/Dependencies/dB to volts.vi".
  ### Bad VI:    "FlexibleBlock - Finite PCM Acquisition(Slave) - TDM TI.vi"	Path="/workspace/src/Test measurements/IMD/Protocols/POC/TI/FlexibleBlock - Finite PCM Acquisition(Slave) - TDM TI.vi" 
/workspace/src/Test measurements/IMD/Protocols/POC/TI/FlexibleBlock - Finite PCM Acquisition(Slave) - TDM TI.vi (FlexibleBlock - Finite PCM Acquisition(Slave) - TDM TI.vi)
    - The control expected to be at "/workspace/src/Test measurements/audio_d/audio_MeasurementService/source/measurements/ac/audio_acMeasurement/Measurement Results.ctl" was loaded from "/workspace/src/Test measurements/IMD/Prototype for modal dialog/measurement proto on modal dialog/ac/audio_acMeasurement/Measurement Results.ctl".
    - The VI expected to be at "/workspace/src/CommonUtilities/Volts to dB.vi" was loaded from "/workspace/src/Test measurements/IMD/Prototype for Audio AC Measurement Python/audio_ac/Create AC Measurement DLL/Dependencies/Volts to dB.vi".
    - The VI expected to be at "/workspace/src/CommonUtilities/dB to volts.vi" was loaded from "/workspace/src/Test measurements/IMD/Prototype for Audio AC Measurement Python/audio_ac/Create AC Measurement DLL/Dependencies/dB to volts.vi".
Search failed to find "Protocol Configurations.ctl" previously from "/workspace/src/Test measurements/IMD/shared/controls/Protocol Configurations.ctl"  +=+   Caller: "audio_acMeasurement.lvlib:Measurement Logic.vi"
Search failed to find "Settings.ctl" previously from "/workspace/src/Test measurements/IMD/shared/controls/Settings.ctl"  +=+   Caller: "audio_acMeasurement.lvlib:Measurement Logic.vi"
Search failed to find "SV Sinusoid.lvclass" previously from "/usr/local/natinst/LabVIEW-2026-64/vi.lib/addons/_NISVFA/_Generation/Signal Generation/SV Sinusoid/SV Sinusoid.lvclass"
Search failed to find "MeasurementContext.lvclass" previously from "/usr/local/natinst/LabVIEW-2026-64/vi.lib/MeasurementLink/MeasurementLink Measurement Server/Classes/MeasurementContext/MeasurementContext.lvclass"
Search failed to find "PCM Input Task.lvclass" previously from "/usr/local/natinst/LabVIEW-2026-64/vi.lib/PDM Acquisition Toolkit/host/Classes/Tasks/PCM Input/PCM Input Task.lvclass"
  ### Bad VI:    "audio_acMeasurement.lvlib:Get UI Details.vi"	Path="/workspace/src/Test measurements/IMD/Protocols/POC for refresh the filename/audio_acMeasurement/Get UI Details.vi" 
  ### Bad VI:    "audio_acMeasurement.lvlib:Get Type Specializations.vi"	Path="/workspace/src/Test measurements/IMD/Protocols/POC for refresh the filename/audio_acMeasurement/Get Type Specializations.vi" 
  ### Bad VI:    "Configure Protocol Settings.vi"	Path="/workspace/src/Test measurements/IMD/Prototype for modal dialog/shared/subVIs/Configure Protocol Settings.vi" 
  ### Bad VI:    "audio_acMeasurement.lvlib:Perform Audio Measurements.vi"	Path="/workspace/src/Test measurements/IMD/Protocols/POC for refresh the filename/audio_acMeasurement/subVIs/Perform Audio Measurements.vi" 
  ### Bad VI:    "audio_acMeasurement.lvlib:Generate single tone waveform.vi"	Path="/workspace/src/Test measurements/IMD/Protocols/POC for refresh the filename/audio_acMeasurement/subVIs/Generate single tone waveform.vi" 
  ### Bad VI:    "audio_acMeasurement.lvlib:Measurement Logic.vi"	Path="/workspace/src/Test measurements/IMD/Protocols/POC for refresh the filename/audio_acMeasurement/Measurement Logic.vi" 
  ### Bad VI:    "audio_acMeasurement.lvlib:Get Measurement Details.vi"	Path="/workspace/src/Test measurements/IMD/Protocols/POC for refresh the filename/audio_acMeasurement/Get Measurement Details.vi" 
  ### Bad VI:    "audio_acMeasurement.lvlib:MeasurementPlugin.lvclass:Get Plugin Paths.vi"	Path="/workspace/src/Test measurements/IMD/Protocols/POC for refresh the filename/audio_acMeasurement/Advanced/Get Plugin Paths.vi" 
  ### Bad VI:    "audio_acMeasurement.lvlib:MeasurementPlugin.lvclass:Pack For Grpc.vi"	Path="/workspace/src/Test measurements/IMD/Protocols/POC for refresh the filename/audio_acMeasurement/Advanced/Pack For Grpc.vi" 
  ### Bad VI:    "audio_acMeasurement.lvlib:MeasurementPlugin.lvclass:Unpack For Grpc.vi"	Path="/workspace/src/Test measurements/IMD/Protocols/POC for refresh the filename/audio_acMeasurement/Advanced/Unpack For Grpc.vi" 
/workspace/src/Test measurements/IMD/Protocols/POC for refresh the filename/audio_acMeasurement/subVIs/Generate single tone waveform.vi (audio_acMeasurement.lvlib:Generate single tone waveform.vi)
    - The VI expected to be at "/CommonUtilities/dB to volts.vi" was loaded from "/workspace/src/Test measurements/IMD/Prototype for Audio AC Measurement Python/audio_ac/Create AC Measurement DLL/Dependencies/dB to volts.vi".
/workspace/src/Test measurements/IMD/Protocols/POC for refresh the filename/audio_acMeasurement/Measurement Logic.vi (audio_acMeasurement.lvlib:Measurement Logic.vi)
    - The VI expected to be at "/workspace/src/Test measurements/IMD/shared/subVIs/Read Protocol Settings from JSON.vi" was loaded from "/workspace/src/Test measurements/IMD/Prototype for modal dialog/shared/subVIs/Read Protocol Settings from JSON.vi".
    - The VI expected to be at "/workspace/src/Test measurements/IMD/shared/subVIs/Configure Protocol Settings.vi" was loaded from "/workspace/src/Test measurements/IMD/Prototype for modal dialog/shared/subVIs/Configure Protocol Settings.vi".
    - This VI needs a driver or toolkit component that is not found. Missing resource file "daqmx.rc".
/workspace/src/Test measurements/IMD/Protocols/POC for refresh the filename/audio_acMeasurement/subVIs/Perform Audio Measurements.vi (audio_acMeasurement.lvlib:Perform Audio Measurements.vi)
    - The VI expected to be at "/CommonUtilities/Volts to dB.vi" was loaded from "/workspace/src/Test measurements/IMD/Prototype for Audio AC Measurement Python/audio_ac/Create AC Measurement DLL/Dependencies/Volts to dB.vi".
    - The VI expected to be at "/CommonUtilities/dB to volts.vi" was loaded from "/workspace/src/Test measurements/IMD/Prototype for Audio AC Measurement Python/audio_ac/Create AC Measurement DLL/Dependencies/dB to volts.vi".
/workspace/src/Test measurements/IMD/Protocols/POC for refresh the filename/audio_acMeasurement.lvproj (audio_acMeasurement.lvproj)
    - The VI expected to be at "/CommonUtilities/Volts to dB.vi" was loaded from "/workspace/src/Test measurements/IMD/Prototype for Audio AC Measurement Python/audio_ac/Create AC Measurement DLL/Dependencies/Volts to dB.vi".
    - The VI expected to be at "/CommonUtilities/dB to volts.vi" was loaded from "/workspace/src/Test measurements/IMD/Prototype for Audio AC Measurement Python/audio_ac/Create AC Measurement DLL/Dependencies/dB to volts.vi".
    - The VI expected to be at "/workspace/src/Test measurements/IMD/shared/subVIs/Read Protocol Settings from JSON.vi" was loaded from "/workspace/src/Test measurements/IMD/Prototype for modal dialog/shared/subVIs/Read Protocol Settings from JSON.vi".
    - The VI expected to be at "/workspace/src/Test measurements/IMD/shared/subVIs/Configure Protocol Settings.vi" was loaded from "/workspace/src/Test measurements/IMD/Prototype for modal dialog/shared/subVIs/Configure Protocol Settings.vi".
  ### Bad VI:    "audio_acMeasurement.lvlib:Get UI Details.vi"	Path="/workspace/src/Test measurements/IMD/Protocols/POC for refresh the filename/audio_acMeasurement/Get UI Details.vi" 
  ### Bad VI:    "audio_acMeasurement.lvlib:Get Type Specializations.vi"	Path="/workspace/src/Test measurements/IMD/Protocols/POC for refresh the filename/audio_acMeasurement/Get Type Specializations.vi" 
  ### Bad VI:    "Configure Protocol Settings.vi"	Path="/workspace/src/Test measurements/IMD/Prototype for modal dialog/shared/subVIs/Configure Protocol Settings.vi" 
  ### Bad VI:    "audio_acMeasurement.lvlib:Perform Audio Measurements.vi"	Path="/workspace/src/Test measurements/IMD/Protocols/POC for refresh the filename/audio_acMeasurement/subVIs/Perform Audio Measurements.vi" 
  ### Bad VI:    "audio_acMeasurement.lvlib:Generate single tone waveform.vi"	Path="/workspace/src/Test measurements/IMD/Protocols/POC for refresh the filename/audio_acMeasurement/subVIs/Generate single tone waveform.vi" 
  ### Bad VI:    "audio_acMeasurement.lvlib:Measurement Logic.vi"	Path="/workspace/src/Test measurements/IMD/Protocols/POC for refresh the filename/audio_acMeasurement/Measurement Logic.vi" 
  ### Bad VI:    "audio_acMeasurement.lvlib:Get Measurement Details.vi"	Path="/workspace/src/Test measurements/IMD/Protocols/POC for refresh the filename/audio_acMeasurement/Get Measurement Details.vi" 
  ### Bad VI:    "audio_acMeasurement.lvlib:MeasurementPlugin.lvclass:Get Plugin Paths.vi"	Path="/workspace/src/Test measurements/IMD/Protocols/POC for refresh the filename/audio_acMeasurement/Advanced/Get Plugin Paths.vi" 
  ### Bad VI:    "audio_acMeasurement.lvlib:MeasurementPlugin.lvclass:Pack For Grpc.vi"	Path="/workspace/src/Test measurements/IMD/Protocols/POC for refresh the filename/audio_acMeasurement/Advanced/Pack For Grpc.vi" 
  ### Bad VI:    "audio_acMeasurement.lvlib:MeasurementPlugin.lvclass:Unpack For Grpc.vi"	Path="/workspace/src/Test measurements/IMD/Protocols/POC for refresh the filename/audio_acMeasurement/Advanced/Unpack For Grpc.vi" 
  ### Bad VI:    "audio_acMeasurement.lvlib:Post-Build Action.vi"	Path="/workspace/src/Test measurements/IMD/Protocols/POC for refresh the filename/audio_acMeasurement/Advanced/Build Assets/Post-Build Action.vi" 
  ### Bad VI:    "audio_acMeasurement.lvlib:Get UI Details.vi"	Path="/workspace/src/Test measurements/IMD/Protocols/POC for refresh the filename/audio_acMeasurement/Get UI Details.vi" 
  ### Bad VI:    "audio_acMeasurement.lvlib:Get Type Specializations.vi"	Path="/workspace/src/Test measurements/IMD/Protocols/POC for refresh the filename/audio_acMeasurement/Get Type Specializations.vi" 
  ### Bad VI:    "Configure Protocol Settings.vi"	Path="/workspace/src/Test measurements/IMD/Prototype for modal dialog/shared/subVIs/Configure Protocol Settings.vi" 
  ### Bad VI:    "audio_acMeasurement.lvlib:Perform Audio Measurements.vi"	Path="/workspace/src/Test measurements/IMD/Protocols/POC for refresh the filename/audio_acMeasurement/subVIs/Perform Audio Measurements.vi" 
  ### Bad VI:    "audio_acMeasurement.lvlib:Generate single tone waveform.vi"	Path="/workspace/src/Test measurements/IMD/Protocols/POC for refresh the filename/audio_acMeasurement/subVIs/Generate single tone waveform.vi" 
  ### Bad VI:    "audio_acMeasurement.lvlib:Measurement Logic.vi"	Path="/workspace/src/Test measurements/IMD/Protocols/POC for refresh the filename/audio_acMeasurement/Measurement Logic.vi" 
  ### Bad VI:    "audio_acMeasurement.lvlib:Get Measurement Details.vi"	Path="/workspace/src/Test measurements/IMD/Protocols/POC for refresh the filename/audio_acMeasurement/Get Measurement Details.vi" 
  ### Bad VI:    "audio_acMeasurement.lvlib:MeasurementPlugin.lvclass:Get Plugin Paths.vi"	Path="/workspace/src/Test measurements/IMD/Protocols/POC for refresh the filename/audio_acMeasurement/Advanced/Get Plugin Paths.vi" 
  ### Bad VI:    "audio_acMeasurement.lvlib:MeasurementPlugin.lvclass:Pack For Grpc.vi"	Path="/workspace/src/Test measurements/IMD/Protocols/POC for refresh the filename/audio_acMeasurement/Advanced/Pack For Grpc.vi" 
  ### Bad VI:    "audio_acMeasurement.lvlib:MeasurementPlugin.lvclass:Unpack For Grpc.vi"	Path="/workspace/src/Test measurements/IMD/Protocols/POC for refresh the filename/audio_acMeasurement/Advanced/Unpack For Grpc.vi" 
  ### Bad VI:    "audio_acMeasurement.lvlib:Get UI Details.vi"	Path="/workspace/src/Test measurements/IMD/Protocols/POC for refresh the filename/audio_acMeasurement/Get UI Details.vi" 
  ### Bad VI:    "audio_acMeasurement.lvlib:Get Type Specializations.vi"	Path="/workspace/src/Test measurements/IMD/Protocols/POC for refresh the filename/audio_acMeasurement/Get Type Specializations.vi" 
  ### Bad VI:    "Configure Protocol Settings.vi"	Path="/workspace/src/Test measurements/IMD/Prototype for modal dialog/shared/subVIs/Configure Protocol Settings.vi" 
  ### Bad VI:    "audio_acMeasurement.lvlib:Perform Audio Measurements.vi"	Path="/workspace/src/Test measurements/IMD/Protocols/POC for refresh the filename/audio_acMeasurement/subVIs/Perform Audio Measurements.vi" 
  ### Bad VI:    "audio_acMeasurement.lvlib:Generate single tone waveform.vi"	Path="/workspace/src/Test measurements/IMD/Protocols/POC for refresh the filename/audio_acMeasurement/subVIs/Generate single tone waveform.vi" 
  ### Bad VI:    "audio_acMeasurement.lvlib:Measurement Logic.vi"	Path="/workspace/src/Test measurements/IMD/Protocols/POC for refresh the filename/audio_acMeasurement/Measurement Logic.vi" 
  ### Bad VI:    "audio_acMeasurement.lvlib:Get Measurement Details.vi"	Path="/workspace/src/Test measurements/IMD/Protocols/POC for refresh the filename/audio_acMeasurement/Get Measurement Details.vi" 
  ### Bad VI:    "audio_acMeasurement.lvlib:MeasurementPlugin.lvclass:Get Plugin Paths.vi"	Path="/workspace/src/Test measurements/IMD/Protocols/POC for refresh the filename/audio_acMeasurement/Advanced/Get Plugin Paths.vi" 
  ### Bad VI:    "audio_acMeasurement.lvlib:MeasurementPlugin.lvclass:Pack For Grpc.vi"	Path="/workspace/src/Test measurements/IMD/Protocols/POC for refresh the filename/audio_acMeasurement/Advanced/Pack For Grpc.vi" 
  ### Bad VI:    "audio_acMeasurement.lvlib:MeasurementPlugin.lvclass:Unpack For Grpc.vi"	Path="/workspace/src/Test measurements/IMD/Protocols/POC for refresh the filename/audio_acMeasurement/Advanced/Unpack For Grpc.vi" 
  ### Bad VI:    "audio_acMeasurement.lvlib:Run Service.vi"	Path="/workspace/src/Test measurements/IMD/Protocols/POC for refresh the filename/audio_acMeasurement/Run Service.vi" 
Search failed to find "SV Sinusoid.lvclass" previously from "/usr/local/natinst/LabVIEW-2026-64/vi.lib/addons/_NISVFA/_Generation/Signal Generation/SV Sinusoid/SV Sinusoid.lvclass"
Search failed to find "PCM Input Task.lvclass" previously from "/usr/local/natinst/LabVIEW-2026-64/vi.lib/PDM Acquisition Toolkit/host/Classes/Tasks/PCM Input/PCM Input Task.lvclass"
Search failed to find "PDM Acquisition Toolkit.lvlib:Stop PCM Input Task.vi" previously from "/<vilib>/PDM Acquisition Toolkit/host/API/Public/Stop/Stop PCM Input Task.vi"  +=+   Caller: "Acquire PDM Waveform.vi"
Search failed to find "PDM Acquisition Toolkit.lvlib:Stop Task.vi" previously from "/<vilib>/PDM Acquisition Toolkit/host/API/Public/Stop/Stop Task.vi"  +=+   Caller: "Acquire PDM Waveform.vi"
  ### Bad VI:    "Acquire PDM Waveform.vi"	Path="/workspace/src/Test measurements/IMD/Prototype for Audio AC Measurement Python/audio_ac/Create AC Measurement DLL/Acquire PDM Waveform.vi" 
  ### Bad VI:    "Obj To DVR.vi"	Path="/workspace/src/Test measurements/IMD/Prototype for Audio AC Measurement Python/audio_ac/Create AC Measurement DLL/Obj To DVR.vi" 
  ### Bad VI:    "Configure Sine.vi"	Path="/workspace/src/Test measurements/IMD/Prototype for Audio AC Measurement Python/audio_ac/Create AC Measurement DLL/Configure Sine.vi" 
  ### Bad VI:    "DVR To Obj.vi"	Path="/workspace/src/Test measurements/IMD/Prototype for Audio AC Measurement Python/audio_ac/Create AC Measurement DLL/DVR To Obj.vi" 
  ### Bad VI:    "Get DAQmx Product name.vi"	Path="/workspace/src/Test measurements/IMD/Prototype for Audio AC Measurement Python/audio_ac/Create AC Measurement DLL/Get DAQmx Product name.vi" 
/workspace/src/Test measurements/IMD/Prototype for Audio AC Measurement Python/audio_ac/Create AC Measurement DLL/Get DAQmx Product name.vi (Get DAQmx Product name.vi)
    - This VI needs a driver or toolkit component that is not found. Missing resource file "daqmx.rc".
  ### Bad VI:    "Initialize PDM Acquisition.vi"	Path="/workspace/src/Test measurements/IMD/Prototype for Audio AC Measurement Python/audio_ac/Create AC Measurement DLL/Initialize PDM Acquisition.vi" 
  ### Bad VI:    "Perform Measurement.vi"	Path="/workspace/src/Test measurements/IMD/Prototype for Audio AC Measurement Python/audio_ac/Create AC Measurement DLL/Perform Measurement.vi" 
  ### Bad VI:    "Obj To DVR.vi"	Path="/workspace/src/Test measurements/IMD/Prototype for Audio AC Measurement Python/audio_ac/Create AC Measurement DLL/Obj To DVR.vi" 
  ### Bad VI:    "DVR To Obj.vi"	Path="/workspace/src/Test measurements/IMD/Prototype for Audio AC Measurement Python/audio_ac/Create AC Measurement DLL/DVR To Obj.vi" 
  ### Bad VI:    "Set Properties.vi"	Path="/workspace/src/Test measurements/IMD/Prototype for Audio AC Measurement Python/audio_ac/Create AC Measurement DLL/Set Properties.vi" 
  ### Bad VI:    "Obj To DVR.vi"	Path="/workspace/src/Test measurements/IMD/Prototype for Audio AC Measurement Python/audio_ac/Create AC Measurement DLL/Obj To DVR.vi" 
  ### Bad VI:    "DVR To Obj.vi"	Path="/workspace/src/Test measurements/IMD/Prototype for Audio AC Measurement Python/audio_ac/Create AC Measurement DLL/DVR To Obj.vi" 
  ### Bad VI:    "Waveform Gen.vi"	Path="/workspace/src/Test measurements/IMD/Prototype for Audio AC Measurement Python/audio_ac/Create AC Measurement DLL/Waveform Gen.vi" 
  ### Bad VI:    "Perform Measurement.vi"	Path="/workspace/src/Test measurements/IMD/Prototype for Audio AC Measurement Python/audio_ac/Create AC Measurement DLL/Perform Measurement.vi" 
  ### Bad VI:    "Initialize PDM Acquisition.vi"	Path="/workspace/src/Test measurements/IMD/Prototype for Audio AC Measurement Python/audio_ac/Create AC Measurement DLL/Initialize PDM Acquisition.vi" 
  ### Bad VI:    "test.vi"	Path="/workspace/src/Test measurements/IMD/Prototype for Audio AC Measurement Python/audio_ac/Create AC Measurement DLL/test.vi" 
  ### Bad VI:    "Configure Protocol Settings.vi"	Path="/workspace/src/Test measurements/IMD/Prototype for Audio AC Measurement Python/audio_ac/Create AC Measurement DLL/Dependencies/Configure Protocol Settings.vi" 
/workspace/src/Test measurements/IMD/Prototype for Audio AC Measurement Python/audio_ac/Create AC Measurement DLL/Dependencies/Configure Protocol Settings.vi (Configure Protocol Settings.vi)
    - The control expected to be at "/workspace/src/Test measurements/IMD/Prototype for Audio AC Measurement Python/audio_ac/Create AC Measurement DLL/controls/Protocol settings.ctl" was loaded from "/workspace/src/Test measurements/IMD/Prototype for modal dialog/shared/controls/Protocol settings.ctl".
Search failed to find "Detect expert based hardwares.vi" previously from "/workspace/src/CommonUtilities/HW Detection/Detect expert based hardwares.vi"  +=+   Caller: "Detected PDMs.vi"
  ### Bad VI:    "Detected PDMs.vi"	Path="/workspace/src/Test measurements/IMD/Prototype for Audio AC Measurement Python/audio_ac/Create AC Measurement DLL/Dependencies/Detected PDMs.vi" 
Search failed to find "audio_frequencyResponseMeasurement.lvlib:Measurement Configuration.ctl" previously from "/workspace/src/Test measurements/IMD/Prototype for Audio AC Measurement Python/audio_ac/measurements/frequencyResponse/audio_frequencyResponseMeasurement/Measurement Configuration.ctl"  +=+   Caller: "Measurement to Protocol settings.vi"
  ### Bad VI:    "Measurement to Protocol settings.vi"	Path="/workspace/src/Test measurements/IMD/Prototype for Audio AC Measurement Python/audio_ac/Create AC Measurement DLL/Dependencies/Measurement to Protocol settings.vi" 
/workspace/src/Test measurements/IMD/Prototype for Audio AC Measurement Python/audio_ac/Create AC Measurement DLL/Dependencies/Measurement to Protocol settings.vi (Measurement to Protocol settings.vi)
    - The control expected to be at "/workspace/src/Test measurements/IMD/Prototype for Audio AC Measurement Python/audio_ac/Create AC Measurement DLL/controls/Protocol settings.ctl" was loaded from "/workspace/src/Test measurements/IMD/Prototype for modal dialog/shared/controls/Protocol settings.ctl".
  ### Bad VI:    "Update Protocol UI Controls.vi"	Path="/workspace/src/Test measurements/IMD/Prototype for Audio AC Measurement Python/audio_ac/Create AC Measurement DLL/Dependencies/Update Protocol UI Controls.vi" 
Search failed to find "SV Sinusoid.lvclass" previously from "/usr/local/natinst/LabVIEW-2026-64/vi.lib/addons/_NISVFA/_Generation/Signal Generation/SV Sinusoid/SV Sinusoid.lvclass"
Search failed to find "PCM Input Task.lvclass" previously from "/usr/local/natinst/LabVIEW-2026-64/vi.lib/PDM Acquisition Toolkit/host/Classes/Tasks/PCM Input/PCM Input Task.lvclass"
Search failed to find "MeasurementContext.lvclass" previously from "/usr/local/natinst/LabVIEW-2026-64/vi.lib/MeasurementLink/MeasurementLink Measurement Server/Classes/MeasurementContext/MeasurementContext.lvclass"
/workspace/src/Test measurements/IMD/Prototype for modal dialog/measurement proto on modal dialog/ac/audio_acMeasurement/subVIs/Generate single tone waveform.vi (audio_acMeasurement.lvlib:Generate single tone waveform.vi)
    - The VI expected to be at "/workspace/CommonUtilities/dB to volts.vi" was loaded from "/workspace/src/Test measurements/IMD/Prototype for Audio AC Measurement Python/audio_ac/Create AC Measurement DLL/Dependencies/dB to volts.vi".
/workspace/src/Test measurements/IMD/Prototype for modal dialog/measurement proto on modal dialog/ac/audio_acMeasurement/Measurement Logic.vi (audio_acMeasurement.lvlib:Measurement Logic.vi)
    - This VI needs a driver or toolkit component that is not found. Missing resource file "daqmx.rc".
/workspace/src/Test measurements/IMD/Prototype for modal dialog/measurement proto on modal dialog/ac/audio_acMeasurement/subVIs/Perform Audio Measurements.vi (audio_acMeasurement.lvlib:Perform Audio Measurements.vi)
    - The VI expected to be at "/workspace/CommonUtilities/dB to volts.vi" was loaded from "/workspace/src/Test measurements/IMD/Prototype for Audio AC Measurement Python/audio_ac/Create AC Measurement DLL/Dependencies/dB to volts.vi".
    - The VI expected to be at "/workspace/CommonUtilities/Volts to dB.vi" was loaded from "/workspace/src/Test measurements/IMD/Prototype for Audio AC Measurement Python/audio_ac/Create AC Measurement DLL/Dependencies/Volts to dB.vi".
/workspace/src/Test measurements/IMD/Prototype for modal dialog/measurement proto on modal dialog/ac/audio_acMeasurement.lvproj (audio_acMeasurement.lvproj)
    - The VI expected to be at "/workspace/CommonUtilities/Volts to dB.vi" was loaded from "/workspace/src/Test measurements/IMD/Prototype for Audio AC Measurement Python/audio_ac/Create AC Measurement DLL/Dependencies/Volts to dB.vi".
    - The VI expected to be at "/workspace/CommonUtilities/dB to volts.vi" was loaded from "/workspace/src/Test measurements/IMD/Prototype for Audio AC Measurement Python/audio_ac/Create AC Measurement DLL/Dependencies/dB to volts.vi".
  ### Bad VI:    "Configure Protocol Settings.vi"	Path="/workspace/src/Test measurements/IMD/Prototype for modal dialog/shared/subVIs/Configure Protocol Settings.vi" 
  ### Bad VI:    "audio_acMeasurement.lvlib:Get UI Details.vi"	Path="/workspace/src/Test measurements/IMD/Prototype for modal dialog/measurement proto on modal dialog/ac/audio_acMeasurement/Get UI Details.vi" 
  ### Bad VI:    "audio_acMeasurement.lvlib:Get Type Specializations.vi"	Path="/workspace/src/Test measurements/IMD/Prototype for modal dialog/measurement proto on modal dialog/ac/audio_acMeasurement/Get Type Specializations.vi" 
  ### Bad VI:    "Configure Protocol Settings.vi"	Path="/workspace/src/Test measurements/IMD/Prototype for modal dialog/shared/subVIs/Configure Protocol Settings.vi" 
  ### Bad VI:    "audio_acMeasurement.lvlib:Perform Audio Measurements.vi"	Path="/workspace/src/Test measurements/IMD/Prototype for modal dialog/measurement proto on modal dialog/ac/audio_acMeasurement/subVIs/Perform Audio Measurements.vi" 
  ### Bad VI:    "audio_acMeasurement.lvlib:Generate single tone waveform.vi"	Path="/workspace/src/Test measurements/IMD/Prototype for modal dialog/measurement proto on modal dialog/ac/audio_acMeasurement/subVIs/Generate single tone waveform.vi" 
  ### Bad VI:    "audio_acMeasurement.lvlib:Measurement Logic.vi"	Path="/workspace/src/Test measurements/IMD/Prototype for modal dialog/measurement proto on modal dialog/ac/audio_acMeasurement/Measurement Logic.vi" 
  ### Bad VI:    "audio_acMeasurement.lvlib:Get Measurement Details.vi"	Path="/workspace/src/Test measurements/IMD/Prototype for modal dialog/measurement proto on modal dialog/ac/audio_acMeasurement/Get Measurement Details.vi" 
  ### Bad VI:    "audio_acMeasurement.lvlib:MeasurementPlugin.lvclass:Get Plugin Paths.vi"	Path="/workspace/src/Test measurements/IMD/Prototype for modal dialog/measurement proto on modal dialog/ac/audio_acMeasurement/Advanced/Get Plugin Paths.vi" 
  ### Bad VI:    "audio_acMeasurement.lvlib:MeasurementPlugin.lvclass:Pack For Grpc.vi"	Path="/workspace/src/Test measurements/IMD/Prototype for modal dialog/measurement proto on modal dialog/ac/audio_acMeasurement/Advanced/Pack For Grpc.vi" 
  ### Bad VI:    "audio_acMeasurement.lvlib:MeasurementPlugin.lvclass:Unpack For Grpc.vi"	Path="/workspace/src/Test measurements/IMD/Prototype for modal dialog/measurement proto on modal dialog/ac/audio_acMeasurement/Advanced/Unpack For Grpc.vi" 
  ### Bad VI:    "audio_acMeasurement.lvlib:Get UI Details.vi"	Path="/workspace/src/Test measurements/IMD/Prototype for modal dialog/measurement proto on modal dialog/ac/audio_acMeasurement/Get UI Details.vi" 
  ### Bad VI:    "audio_acMeasurement.lvlib:Get Type Specializations.vi"	Path="/workspace/src/Test measurements/IMD/Prototype for modal dialog/measurement proto on modal dialog/ac/audio_acMeasurement/Get Type Specializations.vi" 
  ### Bad VI:    "Configure Protocol Settings.vi"	Path="/workspace/src/Test measurements/IMD/Prototype for modal dialog/shared/subVIs/Configure Protocol Settings.vi" 
  ### Bad VI:    "audio_acMeasurement.lvlib:Perform Audio Measurements.vi"	Path="/workspace/src/Test measurements/IMD/Prototype for modal dialog/measurement proto on modal dialog/ac/audio_acMeasurement/subVIs/Perform Audio Measurements.vi" 
  ### Bad VI:    "audio_acMeasurement.lvlib:Generate single tone waveform.vi"	Path="/workspace/src/Test measurements/IMD/Prototype for modal dialog/measurement proto on modal dialog/ac/audio_acMeasurement/subVIs/Generate single tone waveform.vi" 
  ### Bad VI:    "audio_acMeasurement.lvlib:Measurement Logic.vi"	Path="/workspace/src/Test measurements/IMD/Prototype for modal dialog/measurement proto on modal dialog/ac/audio_acMeasurement/Measurement Logic.vi" 
  ### Bad VI:    "audio_acMeasurement.lvlib:Get Measurement Details.vi"	Path="/workspace/src/Test measurements/IMD/Prototype for modal dialog/measurement proto on modal dialog/ac/audio_acMeasurement/Get Measurement Details.vi" 
  ### Bad VI:    "audio_acMeasurement.lvlib:MeasurementPlugin.lvclass:Get Plugin Paths.vi"	Path="/workspace/src/Test measurements/IMD/Prototype for modal dialog/measurement proto on modal dialog/ac/audio_acMeasurement/Advanced/Get Plugin Paths.vi" 
  ### Bad VI:    "audio_acMeasurement.lvlib:MeasurementPlugin.lvclass:Pack For Grpc.vi"	Path="/workspace/src/Test measurements/IMD/Prototype for modal dialog/measurement proto on modal dialog/ac/audio_acMeasurement/Advanced/Pack For Grpc.vi" 
  ### Bad VI:    "audio_acMeasurement.lvlib:MeasurementPlugin.lvclass:Unpack For Grpc.vi"	Path="/workspace/src/Test measurements/IMD/Prototype for modal dialog/measurement proto on modal dialog/ac/audio_acMeasurement/Advanced/Unpack For Grpc.vi" 
  ### Bad VI:    "audio_acMeasurement.lvlib:Post-Build Action.vi"	Path="/workspace/src/Test measurements/IMD/Prototype for modal dialog/measurement proto on modal dialog/ac/audio_acMeasurement/Advanced/Build Assets/Post-Build Action.vi" 
  ### Bad VI:    "audio_acMeasurement.lvlib:Get UI Details.vi"	Path="/workspace/src/Test measurements/IMD/Prototype for modal dialog/measurement proto on modal dialog/ac/audio_acMeasurement/Get UI Details.vi" 
  ### Bad VI:    "audio_acMeasurement.lvlib:Get Type Specializations.vi"	Path="/workspace/src/Test measurements/IMD/Prototype for modal dialog/measurement proto on modal dialog/ac/audio_acMeasurement/Get Type Specializations.vi" 
  ### Bad VI:    "Configure Protocol Settings.vi"	Path="/workspace/src/Test measurements/IMD/Prototype for modal dialog/shared/subVIs/Configure Protocol Settings.vi" 
  ### Bad VI:    "audio_acMeasurement.lvlib:Perform Audio Measurements.vi"	Path="/workspace/src/Test measurements/IMD/Prototype for modal dialog/measurement proto on modal dialog/ac/audio_acMeasurement/subVIs/Perform Audio Measurements.vi" 
  ### Bad VI:    "audio_acMeasurement.lvlib:Generate single tone waveform.vi"	Path="/workspace/src/Test measurements/IMD/Prototype for modal dialog/measurement proto on modal dialog/ac/audio_acMeasurement/subVIs/Generate single tone waveform.vi" 
  ### Bad VI:    "audio_acMeasurement.lvlib:Measurement Logic.vi"	Path="/workspace/src/Test measurements/IMD/Prototype for modal dialog/measurement proto on modal dialog/ac/audio_acMeasurement/Measurement Logic.vi" 
  ### Bad VI:    "audio_acMeasurement.lvlib:Get Measurement Details.vi"	Path="/workspace/src/Test measurements/IMD/Prototype for modal dialog/measurement proto on modal dialog/ac/audio_acMeasurement/Get Measurement Details.vi" 
  ### Bad VI:    "audio_acMeasurement.lvlib:MeasurementPlugin.lvclass:Get Plugin Paths.vi"	Path="/workspace/src/Test measurements/IMD/Prototype for modal dialog/measurement proto on modal dialog/ac/audio_acMeasurement/Advanced/Get Plugin Paths.vi" 
  ### Bad VI:    "audio_acMeasurement.lvlib:MeasurementPlugin.lvclass:Pack For Grpc.vi"	Path="/workspace/src/Test measurements/IMD/Prototype for modal dialog/measurement proto on modal dialog/ac/audio_acMeasurement/Advanced/Pack For Grpc.vi" 
  ### Bad VI:    "audio_acMeasurement.lvlib:MeasurementPlugin.lvclass:Unpack For Grpc.vi"	Path="/workspace/src/Test measurements/IMD/Prototype for modal dialog/measurement proto on modal dialog/ac/audio_acMeasurement/Advanced/Unpack For Grpc.vi" 
  ### Bad VI:    "audio_acMeasurement.lvlib:Run Service.vi"	Path="/workspace/src/Test measurements/IMD/Prototype for modal dialog/measurement proto on modal dialog/ac/audio_acMeasurement/Run Service.vi" 
  ### Bad VI:    "Configure Protocol Settings.vi"	Path="/workspace/src/Test measurements/IMD/Prototype for modal dialog/shared/subVIs/Configure Protocol Settings.vi" 
  ### Bad VI:    "Audio Plugin UI Meas Ser1.vi"	Path="/workspace/src/Test measurements/IMD/Audio Plugin UI Meas Ser1.vi" 
  ### Bad VI:    "LDO Line Regulation.lvlib:Advance Settings.ctl"	Path="/workspace/src/Test measurements/LDO/LDO Line Regulation/Typedefs/Advance Settings.ctl" 
  ### Bad VI:    "LDO Line Regulation.lvlib:Test Inputs.ctl"	Path="/workspace/src/Test measurements/LDO/LDO Line Regulation/Typedefs/Test Inputs.ctl" 
  ### Bad VI:    "LDO Line Regulation.lvlib:Advance Settings.ctl"	Path="/workspace/src/Test measurements/LDO/LDO Line Regulation/Typedefs/Advance Settings.ctl" 
  ### Bad VI:    "LDO Line Regulation.lvlib:Test Inputs.ctl"	Path="/workspace/src/Test measurements/LDO/LDO Line Regulation/Typedefs/Test Inputs.ctl" 
  ### Bad VI:    "LDO Line Regulation.lvlib:Log Data.vi"	Path="/workspace/src/Test measurements/LDO/LDO Line Regulation/SubVIs/Log Data.vi" 
  ### Bad VI:    "LDO Line Regulation.lvlib:Advance Settings.ctl"	Path="/workspace/src/Test measurements/LDO/LDO Line Regulation/Typedefs/Advance Settings.ctl" 
  ### Bad VI:    "LDO Line Regulation.lvlib:Advance Settings UI.vi"	Path="/workspace/src/Test measurements/LDO/LDO Line Regulation/SubVIs/Advance Settings UI.vi" 
  ### Bad VI:    "LDO Line Regulation.lvlib:Advance Settings.ctl"	Path="/workspace/src/Test measurements/LDO/LDO Line Regulation/Typedefs/Advance Settings.ctl" 
  ### Bad VI:    "LDO Line Regulation.lvlib:Test Inputs.ctl"	Path="/workspace/src/Test measurements/LDO/LDO Line Regulation/Typedefs/Test Inputs.ctl" 
  ### Bad VI:    "LDO Line Regulation.lvlib:Advance Settings UI.vi"	Path="/workspace/src/Test measurements/LDO/LDO Line Regulation/SubVIs/Advance Settings UI.vi" 
  ### Bad VI:    "LDO Line Regulation.lvlib:Log Data.vi"	Path="/workspace/src/Test measurements/LDO/LDO Line Regulation/SubVIs/Log Data.vi" 
  ### Bad VI:    "LDO Line Regulation.lvlib:main.vi"	Path="/workspace/src/Test measurements/LDO/LDO Line Regulation/main.vi" 
  ### Bad VI:    "LDO Line Regulation.lvlib:Helper.vi"	Path="/workspace/src/Test measurements/LDO/LDO Line Regulation/Helper.vi" 
Search failed to find "niDCPower Initialize With Independent Channels.vi" previously from "/<instrlib>/niDCPower/nidcpower.llb/niDCPower Initialize With Independent Channels.vi"  +=+   Caller: "Flat.vi"
  ### Bad VI:    "Flat.vi"	Path="/workspace/src/Test measurements/LDO/LDO Line Regulation/Flat.vi" 
  ### Bad VI:    "LDO Load Regulation.lvlib:Adv Setup.ctl"	Path="/workspace/src/Test measurements/LDO/LDO Load Regulation/Typedefs/Adv Setup.ctl" 
  ### Bad VI:    "LDO Load Regulation.lvlib:Advance Settings.ctl"	Path="/workspace/src/Test measurements/LDO/LDO Load Regulation/Typedefs/Advance Settings.ctl" 
  ### Bad VI:    "LDO Load Regulation.lvlib:Test Inputs.ctl"	Path="/workspace/src/Test measurements/LDO/LDO Load Regulation/Typedefs/Test Inputs.ctl" 
  ### Bad VI:    "LDO Load Regulation.lvlib:Adv Setup.ctl"	Path="/workspace/src/Test measurements/LDO/LDO Load Regulation/Typedefs/Adv Setup.ctl" 
  ### Bad VI:    "LDO Load Regulation.lvlib:Advance Settings.ctl"	Path="/workspace/src/Test measurements/LDO/LDO Load Regulation/Typedefs/Advance Settings.ctl" 
  ### Bad VI:    "LDO Load Regulation.lvlib:Test Inputs.ctl"	Path="/workspace/src/Test measurements/LDO/LDO Load Regulation/Typedefs/Test Inputs.ctl" 
  ### Bad VI:    "LDO Load Regulation.lvlib:Log Data.vi"	Path="/workspace/src/Test measurements/LDO/LDO Load Regulation/SubVIs/Log Data.vi" 
  ### Bad VI:    "LDO Load Regulation.lvlib:Adv Setup.ctl"	Path="/workspace/src/Test measurements/LDO/LDO Load Regulation/Typedefs/Adv Setup.ctl" 
  ### Bad VI:    "LDO Load Regulation.lvlib:Advance Settings.ctl"	Path="/workspace/src/Test measurements/LDO/LDO Load Regulation/Typedefs/Advance Settings.ctl" 
  ### Bad VI:    "LDO Load Regulation.lvlib:Advance Settings UI.vi"	Path="/workspace/src/Test measurements/LDO/LDO Load Regulation/SubVIs/Advance Settings UI.vi" 
  ### Bad VI:    "LDO Load Regulation.lvlib:Adv Setup.ctl"	Path="/workspace/src/Test measurements/LDO/LDO Load Regulation/Typedefs/Adv Setup.ctl" 
  ### Bad VI:    "LDO Load Regulation.lvlib:Advance Settings.ctl"	Path="/workspace/src/Test measurements/LDO/LDO Load Regulation/Typedefs/Advance Settings.ctl" 
  ### Bad VI:    "LDO Load Regulation.lvlib:Test Inputs.ctl"	Path="/workspace/src/Test measurements/LDO/LDO Load Regulation/Typedefs/Test Inputs.ctl" 
  ### Bad VI:    "LDO Load Regulation.lvlib:Advance Settings UI.vi"	Path="/workspace/src/Test measurements/LDO/LDO Load Regulation/SubVIs/Advance Settings UI.vi" 
  ### Bad VI:    "LDO Load Regulation.lvlib:Log Data.vi"	Path="/workspace/src/Test measurements/LDO/LDO Load Regulation/SubVIs/Log Data.vi" 
  ### Bad VI:    "LDO Load Regulation.lvlib:main.vi"	Path="/workspace/src/Test measurements/LDO/LDO Load Regulation/main.vi" 
  ### Bad VI:    "LDO Load Regulation.lvlib:Helper.vi"	Path="/workspace/src/Test measurements/LDO/LDO Load Regulation/Helper.vi" 
  ### Bad VI:    "Flat.vi"	Path="/workspace/src/Test measurements/LDO/LDO Load Regulation/Flat.vi" 
  ### Bad VI:    "LDO Load Transient.lvlib:Get Current Measurement Option.vi"	Path="/workspace/src/Test measurements/LDO/LDO Load Transient/SubVIs/Get Current Measurement Option.vi" 
Search failed to find "niDCPower Create Advanced Sequence Step With Channels.vi" previously from "/<instrlib>/niDCPower/nidcpower.llb/niDCPower Create Advanced Sequence Step With Channels.vi"  +=+   Caller: "LDO Load Transient.lvlib:Set Current Sequence.vi"
Search failed to find "niDCPower Create Advanced Sequence With Channels.vi" previously from "/<instrlib>/niDCPower/nidcpower.llb/niDCPower Create Advanced Sequence With Channels.vi"  +=+   Caller: "LDO Load Transient.lvlib:Set Current Sequence.vi"
Search failed to find "niDCPower Create Advanced Sequence Step With Channels (Poly).vi" previously from "/<instrlib>/niDCPower/nidcpower.llb/niDCPower Create Advanced Sequence Step With Channels (Poly).vi"  +=+   Caller: "LDO Load Transient.lvlib:Set Current Sequence.vi"
  ### Bad VI:    "LDO Load Transient.lvlib:Set Current Sequence.vi"	Path="/workspace/src/Test measurements/LDO/LDO Load Transient/SubVIs/Set Current Sequence.vi" 
  ### Bad VI:    "LDO Load Transient.lvlib:Set Current Sequence.vi"	Path="/workspace/src/Test measurements/LDO/LDO Load Transient/SubVIs/Set Current Sequence.vi" 
  ### Bad VI:    "LDO Load Transient.lvlib:Generate load Current Sequence.vi"	Path="/workspace/src/Test measurements/LDO/LDO Load Transient/SubVIs/Generate load Current Sequence.vi" 
  ### Bad VI:    "LDO Load Transient.lvlib:Scope Measurement.vi"	Path="/workspace/src/Test measurements/LDO/LDO Load Transient/SubVIs/Scope Measurement.vi" 
Insane Type Definition(450) in FPHP of "LDO Load Transient.lvlib:Current Measurement.vi": {tdname } (0x4000): owner=FrontPanelDataController(469)
insanities in FPHP of /workspace/src/Test measurements/LDO/LDO Load Transient/SubVIs/Current Measurement.vi
Insane Type Definition(450) in FPHP of "LDO Load Transient.lvlib:Current Measurement.vi": {tdname } (0x4000): owner=FrontPanelDataController(469)
insanities in FPHP of /workspace/src/Test measurements/LDO/LDO Load Transient/SubVIs/Current Measurement.vi
  ### Bad VI:    "LDO Load Transient.lvlib:Current Measurement.vi"	Path="/workspace/src/Test measurements/LDO/LDO Load Transient/SubVIs/Current Measurement.vi" 
  ### Bad VI:    "LDO Load Transient.lvlib:Advance Settings UI.vi"	Path="/workspace/src/Test measurements/LDO/LDO Load Transient/SubVIs/Advance Settings UI.vi" 
  ### Bad VI:    "LDO Load Transient.lvlib:Get SMU Buffer Size.vi"	Path="/workspace/src/Test measurements/LDO/LDO Load Transient/SubVIs/Get SMU Buffer Size.vi" 
  ### Bad VI:    "LDO Load Transient.lvlib:Check Scope on-board memory.vi"	Path="/workspace/src/Test measurements/LDO/LDO Load Transient/SubVIs/Check Scope on-board memory.vi" 
Search failed to find "Error 6004.vi" previously from "/workspace/src/Test measurements/Reusables/Errors/Error 6004.vi"  +=+   Caller: "LDO Load Transient.lvlib:main.vi"
Search failed to find "Two Plot XY Graph Auto Scale.vi" previously from "/workspace/src/Test measurements/Reusables/UI/Graph/Two Plot XY Graph Auto Scale.vi"  +=+   Caller: "LDO Load Transient.lvlib:main.vi"
Search failed to find "Error 6003.vi" previously from "/workspace/src/Test measurements/Reusables/Errors/Error 6003.vi"  +=+   Caller: "LDO Load Transient.lvlib:main.vi"
Search failed to find "niDCPower Delete Advanced Sequence With Channels.vi" previously from "/<instrlib>/niDCPower/nidcpower.llb/niDCPower Delete Advanced Sequence With Channels.vi"  +=+   Caller: "LDO Load Transient.lvlib:main.vi"
Insane Type Definition(450) in FPHP of "LDO Load Transient.lvlib:Current Measurement.vi": {tdname } (0x4000): owner=FrontPanelDataController(469)
insanities in FPHP of /workspace/src/Test measurements/LDO/LDO Load Transient/SubVIs/Current Measurement.vi
Insane Type Definition(450) in FPHP of "LDO Load Transient.lvlib:Current Measurement.vi": {tdname } (0x4000): owner=FrontPanelDataController(469)
insanities in FPHP of /workspace/src/Test measurements/LDO/LDO Load Transient/SubVIs/Current Measurement.vi
  ### Bad VI:    "LDO Load Transient.lvlib:Check Scope on-board memory.vi"	Path="/workspace/src/Test measurements/LDO/LDO Load Transient/SubVIs/Check Scope on-board memory.vi" 
  ### Bad VI:    "LDO Load Transient.lvlib:Get SMU Buffer Size.vi"	Path="/workspace/src/Test measurements/LDO/LDO Load Transient/SubVIs/Get SMU Buffer Size.vi" 
  ### Bad VI:    "LDO Load Transient.lvlib:Current Measurement.vi"	Path="/workspace/src/Test measurements/LDO/LDO Load Transient/SubVIs/Current Measurement.vi" 
  ### Bad VI:    "LDO Load Transient.lvlib:Get Current Measurement Option.vi"	Path="/workspace/src/Test measurements/LDO/LDO Load Transient/SubVIs/Get Current Measurement Option.vi" 
  ### Bad VI:    "LDO Load Transient.lvlib:Set Current Sequence.vi"	Path="/workspace/src/Test measurements/LDO/LDO Load Transient/SubVIs/Set Current Sequence.vi" 
  ### Bad VI:    "LDO Load Transient.lvlib:Generate load Current Sequence.vi"	Path="/workspace/src/Test measurements/LDO/LDO Load Transient/SubVIs/Generate load Current Sequence.vi" 
  ### Bad VI:    "LDO Load Transient.lvlib:Scope Measurement.vi"	Path="/workspace/src/Test measurements/LDO/LDO Load Transient/SubVIs/Scope Measurement.vi" 
  ### Bad VI:    "LDO Load Transient.lvlib:Advance Settings UI.vi"	Path="/workspace/src/Test measurements/LDO/LDO Load Transient/SubVIs/Advance Settings UI.vi" 
  ### Bad VI:    "LDO Load Transient.lvlib:main.vi"	Path="/workspace/src/Test measurements/LDO/LDO Load Transient/main.vi" 
  ### Bad VI:    "LDO Load Transient.lvlib:Helper.vi"	Path="/workspace/src/Test measurements/LDO/LDO Load Transient/Helper.vi" 
  ### Bad VI:    "LDO Load Transient - Flat.vi"	Path="/workspace/src/Test measurements/LDO/LDO Load Transient/LDO Load Transient - Flat.vi" 
  ### Bad VI:    "LDO Load Transient_AWG.lvlib:Scope Measurement.vi"	Path="/workspace/src/Test measurements/LDO/LDO Load Transient_AWG/SubVIs/Scope Measurement.vi" 
  ### Bad VI:    "LDO Load Transient_AWG.lvlib:Advance Settings UI.vi"	Path="/workspace/src/Test measurements/LDO/LDO Load Transient_AWG/SubVIs/Advance Settings UI.vi" 
Search failed to find "niFgen Create Waveform (WDT).vi" previously from "/<instrlib>/niFgen/niFgen.llb/niFgen Create Waveform (WDT).vi"  +=+   Caller: "LDO Load Transient_AWG.lvlib:AWG Waveform Generator.vi"
Search failed to find "niFgen Wait Until Done.vi" previously from "/<instrlib>/niFgen/niFgen.llb/niFgen Wait Until Done.vi"  +=+   Caller: "LDO Load Transient_AWG.lvlib:AWG Waveform Generator.vi"
Search failed to find "niFgen Create Waveform (poly).vi" previously from "/<instrlib>/niFgen/niFgen.llb/niFgen Create Waveform (poly).vi"  +=+   Caller: "LDO Load Transient_AWG.lvlib:AWG Waveform Generator.vi"
Search failed to find "niFgen Configure Arbitrary Waveform.vi" previously from "/<instrlib>/niFgen/niFgen.llb/niFgen Configure Arbitrary Waveform.vi"  +=+   Caller: "LDO Load Transient_AWG.lvlib:AWG Waveform Generator.vi"
  ### Bad VI:    "LDO Load Transient_AWG.lvlib:AWG Waveform Generator.vi"	Path="/workspace/src/Test measurements/LDO/LDO Load Transient_AWG/SubVIs/AWG Waveform Generator.vi" 
  ### Bad VI:    "LDO Load Transient_AWG.lvlib:Get SMU Buffer Size.vi"	Path="/workspace/src/Test measurements/LDO/LDO Load Transient_AWG/SubVIs/Get SMU Buffer Size.vi" 
  ### Bad VI:    "LDO Load Transient_AWG.lvlib:Check Scope on-board memory.vi"	Path="/workspace/src/Test measurements/LDO/LDO Load Transient_AWG/SubVIs/Check Scope on-board memory.vi" 
Search failed to find "Error 6005.vi" previously from "/workspace/src/Test measurements/Reusables/Errors/Error 6005.vi"  +=+   Caller: "LDO Load Transient_AWG.lvlib:main.vi"
Search failed to find "niFgen Output Mode.ctl" previously from "/<instrlib>/niFgen/niFgen.llb/niFgen Output Mode.ctl"  +=+   Caller: "LDO Load Transient_AWG.lvlib:main.vi"
Search failed to find "niFgen Trigger Mode.ctl" previously from "/<instrlib>/niFgen/niFgen.llb/niFgen Trigger Mode.ctl"  +=+   Caller: "LDO Load Transient_AWG.lvlib:main.vi"
Search failed to find "niFgen Configure Trigger Mode.vi" previously from "/<instrlib>/niFgen/niFgen.llb/niFgen Configure Trigger Mode.vi"  +=+   Caller: "LDO Load Transient_AWG.lvlib:main.vi"
Search failed to find "niFgen Set Sample Rate.vi" previously from "/<instrlib>/niFgen/niFgen.llb/niFgen Set Sample Rate.vi"  +=+   Caller: "LDO Load Transient_AWG.lvlib:main.vi"
Search failed to find "niFgen Clear Arbitrary Memory.vi" previously from "/<instrlib>/niFgen/niFgen.llb/niFgen Clear Arbitrary Memory.vi"  +=+   Caller: "LDO Load Transient_AWG.lvlib:main.vi"
  ### Bad VI:    "LDO Load Transient_AWG.lvlib:Advance Settings UI.vi"	Path="/workspace/src/Test measurements/LDO/LDO Load Transient_AWG/SubVIs/Advance Settings UI.vi" 
  ### Bad VI:    "LDO Load Transient_AWG.lvlib:AWG Waveform Generator.vi"	Path="/workspace/src/Test measurements/LDO/LDO Load Transient_AWG/SubVIs/AWG Waveform Generator.vi" 
  ### Bad VI:    "LDO Load Transient_AWG.lvlib:Check Scope on-board memory.vi"	Path="/workspace/src/Test measurements/LDO/LDO Load Transient_AWG/SubVIs/Check Scope on-board memory.vi" 
  ### Bad VI:    "LDO Load Transient_AWG.lvlib:Scope Measurement.vi"	Path="/workspace/src/Test measurements/LDO/LDO Load Transient_AWG/SubVIs/Scope Measurement.vi" 
  ### Bad VI:    "LDO Load Transient_AWG.lvlib:main.vi"	Path="/workspace/src/Test measurements/LDO/LDO Load Transient_AWG/main.vi" 
  ### Bad VI:    "LDO Load Transient_AWG.lvlib:Helper.vi"	Path="/workspace/src/Test measurements/LDO/LDO Load Transient_AWG/Helper.vi" 
Search failed to find "niFgen Initialize With Channels.vi" previously from "/<instrlib>/niFgen/niFgen.llb/niFgen Initialize With Channels.vi"  +=+   Caller: "AWG Waveform Generator.vi"
  ### Bad VI:    "AWG Waveform Generator.vi"	Path="/workspace/src/Test measurements/LDO/LDO Load Transient_AWG/Temp/AWG Waveform Generator.vi" 
  ### Bad VI:    "AWG Waveform Generator_Edited.vi"	Path="/workspace/src/Test measurements/LDO/LDO Load Transient_AWG/Temp/AWG Waveform Generator_Edited.vi" 
CompileFile: skipping /workspace/src/Test measurements/Reusables/Array/Get Range Values[].vi
CompileFile: skipping /workspace/src/Test measurements/Reusables/Calculation/CalculateSettlingTime.vi
CompileFile: skipping /workspace/src/Test measurements/Reusables/Errors/Error 6002.vi
CompileFile: skipping /workspace/src/Test measurements/Reusables/Errors/Error 6003.vi
CompileFile: skipping /workspace/src/Test measurements/Reusables/Instrument APIs/Load Output Function.ctl
CompileFile: skipping /workspace/src/Test measurements/Reusables/Instrument APIs/Prepare Load.vi
CompileFile: skipping /workspace/src/Test measurements/Reusables/Instrument APIs/Prepare Source.vi
CompileFile: skipping /workspace/src/Test measurements/Reusables/Instrument APIs/Set Load Current.vi
CompileFile: skipping /workspace/src/Test measurements/Reusables/Instrument APIs/Set Source.vi
CompileFile: skipping /workspace/src/Test measurements/Reusables/String/Get Unique Name.vi
CompileFile: skipping /workspace/src/Test measurements/Reusables/UI/Graph/Plot Position.ctl
CompileFile: skipping /workspace/src/Test measurements/Reusables/UI/Graph/Two Plot Graph Auto Scale.vi
CompileFile: skipping /workspace/src/Test measurements/Reusables/UI/Graph/Two Plot Graph Y-Axis Auto Scale.vi
CompileFile: skipping /workspace/src/Test measurements/Reusables/UI/Graph/Y-Scale Params.ctl
CompileFile: skipping /workspace/src/Test measurements/Reusables/UI/Progress Monitor/Progress Monitor Option.ctl
CompileFile: skipping /workspace/src/Test measurements/Reusables/UI/Progress Monitor/Progress Monitor.vi
CompileFile: skipping /workspace/src/Test measurements/Reusables/UI/Defer Front Panel.vi
CompileFile: skipping /workspace/src/Test measurements/Reusables/UI/HandleWinTitleMove.vi
  ### Bad VI:    "LDO PSRR.lvlib:Advance Test Input.ctl"	Path="/workspace/src/Test measurements/LDO/LDO PSRR/Typedefs/Advance Test Input.ctl" 
  ### Bad VI:    "LDO PSRR.lvlib:Advance Test Input.ctl"	Path="/workspace/src/Test measurements/LDO/LDO PSRR/Typedefs/Advance Test Input.ctl" 
  ### Bad VI:    "LDO PSRR.lvlib:Test Inputs.ctl"	Path="/workspace/src/Test measurements/LDO/LDO PSRR/Typedefs/Test Inputs.ctl" 
  ### Bad VI:    "LDO PSRR.lvlib:Advance Test Input.ctl"	Path="/workspace/src/Test measurements/LDO/LDO PSRR/Typedefs/Advance Test Input.ctl" 
  ### Bad VI:    "LDO PSRR.lvlib:Test Inputs.ctl"	Path="/workspace/src/Test measurements/LDO/LDO PSRR/Typedefs/Test Inputs.ctl" 
  ### Bad VI:    "LDO PSRR.lvlib:Log Data.vi"	Path="/workspace/src/Test measurements/LDO/LDO PSRR/SubVIs/Log Data.vi" 
  ### Bad VI:    "LDO PSRR.lvlib:Measure Voltage Waveform.vi"	Path="/workspace/src/Test measurements/LDO/LDO PSRR/SubVIs/Measure Voltage Waveform.vi" 
  ### Bad VI:    "LDO PSRR.lvlib:Advance Test Input.ctl"	Path="/workspace/src/Test measurements/LDO/LDO PSRR/Typedefs/Advance Test Input.ctl" 
  ### Bad VI:    "LDO PSRR.lvlib:Advance Settings UI.vi"	Path="/workspace/src/Test measurements/LDO/LDO PSRR/SubVIs/Advance Settings UI.vi" 
  ### Bad VI:    "LDO PSRR.lvlib:Configure Horizontal Timing.vi"	Path="/workspace/src/Test measurements/LDO/LDO PSRR/SubVIs/Configure Horizontal Timing.vi" 
  ### Bad VI:    "LDO PSRR.lvlib:Check Sampling Rate and Record Length Support.vi"	Path="/workspace/src/Test measurements/LDO/LDO PSRR/SubVIs/Check Sampling Rate and Record Length Support.vi" 
  ### Bad VI:    "LDO PSRR.lvlib:Limit Record Length.vi"	Path="/workspace/src/Test measurements/LDO/LDO PSRR/SubVIs/Limit Record Length.vi" 
Search failed to find "Error 6002.vi" previously from "/workspace/src/Test measurements/Reusables/Errors/Error 6002.vi"  +=+   Caller: "LDO PSRR.lvlib:main.vi"
Search failed to find "niFgen Waveform Type.ctl" previously from "/<instrlib>/niFgen/niFgen.llb/niFgen Waveform Type.ctl"  +=+   Caller: "LDO PSRR.lvlib:main.vi"
  ### Bad VI:    "LDO PSRR.lvlib:Advance Test Input.ctl"	Path="/workspace/src/Test measurements/LDO/LDO PSRR/Typedefs/Advance Test Input.ctl" 
  ### Bad VI:    "LDO PSRR.lvlib:Test Inputs.ctl"	Path="/workspace/src/Test measurements/LDO/LDO PSRR/Typedefs/Test Inputs.ctl" 
  ### Bad VI:    "LDO PSRR.lvlib:Limit Record Length.vi"	Path="/workspace/src/Test measurements/LDO/LDO PSRR/SubVIs/Limit Record Length.vi" 
  ### Bad VI:    "LDO PSRR.lvlib:Check Sampling Rate and Record Length Support.vi"	Path="/workspace/src/Test measurements/LDO/LDO PSRR/SubVIs/Check Sampling Rate and Record Length Support.vi" 
  ### Bad VI:    "LDO PSRR.lvlib:Configure Horizontal Timing.vi"	Path="/workspace/src/Test measurements/LDO/LDO PSRR/SubVIs/Configure Horizontal Timing.vi" 
  ### Bad VI:    "LDO PSRR.lvlib:Measure Voltage Waveform.vi"	Path="/workspace/src/Test measurements/LDO/LDO PSRR/SubVIs/Measure Voltage Waveform.vi" 
  ### Bad VI:    "LDO PSRR.lvlib:Advance Settings UI.vi"	Path="/workspace/src/Test measurements/LDO/LDO PSRR/SubVIs/Advance Settings UI.vi" 
  ### Bad VI:    "LDO PSRR.lvlib:Log Data.vi"	Path="/workspace/src/Test measurements/LDO/LDO PSRR/SubVIs/Log Data.vi" 
  ### Bad VI:    "LDO PSRR.lvlib:main.vi"	Path="/workspace/src/Test measurements/LDO/LDO PSRR/main.vi" 
  ### Bad VI:    "LDO PSRR.lvlib:Helper.vi"	Path="/workspace/src/Test measurements/LDO/LDO PSRR/Helper.vi" 
Search failed to find "niScope Configure Vertical.vi" previously from "/<instrlib>/niScope/Configure/Vertical/niScope Configure Vertical.vi"  +=+   Caller: "flat.vi"
Search failed to find "niFgen Output Impedance.ctl" previously from "/<instrlib>/niFgen/niFgen.llb/niFgen Output Impedance.ctl"  +=+   Caller: "flat.vi"
Search failed to find "niFgen Configure Output Impedance.vi" previously from "/<instrlib>/niFgen/niFgen.llb/niFgen Configure Output Impedance.vi"  +=+   Caller: "flat.vi"
  ### Bad VI:    "flat.vi"	Path="/workspace/src/Test measurements/LDO/LDO PSRR/flat.vi" 
Search failed to find "Agilent 3446X Series.lvlib:Read (Single Point).vi" previously from "/<instrlib>/Agilent 3446X Series/Public/Data/Read (Single Point).vi"  +=+   Caller: "Agilent N6700 Series Configure Voltage.vi"
Search failed to find "Agilent 3446X Series.lvlib:Close.vi" previously from "/<instrlib>/Agilent 3446X Series/Public/Close.vi"  +=+   Caller: "Agilent N6700 Series Configure Voltage.vi"
Search failed to find "Agilent 3446X Series.lvlib:Initialize.vi" previously from "/<instrlib>/Agilent 3446X Series/Public/Initialize.vi"  +=+   Caller: "Agilent N6700 Series Configure Voltage.vi"
Search failed to find "Agilent 3446X Series.lvlib:Read.vi" previously from "/<instrlib>/Agilent 3446X Series/Public/Data/Read.vi"  +=+   Caller: "Agilent N6700 Series Configure Voltage.vi"
Search failed to find "Agilent 3446X Series.lvlib:Configure Measurement.vi" previously from "/<instrlib>/Agilent 3446X Series/Public/Configure/Measurement/Configure Measurement.vi"  +=+   Caller: "Agilent N6700 Series Configure Voltage.vi"
Search failed to find "Agilent N6700 Series.lvlib:Get Channel Model Number.vi" previously from "/<instrlib>/Agilent N6700 Series/Public/Utility/Get Channel Model Number.vi"  +=+   Caller: "Agilent N6700 Series Configure Voltage.vi"
Search failed to find "Agilent N6700 Series.lvlib:Configure Output Regulation.vi" previously from "/<instrlib>/Agilent N6700 Series/Public/Configuration/Output/Configure Output Regulation.vi"  +=+   Caller: "Agilent N6700 Series Configure Voltage.vi"
Search failed to find "Agilent N6700 Series.lvlib:Configure Current Limit.vi" previously from "/<instrlib>/Agilent N6700 Series/Public/Configuration/Output/Configure Current Limit.vi"  +=+   Caller: "Agilent N6700 Series Configure Voltage.vi"
Search failed to find "Agilent N6700 Series.lvlib:Configure Voltage Level.vi" previously from "/<instrlib>/Agilent N6700 Series/Public/Configuration/Output/Configure Voltage Level.vi"  +=+   Caller: "Agilent N6700 Series Configure Voltage.vi"
Search failed to find "Agilent N6700 Series.lvlib:Configure Output Enabled.vi" previously from "/<instrlib>/Agilent N6700 Series/Public/Configuration/Output/Configure Output Enabled.vi"  +=+   Caller: "Agilent N6700 Series Configure Voltage.vi"
Search failed to find "Agilent N6700 Series.lvlib:Error Query.vi" previously from "/<instrlib>/Agilent N6700 Series/Public/Utility/Error Query.vi"  +=+   Caller: "Agilent N6700 Series Configure Voltage.vi"
Search failed to find "Agilent N6700 Series.lvlib:Measure.vi" previously from "/<instrlib>/Agilent N6700 Series/Public/Measure Output/Measure.vi"  +=+   Caller: "Agilent N6700 Series Configure Voltage.vi"
Search failed to find "Agilent N6700 Series.lvlib:Configure Output Range.vi" previously from "/<instrlib>/Agilent N6700 Series/Public/Configuration/Output/Configure Output Range.vi"  +=+   Caller: "Agilent N6700 Series Configure Voltage.vi"
Search failed to find "Agilent N6700 Series.lvlib:Close.vi" previously from "/<instrlib>/Agilent N6700 Series/Public/Close.vi"  +=+   Caller: "Agilent N6700 Series Configure Voltage.vi"
Search failed to find "Agilent N6700 Series.lvlib:Initialize.vi" previously from "/<instrlib>/Agilent N6700 Series/Public/Initialize.vi"  +=+   Caller: "Agilent N6700 Series Configure Voltage.vi"
  ### Bad VI:    "Agilent N6700 Series Configure Voltage.vi"	Path="/workspace/src/Test measurements/N Session M Instrument/2 Agilent DC Power  + 1 Agilent DMM/Agilent N6700 Series Configure Voltage.vi" 
  ### Bad VI:    "Agilent N6700 Series Configure Voltage.vi"	Path="/workspace/src/Test measurements/N Session M Instrument/2 Agilent DC Power  + Agilent DMM/Agilent N6700 Series Configure Voltage.vi" 
  ### Bad VI:    "SMU Measurement.vi"	Path="/workspace/src/Test measurements/N Session M Instrument/2 niDCPower + 1 niDMM/SMU Measurement.vi" 
  ### Bad VI:    "Load and Vin SMU Measurement.vi"	Path="/workspace/src/Test measurements/N Session M Instrument/2 niDCPower + 2 niDMM/Load and Vin SMU Measurement.vi" 
  ### Bad VI:    "Load and Vin SMU Measurement.vi"	Path="/workspace/src/Test measurements/N Session M Instrument/2 niDCPower + 2 niDMM + 1 Tektronix Scope/Load and Vin SMU Measurement.vi" 
  ### Bad VI:    "Two Fgen Module.vi"	Path="/workspace/src/Test measurements/N Session M Instrument/2 niFgen + 2 niDigital/Two Fgen Module.vi" 
Search failed to find "niDigital Get Site Results Site Numbers.vi" previously from "/<instrlib>/niDigital/niDigital.llb/niDigital Get Site Results Site Numbers.vi"  +=+   Caller: "niScope EX Getting Started.vi"
Search failed to find "niDigital Get Results Pin Map Information.vi" previously from "/<instrlib>/niDigital/niDigital.llb/niDigital Get Results Pin Map Information.vi"  +=+   Caller: "niScope EX Getting Started.vi"
Search failed to find "niScope Multi Read Cluster.vi" previously from "/<instrlib>/niScope/Acquire/niScope Multi Read Cluster.vi"  +=+   Caller: "niScope EX Getting Started.vi"
Search failed to find "niScope Read (poly).vi" previously from "/<instrlib>/niScope/Acquire/niScope Read (poly).vi"  +=+   Caller: "niScope EX Getting Started.vi"
Search failed to find "niScope Auto Setup.vi" previously from "/<instrlib>/niScope/Configure/niScope Auto Setup.vi"  +=+   Caller: "niScope EX Getting Started.vi"
  ### Bad VI:    "niScope EX Getting Started.vi"	Path="/workspace/src/Test measurements/N Session M Instrument/2 niScope + 2 niDigital/niScope EX Getting Started.vi" 
  ### Bad VI:    "Load and Vin SMU Measurement.vi"	Path="/workspace/src/Test measurements/N Session One Instrument/NI DC Power/Load and Vin SMU Measurement.vi" 
  ### Bad VI:    "DMM Measurement.vi"	Path="/workspace/src/Test measurements/N Session One Instrument/NI DMM/DMM Measurement.vi" 
  ### Bad VI:    "NI-Digital Loopback and Compare.vi"	Path="/workspace/src/Test measurements/N Session One Instrument/NI Digital/NI-Digital Loopback and Compare.vi" 
  ### Bad VI:    "SPI.vi"	Path="/workspace/src/Test measurements/N Session One Instrument/NI Digital/SPI.vi" 
  ### Bad VI:    "Two Fgen Module.vi"	Path="/workspace/src/Test measurements/N Session One Instrument/NI Fgen/Two Fgen Module.vi" 
  ### Bad VI:    "Two niScope EX Getting Started.vi"	Path="/workspace/src/Test measurements/N Session One Instrument/NI Scope/Two niScope EX Getting Started.vi" 
  ### Bad VI:    "Two Agilent N6700 Series Configure Voltage.vi"	Path="/workspace/src/Test measurements/N Session One Instrument/VISA/Agilent DC Power/Two Agilent N6700 Series Configure Voltage.vi" 
Search failed to find "Keithley 24XX.lvlib:Read (Single Point).vi" previously from "/<instrlib>/Keithley 24XX/Public/Data/Read (Single Point).vi"  +=+   Caller: "Keithley 24XX Read Single.vi"
Search failed to find "Keithley 24XX.lvlib:Enable Output.vi" previously from "/<instrlib>/Keithley 24XX/Public/Action-Status/Enable Output.vi"  +=+   Caller: "Keithley 24XX Read Single.vi"
Search failed to find "Keithley 24XX.lvlib:Configure Output.vi" previously from "/<instrlib>/Keithley 24XX/Public/Configure/Configure Output.vi"  +=+   Caller: "Keithley 24XX Read Single.vi"
Search failed to find "Keithley 24XX.lvlib:Initialize.vi" previously from "/<instrlib>/Keithley 24XX/Public/Initialize.vi"  +=+   Caller: "Keithley 24XX Read Single.vi"
Search failed to find "Keithley 24XX.lvlib:Close.vi" previously from "/<instrlib>/Keithley 24XX/Public/Close.vi"  +=+   Caller: "Keithley 24XX Read Single.vi"
Search failed to find "Keithley 24XX.lvlib:Read.vi" previously from "/<instrlib>/Keithley 24XX/Public/Data/Read.vi"  +=+   Caller: "Keithley 24XX Read Single.vi"
Search failed to find "Keithley 24XX.lvlib:Configure Measurement.vi" previously from "/<instrlib>/Keithley 24XX/Public/Configure/Configure Measurement.vi"  +=+   Caller: "Keithley 24XX Read Single.vi"
  ### Bad VI:    "Keithley 24XX Read Single.vi"	Path="/workspace/src/Test measurements/N Session One Instrument/VISA/Keithley DCPower/Keithley 24XX Read Single.vi" 
  ### Bad VI:    "Tektronix Series Read Horizontal Settings.vi"	Path="/workspace/src/Test measurements/N Session One Instrument/VISA/Tektronix Scope/Tektronix Series Read Horizontal Settings.vi" 
  ### Bad VI:    "Source and Measure Current in DMM.vi"	Path="/workspace/src/Test measurements/One Session N Instrument/NI + VISA/NI DCPower and DMM + Agilent DCpower and DMM/Source and Measure Current in DMM.vi" 
  ### Bad VI:    "Source Voltage and Measure using DMM.vi"	Path="/workspace/src/Test measurements/One Session N Instrument/NI + VISA/niDCPower + Agilent DMM/Source Voltage and Measure using DMM.vi" 
  ### Bad VI:    "Source Measure and Visualize.vi"	Path="/workspace/src/Test measurements/One Session N Instrument/NI + VISA/niDCpower + Agilent DMM + Tektronix Scope/Source Measure and Visualize.vi" 
  ### Bad VI:    "Source Measure and Visualize.vi"	Path="/workspace/src/Test measurements/One Session N Instrument/NI + VISA/niDCpower + Agilent DMM + Tektronix Scope - Copy/Source Measure and Visualize.vi" 
  ### Bad VI:    "DMM.lvlib:DMM Measurement.vi"	Path="/workspace/src/Test measurements/One Session N Instrument/NI Instruments/DAQ + DCPower/DMM/DMM Measurement.vi" 
  ### Bad VI:    "SMU.lvlib:Configuration.vi"	Path="/workspace/src/Test measurements/One Session N Instrument/NI Instruments/DAQ + DCPower/SMU/subVIs/Configuration.vi" 
  ### Bad VI:    "SMU.lvlib:Read Measurement.vi"	Path="/workspace/src/Test measurements/One Session N Instrument/NI Instruments/DAQ + DCPower/SMU/subVIs/Read Measurement.vi" 
  ### Bad VI:    "SMU.lvlib:Read Measurement.vi"	Path="/workspace/src/Test measurements/One Session N Instrument/NI Instruments/DAQ + DCPower/SMU/subVIs/Read Measurement.vi" 
  ### Bad VI:    "SMU.lvlib:Configuration.vi"	Path="/workspace/src/Test measurements/One Session N Instrument/NI Instruments/DAQ + DCPower/SMU/subVIs/Configuration.vi" 
  ### Bad subVI: "SMU.lvlib:NI-DCPower Source DC Voltage.vi"	Path="/workspace/src/Test measurements/One Session N Instrument/NI Instruments/DAQ + DCPower/SMU/NI-DCPower Source DC Voltage.vi" 
Search failed to find "DAQmx Create Channel (Power).vi" previously from "/<vilib>/DAQmx/create/channels.llb/DAQmx Create Channel (Power).vi"  +=+   Caller: "Power Measurement.lvlib:Pow Meas Init.vi"
  ### Bad VI:    "Power Measurement.lvlib:Pow Meas Init.vi"	Path="/workspace/src/Test measurements/One Session N Instrument/NI Instruments/DAQ + DCPower/Power Measurement/SubVIs/Pow Meas Init.vi" 
Search failed to find "DAQmx Read (Power 1D DBL 1Chan NSamp).vi" previously from "/<vilib>/DAQmx/read.llb/DAQmx Read (Power 1D DBL 1Chan NSamp).vi"  +=+   Caller: "Power Measurement.lvlib:Pow Meas Configure and Measure.vi"
Search failed to find "DAQmx Read.vi" previously from "/<vilib>/DAQmx/read.llb/DAQmx Read.vi"  +=+   Caller: "Power Measurement.lvlib:Pow Meas Configure and Measure.vi"
Search failed to find "DAQmx Start Trigger (Digital Edge).vi" previously from "/<vilib>/DAQmx/configure/trigger.llb/DAQmx Start Trigger (Digital Edge).vi"  +=+   Caller: "Power Measurement.lvlib:Pow Meas Configure and Measure.vi"
Search failed to find "DAQmx Trigger.vi" previously from "/<vilib>/DAQmx/configure/trigger.llb/DAQmx Trigger.vi"  +=+   Caller: "Power Measurement.lvlib:Pow Meas Configure and Measure.vi"
  ### Bad VI:    "Power Measurement.lvlib:Pow Meas Configure and Measure.vi"	Path="/workspace/src/Test measurements/One Session N Instrument/NI Instruments/DAQ + DCPower/Power Measurement/SubVIs/Pow Meas Configure and Measure.vi" 
/workspace/src/Test measurements/One Session N Instrument/NI Instruments/DAQ + DCPower/Power Measurement/SubVIs/Pow Meas Configure and Measure.vi (Power Measurement.lvlib:Pow Meas Configure and Measure.vi)
    - This VI needs a driver or toolkit component that is not found. Missing resource file "daqmx.rc".
  ### Bad VI:    "Power Measurement.lvlib:Pow Meas Unint.vi"	Path="/workspace/src/Test measurements/One Session N Instrument/NI Instruments/DAQ + DCPower/Power Measurement/SubVIs/Pow Meas Unint.vi" 
  ### Bad VI:    "Power Measurement.lvlib:Pow Meas Init.vi"	Path="/workspace/src/Test measurements/One Session N Instrument/NI Instruments/DAQ + DCPower/Power Measurement/SubVIs/Pow Meas Init.vi" 
  ### Bad VI:    "Power Measurement.lvlib:Pow Meas Configure and Measure.vi"	Path="/workspace/src/Test measurements/One Session N Instrument/NI Instruments/DAQ + DCPower/Power Measurement/SubVIs/Pow Meas Configure and Measure.vi" 
  ### Bad VI:    "Power Measurement.lvlib:Pow Meas Unint.vi"	Path="/workspace/src/Test measurements/One Session N Instrument/NI Instruments/DAQ + DCPower/Power Measurement/SubVIs/Pow Meas Unint.vi" 
  ### Bad subVI: "Power Measurement.lvlib:Wrapper.vi"	Path="/workspace/src/Test measurements/One Session N Instrument/NI Instruments/DAQ + DCPower/Power Measurement/SubVIs/Wrapper.vi" 
/workspace/src/Test measurements/One Session N Instrument/NI Instruments/DAQ + DCPower/Power Measurement/SubVIs/Pow Meas Configure and Measure.vi (Power Measurement.lvlib:Pow Meas Configure and Measure.vi)
    - This VI needs a driver or toolkit component that is not found. Missing resource file "daqmx.rc".
  ### Bad VI:    "Power Measurement.lvlib:Pow Meas Unint.vi"	Path="/workspace/src/Test measurements/One Session N Instrument/NI Instruments/DAQ + DCPower/Power Measurement/SubVIs/Pow Meas Unint.vi" 
  ### Bad VI:    "Power Measurement.lvlib:Pow Meas Configure and Measure.vi"	Path="/workspace/src/Test measurements/One Session N Instrument/NI Instruments/DAQ + DCPower/Power Measurement/SubVIs/Pow Meas Configure and Measure.vi" 
  ### Bad VI:    "Power Measurement.lvlib:Pow Meas Init.vi"	Path="/workspace/src/Test measurements/One Session N Instrument/NI Instruments/DAQ + DCPower/Power Measurement/SubVIs/Pow Meas Init.vi" 
  ### Bad subVI: "Power Measurement.lvlib:Power Module.vi"	Path="/workspace/src/Test measurements/One Session N Instrument/NI Instruments/DAQ + DCPower/Power Module.vi" 
/workspace/src/Test measurements/One Session N Instrument/NI Instruments/DAQ + DCPower/Power Measurement/SubVIs/Pow Meas Configure and Measure.vi (Power Measurement.lvlib:Pow Meas Configure and Measure.vi)
    - This VI needs a driver or toolkit component that is not found. Missing resource file "daqmx.rc".
  ### Bad VI:    "Power Measurement.lvlib:Pow Meas Init.vi"	Path="/workspace/src/Test measurements/One Session N Instrument/NI Instruments/DAQ + DCPower/Power Measurement/SubVIs/Pow Meas Init.vi" 
  ### Bad VI:    "Power Measurement.lvlib:Pow Meas Configure and Measure.vi"	Path="/workspace/src/Test measurements/One Session N Instrument/NI Instruments/DAQ + DCPower/Power Measurement/SubVIs/Pow Meas Configure and Measure.vi" 
  ### Bad VI:    "Power Measurement.lvlib:Pow Meas Unint.vi"	Path="/workspace/src/Test measurements/One Session N Instrument/NI Instruments/DAQ + DCPower/Power Measurement/SubVIs/Pow Meas Unint.vi" 
  ### Bad subVI: "Power Measurement.lvlib:Wrapper.vi"	Path="/workspace/src/Test measurements/One Session N Instrument/NI Instruments/DAQ + DCPower/Power Measurement/SubVIs/Wrapper.vi" 
  ### Bad VI:    "DMM.lvlib:DMM Measurement.vi"	Path="/workspace/src/Test measurements/One Session N Instrument/NI Instruments/DAQ + DCPower/DMM/DMM Measurement.vi" 
  ### Bad VI:    "SMU.lvlib:Read Measurement.vi"	Path="/workspace/src/Test measurements/One Session N Instrument/NI Instruments/DAQ + DCPower/SMU/subVIs/Read Measurement.vi" 
  ### Bad VI:    "SMU.lvlib:Configuration.vi"	Path="/workspace/src/Test measurements/One Session N Instrument/NI Instruments/DAQ + DCPower/SMU/subVIs/Configuration.vi" 
  ### Bad subVI: "SMU.lvlib:NI-DCPower Source DC Voltage.vi"	Path="/workspace/src/Test measurements/One Session N Instrument/NI Instruments/DAQ + DCPower/SMU/NI-DCPower Source DC Voltage.vi" 
  ### Bad VI:    "Main.lvlib:Voltage Measurement.vi"	Path="/workspace/src/Test measurements/One Session N Instrument/NI Instruments/DAQ + DCPower/Voltage Measurement.vi" 
/workspace/src/Test measurements/One Session N Instrument/NI Instruments/DAQ + DCPower/Power Measurement/SubVIs/Pow Meas Configure and Measure.vi (Power Measurement.lvlib:Pow Meas Configure and Measure.vi)
    - This VI needs a driver or toolkit component that is not found. Missing resource file "daqmx.rc".
  ### Bad VI:    "Source and Measure Current in DMM.vi"	Path="/workspace/src/Test measurements/One Session N Instrument/NI Instruments/NI DCPower + NI DMM/Source and Measure Current in DMM.vi" 
  ### Bad VI:    "Measure Current and Burst Waveform.vi"	Path="/workspace/src/Test measurements/One Session N Instrument/NI Instruments/NI DCPower +NI  DMM + NI Fgen/Measure Current and Burst Waveform.vi" 
  ### Bad VI:    "DMM Measurement.vi"	Path="/workspace/src/Test measurements/One Session N Instrument/NI Instruments/NI DMM + NI Scope/DMM Measurement.vi" 
Search failed to find "niDigital Apply Levels and Timing.vi" previously from "/<instrlib>/niDigital/niDigital.llb/niDigital Apply Levels and Timing.vi"  +=+   Caller: "NI-DCPower Source DC Voltage.vi"
  ### Bad VI:    "NI-DCPower Source DC Voltage.vi"	Path="/workspace/src/Test measurements/One Session N Instrument/NI Instruments/NIDCPower + NI Digital/NI-DCPower Source DC Voltage.vi" 
  ### Bad VI:    "NI-DCPower Source DC Voltage.vi"	Path="/workspace/src/Test measurements/One Session N Instrument/NI Instruments/NIDCPower + NIScope/NI-DCPower Source DC Voltage.vi" 
  ### Bad VI:    "DMM Measurement.vi"	Path="/workspace/src/Test measurements/One Session N Instrument/NI Instruments/ni Digital + niDMM/DMM Measurement.vi" 
  ### Bad VI:    "Fgen Module.vi"	Path="/workspace/src/Test measurements/One Session N Instrument/NI Instruments/niFgen + niDMM/Fgen Module.vi" 
  ### Bad VI:    "Fgen Module.vi"	Path="/workspace/src/Test measurements/One Session N Instrument/NI Instruments/niFgen + niScope/Fgen Module.vi" 
  ### Bad VI:    "niScope EX Getting Started.vi"	Path="/workspace/src/Test measurements/One Session N Instrument/NI Instruments/niScope + niDigital/niScope EX Getting Started.vi" 
  ### Bad VI:    "Agilent Source and Measure.vi"	Path="/workspace/src/Test measurements/One Session N Instrument/VISA Instruments/Agilent DCPower + Agilent DMM/Agilent Source and Measure.vi" 
  ### Bad VI:    "Source using Agilent and Keithley.vi"	Path="/workspace/src/Test measurements/One Session N Instrument/VISA Instruments/Agilent DCPower + Keithley DCPower/Source using Agilent and Keithley.vi" 
  ### Bad VI:    "Agilent DCPower and Keithley Scope.vi"	Path="/workspace/src/Test measurements/One Session N Instrument/VISA Instruments/Agilent DCPower + Tetronix Scope/Agilent DCPower and Keithley Scope.vi" 
Search failed to find "niDigital Get Channel Name.vi" previously from "/<instrlib>/niDigital/niDigital.llb/niDigital Get Channel Name.vi"  +=+   Caller: "VISA_niScope_Fgen_Digital.vi"
Search failed to find "niDigital Get Channel Name (Poly).vi" previously from "/<instrlib>/niDigital/niDigital.llb/niDigital Get Channel Name (Poly).vi"  +=+   Caller: "VISA_niScope_Fgen_Digital.vi"
Search failed to find "niDigital Self Calibrate.vi" previously from "/<instrlib>/niDigital/niDigital.llb/niDigital Self Calibrate.vi"  +=+   Caller: "VISA_niScope_Fgen_Digital.vi"
Search failed to find "niDigital Reset.vi" previously from "/<instrlib>/niDigital/niDigital.llb/niDigital Reset.vi"  +=+   Caller: "VISA_niScope_Fgen_Digital.vi"
  ### Bad VI:    "VISA_niScope_Fgen_Digital.vi"	Path="/workspace/src/Test measurements/One Session N Instrument/VISA Instruments/VISA_niScope_Fgen_Digital.vi" 
  ### Bad VI:    "DMM.lvlib:DMM Measurement.vi"	Path="/workspace/src/Test measurements/One Session One Instrument/Clusters/DMM/DMM Measurement.vi" 
  ### Bad VI:    "SMU.lvlib:Configuration.vi"	Path="/workspace/src/Test measurements/One Session One Instrument/Clusters/SMU/subVIs/Configuration.vi" 
  ### Bad VI:    "SMU.lvlib:Read Measurement.vi"	Path="/workspace/src/Test measurements/One Session One Instrument/Clusters/SMU/subVIs/Read Measurement.vi" 
  ### Bad VI:    "SMU.lvlib:Read Measurement.vi"	Path="/workspace/src/Test measurements/One Session One Instrument/Clusters/SMU/subVIs/Read Measurement.vi" 
  ### Bad VI:    "SMU.lvlib:Configuration.vi"	Path="/workspace/src/Test measurements/One Session One Instrument/Clusters/SMU/subVIs/Configuration.vi" 
  ### Bad subVI: "SMU.lvlib:NI-DCPower Source DC Voltage.vi"	Path="/workspace/src/Test measurements/One Session One Instrument/Clusters/SMU/NI-DCPower Source DC Voltage.vi" 
  ### Bad VI:    "DMM.lvlib:DMM Measurement.vi"	Path="/workspace/src/Test measurements/One Session One Instrument/Clusters/DMM/DMM Measurement.vi" 
  ### Bad VI:    "SMU.lvlib:Read Measurement.vi"	Path="/workspace/src/Test measurements/One Session One Instrument/Clusters/SMU/subVIs/Read Measurement.vi" 
  ### Bad VI:    "SMU.lvlib:Configuration.vi"	Path="/workspace/src/Test measurements/One Session One Instrument/Clusters/SMU/subVIs/Configuration.vi" 
  ### Bad subVI: "SMU.lvlib:NI-DCPower Source DC Voltage.vi"	Path="/workspace/src/Test measurements/One Session One Instrument/Clusters/SMU/NI-DCPower Source DC Voltage.vi" 
  ### Bad VI:    "Main.lvlib:Voltage Measurement.vi"	Path="/workspace/src/Test measurements/One Session One Instrument/Clusters/Voltage Measurement.vi" 
  ### Bad VI:    "DMM.lvlib:DMM Measurement.vi"	Path="/workspace/src/Test measurements/One Session One Instrument/Clusters Input/DMM/DMM Measurement.vi" 
  ### Bad VI:    "SMU.lvlib:Configuration.vi"	Path="/workspace/src/Test measurements/One Session One Instrument/Clusters Input/SMU/subVIs/Configuration.vi" 
  ### Bad VI:    "SMU.lvlib:Read Measurement.vi"	Path="/workspace/src/Test measurements/One Session One Instrument/Clusters Input/SMU/subVIs/Read Measurement.vi" 
  ### Bad VI:    "SMU.lvlib:Read Measurement.vi"	Path="/workspace/src/Test measurements/One Session One Instrument/Clusters Input/SMU/subVIs/Read Measurement.vi" 
  ### Bad VI:    "SMU.lvlib:Configuration.vi"	Path="/workspace/src/Test measurements/One Session One Instrument/Clusters Input/SMU/subVIs/Configuration.vi" 
  ### Bad subVI: "SMU.lvlib:NI-DCPower Source DC Voltage.vi"	Path="/workspace/src/Test measurements/One Session One Instrument/Clusters Input/SMU/NI-DCPower Source DC Voltage.vi" 
  ### Bad VI:    "DMM.lvlib:DMM Measurement.vi"	Path="/workspace/src/Test measurements/One Session One Instrument/Clusters Input/DMM/DMM Measurement.vi" 
  ### Bad VI:    "SMU.lvlib:Read Measurement.vi"	Path="/workspace/src/Test measurements/One Session One Instrument/Clusters Input/SMU/subVIs/Read Measurement.vi" 
  ### Bad VI:    "SMU.lvlib:Configuration.vi"	Path="/workspace/src/Test measurements/One Session One Instrument/Clusters Input/SMU/subVIs/Configuration.vi" 
  ### Bad subVI: "SMU.lvlib:NI-DCPower Source DC Voltage.vi"	Path="/workspace/src/Test measurements/One Session One Instrument/Clusters Input/SMU/NI-DCPower Source DC Voltage.vi" 
  ### Bad VI:    "Main.lvlib:Voltage Measurement.vi"	Path="/workspace/src/Test measurements/One Session One Instrument/Clusters Input/Voltage Measurement.vi" 
  ### Bad VI:    "Power Measurement.lvlib:Pow Meas Init.vi"	Path="/workspace/src/Test measurements/One Session One Instrument/DAQ/Power Module Assignment1/Power Measurement/Pow Meas Init.vi" 
  ### Bad VI:    "Power Measurement.lvlib:Pow Meas Configure and Measure.vi"	Path="/workspace/src/Test measurements/One Session One Instrument/DAQ/Power Module Assignment1/Power Measurement/Pow Meas Configure and Measure.vi" 
/workspace/src/Test measurements/One Session One Instrument/DAQ/Power Module Assignment1/Power Measurement/Pow Meas Configure and Measure.vi (Power Measurement.lvlib:Pow Meas Configure and Measure.vi)
    - This VI needs a driver or toolkit component that is not found. Missing resource file "daqmx.rc".
  ### Bad VI:    "Power Measurement.lvlib:Pow Meas Unint.vi"	Path="/workspace/src/Test measurements/One Session One Instrument/DAQ/Power Module Assignment1/Power Measurement/Pow Meas Unint.vi" 
  ### Bad VI:    "Power Measurement.lvlib:Pow Meas Unint.vi"	Path="/workspace/src/Test measurements/One Session One Instrument/DAQ/Power Module Assignment1/Power Measurement/Pow Meas Unint.vi" 
  ### Bad VI:    "Power Measurement.lvlib:Pow Meas Configure and Measure.vi"	Path="/workspace/src/Test measurements/One Session One Instrument/DAQ/Power Module Assignment1/Power Measurement/Pow Meas Configure and Measure.vi" 
  ### Bad VI:    "Power Measurement.lvlib:Pow Meas Init.vi"	Path="/workspace/src/Test measurements/One Session One Instrument/DAQ/Power Module Assignment1/Power Measurement/Pow Meas Init.vi" 
  ### Bad subVI: "Main Library.lvlib:Power Module.vi"	Path="/workspace/src/Test measurements/One Session One Instrument/DAQ/Power Module Assignment1/Power Module.vi" 
/workspace/src/Test measurements/One Session One Instrument/DAQ/Power Module Assignment1/Power Measurement/Pow Meas Configure and Measure.vi (Power Measurement.lvlib:Pow Meas Configure and Measure.vi)
    - This VI needs a driver or toolkit component that is not found. Missing resource file "daqmx.rc".
  ### Bad VI:    "DMM Measurement.vi"	Path="/workspace/src/Test measurements/One Session One Instrument/NI Dmm/DMM Measurement.vi" 
  ### Bad VI:    "Fgen Module.vi"	Path="/workspace/src/Test measurements/One Session One Instrument/NI Fgen/Fgen Module.vi" 
  ### Bad VI:    "niScope EX Getting Started.vi"	Path="/workspace/src/Test measurements/One Session One Instrument/NI Scope/niScope EX Getting Started.vi" 
  ### Bad VI:    "NI-DCPower Pulse Current Sequence.vi"	Path="/workspace/src/Test measurements/One Session One Instrument/NIDCPower/NI-DCPower Pulse Current Sequence.vi" 
  ### Bad VI:    "NI-DCPower Pulse Voltage Sequence.vi"	Path="/workspace/src/Test measurements/One Session One Instrument/NIDCPower/NI-DCPower Pulse Voltage Sequence.vi" 
  ### Bad VI:    "NI-DCPower Source DC Current.vi"	Path="/workspace/src/Test measurements/One Session One Instrument/NIDCPower/NI-DCPower Source DC Current.vi" 
  ### Bad VI:    "NI-DCPower Source DC Voltage.vi"	Path="/workspace/src/Test measurements/One Session One Instrument/NIDCPower/NI-DCPower Source DC Voltage.vi" 
Search failed to find "niDigital History RAM Cycle Information (1D Pin States).ctl" previously from "/<instrlib>/niDigital/niDigital.llb/niDigital History RAM Cycle Information (1D Pin States).ctl"  +=+   Caller: "NI-Digital Burst Pattern.vi"
Search failed to find "niDigital Get Pattern Pin Names.vi" previously from "/<instrlib>/niDigital/niDigital.llb/niDigital Get Pattern Pin Names.vi"  +=+   Caller: "NI-Digital Burst Pattern.vi"
Search failed to find "niDigital Get Pattern Pin List.vi" previously from "/<instrlib>/niDigital/niDigital.llb/niDigital Get Pattern Pin List.vi"  +=+   Caller: "NI-Digital Burst Pattern.vi"
Search failed to find "niDigital Load Specifications Levels and Timing (Single).vi" previously from "/<instrlib>/niDigital/niDigital.llb/niDigital Load Specifications Levels and Timing (Single).vi"  +=+   Caller: "NI-Digital Burst Pattern.vi"
Search failed to find "niDigital Configure First Failure History RAM Trigger.vi" previously from "/<instrlib>/niDigital/niDigital.llb/niDigital Configure First Failure History RAM Trigger.vi"  +=+   Caller: "NI-Digital Burst Pattern.vi"
Search failed to find "niDigital Fetch History RAM Cycle Information (1D Pin States).vi" previously from "/<instrlib>/niDigital/niDigital.llb/niDigital Fetch History RAM Cycle Information (1D Pin States).vi"  +=+   Caller: "NI-Digital Burst Pattern.vi"
Search failed to find "niDigital Fetch History RAM Scan Cycle Numbers.vi" previously from "/<instrlib>/niDigital/niDigital.llb/niDigital Fetch History RAM Scan Cycle Numbers.vi"  +=+   Caller: "NI-Digital Burst Pattern.vi"
Search failed to find "niDigital Get Pattern Pins.vi" previously from "/<instrlib>/niDigital/niDigital.llb/niDigital Get Pattern Pins.vi"  +=+   Caller: "NI-Digital Burst Pattern.vi"
Search failed to find "niDigital Fetch History RAM Cycle Information.vi" previously from "/<instrlib>/niDigital/niDigital.llb/niDigital Fetch History RAM Cycle Information.vi"  +=+   Caller: "NI-Digital Burst Pattern.vi"
Search failed to find "niDigital Get History RAM Sample Count.vi" previously from "/<instrlib>/niDigital/niDigital.llb/niDigital Get History RAM Sample Count.vi"  +=+   Caller: "NI-Digital Burst Pattern.vi"
Search failed to find "niDigital Configure Trigger.vi" previously from "/<instrlib>/niDigital/niDigital.llb/niDigital Configure Trigger.vi"  +=+   Caller: "NI-Digital Burst Pattern.vi"
Search failed to find "niDigital Configure History RAM Cycles To Acquire.vi" previously from "/<instrlib>/niDigital/niDigital.llb/niDigital Configure History RAM Cycles To Acquire.vi"  +=+   Caller: "NI-Digital Burst Pattern.vi"
Search failed to find "Create Relative Path.vi" previously from "/C/Program Files/NI/LVAddons/nidigital/1/examples/instr/niDigital/Common/Create Relative Path.vi"  +=+   Caller: "NI-Digital Burst Pattern.vi"
Search failed to find "niDigital Load Pattern.vi" previously from "/<instrlib>/niDigital/niDigital.llb/niDigital Load Pattern.vi"  +=+   Caller: "NI-Digital Burst Pattern.vi"
Search failed to find "niDigital Load Specifications Levels and Timing.vi" previously from "/<instrlib>/niDigital/niDigital.llb/niDigital Load Specifications Levels and Timing.vi"  +=+   Caller: "NI-Digital Burst Pattern.vi"
Search failed to find "niDigital Load Pin Map.vi" previously from "/<instrlib>/niDigital/niDigital.llb/niDigital Load Pin Map.vi"  +=+   Caller: "NI-Digital Burst Pattern.vi"
  ### Bad VI:    "NI-Digital Burst Pattern.vi"	Path="/workspace/src/Test measurements/One Session One Instrument/NIDigital Pattern/NI-Digital Burst Pattern.vi" 
Search failed to find "niDigital Configure Cycle Number History RAM Trigger.vi" previously from "/<instrlib>/niDigital/niDigital.llb/niDigital Configure Cycle Number History RAM Trigger.vi"  +=+   Caller: "NI-Digital History RAM Stream.vi"
Search failed to find "niDigital Burst Pattern (Burst Only).vi" previously from "/<instrlib>/niDigital/niDigital.llb/niDigital Burst Pattern (Burst Only).vi"  +=+   Caller: "NI-Digital History RAM Stream.vi"
Search failed to find "niDigital Get Time Set Period.vi" previously from "/<instrlib>/niDigital/niDigital.llb/niDigital Get Time Set Period.vi"  +=+   Caller: "NI-Digital History RAM Stream.vi"
Search failed to find "niDigital History RAM Cycles to Acquire.ctl" previously from "/<instrlib>/niDigital/niDigital.llb/niDigital History RAM Cycles to Acquire.ctl"  +=+   Caller: "NI-Digital History RAM Stream.vi"
Search failed to find "niDigital Pin State.ctl" previously from "/<instrlib>/niDigital/niDigital.llb/niDigital Pin State.ctl"  +=+   Caller: "NI-Digital History RAM Stream.vi"
Search failed to find "niDigital Is Done.vi" previously from "/<instrlib>/niDigital/niDigital.llb/niDigital Is Done.vi"  +=+   Caller: "NI-Digital History RAM Stream.vi"
Search failed to find "niDigital Wait Until Done.vi" previously from "/<instrlib>/niDigital/niDigital.llb/niDigital Wait Until Done.vi"  +=+   Caller: "NI-Digital History RAM Stream.vi"
  ### Bad VI:    "NI-Digital History RAM Stream.vi"	Path="/workspace/src/Test measurements/One Session One Instrument/NIDigital Pattern/NI-Digital History RAM Stream.vi" 
  ### Bad VI:    "NI-Digital Loopback and Compare.vi"	Path="/workspace/src/Test measurements/One Session One Instrument/NIDigital Pattern/NI-Digital Loopback and Compare.vi" 
  ### Bad VI:    "SPI.vi"	Path="/workspace/src/Test measurements/One Session One Instrument/NIDigital Pattern/SPI.vi" 
Search failed to find "Agilent N6700 Series.lvlib:Fetch Histogram.vi" previously from "/<instrlib>/Agilent N6700 Series/Public/Data/Low Level/Fetch Histogram.vi"  +=+   Caller: "Agilent N6700 Series Configure Histogram.vi"
Search failed to find "Agilent N6700 Series.lvlib:Immediate Histogram Trigger.vi" previously from "/<instrlib>/Agilent N6700 Series/Public/Action-Status/Immediate Histogram Trigger.vi"  +=+   Caller: "Agilent N6700 Series Configure Histogram.vi"
Search failed to find "Agilent N6700 Series.lvlib:Configure Histogram Trigger Source.vi" previously from "/<instrlib>/Agilent N6700 Series/Public/Configuration/Triggering/Configure Histogram Trigger Source.vi"  +=+   Caller: "Agilent N6700 Series Configure Histogram.vi"
Search failed to find "Agilent N6700 Series.lvlib:Configure Histogram.vi" previously from "/<instrlib>/Agilent N6700 Series/Public/Configuration/Histogram/Configure Histogram.vi"  +=+   Caller: "Agilent N6700 Series Configure Histogram.vi"
Search failed to find "Agilent N6700 Series.lvlib:Initiate Histogram.vi" previously from "/<instrlib>/Agilent N6700 Series/Public/Data/Low Level/Initiate Histogram.vi"  +=+   Caller: "Agilent N6700 Series Configure Histogram.vi"
  ### Bad VI:    "Agilent N6700 Series Configure Histogram.vi"	Path="/workspace/src/Test measurements/One Session One Instrument/One VISA/Agilent DCPower/Agilent N6700 Series Configure Histogram.vi" 
  ### Bad VI:    "Agilent N6700 Series Configure Voltage.vi"	Path="/workspace/src/Test measurements/One Session One Instrument/One VISA/Agilent DCPower/Agilent N6700 Series Configure Voltage.vi" 
Search failed to find "Agilent N6700 Series.lvlib:Fetch External Data Log.vi" previously from "/<instrlib>/Agilent N6700 Series/Public/Data/Low Level/Fetch External Data Log.vi"  +=+   Caller: "Agilent N6700 Series Read External Datalog.vi"
Search failed to find "Agilent N6700 Series.lvlib:Auto External Data Log Range.vi" previously from "/<instrlib>/Agilent N6700 Series/Public/Configuration/External Data Log/Auto External Data Log Range.vi"  +=+   Caller: "Agilent N6700 Series Read External Datalog.vi"
Search failed to find "Agilent N6700 Series.lvlib:Initiate External Data Log.vi" previously from "/<instrlib>/Agilent N6700 Series/Public/Data/Low Level/Initiate External Data Log.vi"  +=+   Caller: "Agilent N6700 Series Read External Datalog.vi"
Search failed to find "Agilent N6700 Series.lvlib:Immediate External Data Log Trigger.vi" previously from "/<instrlib>/Agilent N6700 Series/Public/Action-Status/Immediate External Data Log Trigger.vi"  +=+   Caller: "Agilent N6700 Series Read External Datalog.vi"
Search failed to find "Agilent N6700 Series.lvlib:Configure External Data Log.vi" previously from "/<instrlib>/Agilent N6700 Series/Public/Configuration/External Data Log/Configure External Data Log.vi"  +=+   Caller: "Agilent N6700 Series Read External Datalog.vi"
  ### Bad VI:    "Agilent N6700 Series Read External Datalog.vi"	Path="/workspace/src/Test measurements/One Session One Instrument/One VISA/Agilent DCPower/Agilent N6700 Series Read External Datalog.vi" 
Search failed to find "Agilent 3446X Series.lvlib:Read (Multiple Points).vi" previously from "/<instrlib>/Agilent 3446X Series/Public/Data/Read (Multiple Points).vi"  +=+   Caller: "Agilent 3446X Series Acquire Multiple.vi"
  ### Bad VI:    "Agilent 3446X Series Acquire Multiple.vi"	Path="/workspace/src/Test measurements/One Session One Instrument/One VISA/Agilent DMM/Agilent 3446X Series Acquire Multiple.vi" 
  ### Bad VI:    "Agilent 3446X Series Acquire Single.vi"	Path="/workspace/src/Test measurements/One Session One Instrument/One VISA/Agilent DMM/Agilent 3446X Series Acquire Single.vi" 
Search failed to find "Keithley 24XX.lvlib:Read (Multiple Points).vi" previously from "/<instrlib>/Keithley 24XX/Public/Data/Read (Multiple Points).vi"  +=+   Caller: "Keithley 24XX Read Multiple.vi"
  ### Bad VI:    "Keithley 24XX Read Multiple.vi"	Path="/workspace/src/Test measurements/One Session One Instrument/One VISA/Keithley DCPower/Keithley 24XX Read Multiple.vi" 
  ### Bad VI:    "Keithley 24XX Read Single.vi"	Path="/workspace/src/Test measurements/One Session One Instrument/One VISA/Keithley DCPower/Keithley 24XX Read Single.vi" 
  ### Bad VI:    "Tektronix MSO5X Series Read Horizontal Settings.vi"	Path="/workspace/src/Test measurements/One Session One Instrument/One VISA/Tektronix Scope/Tektronix MSO5X Series Read Horizontal Settings.vi" 
Search failed to find "Semiconductor Device Control.lvclass" previously from "/usr/local/natinst/LabVIEW-2026-64/instr.lib/Semi Device Control/Semiconductor Device Control.lvclass"
Search failed to find "Semiconductor Device Control.lvclass:Instantiate - using IS config path.vi" previously from "/<instrlib>/Semi Device Control/API/Instantiate - using IS config path.vi"  +=+   Caller: "ltm4676a_set_runtime_config.vi"
Search failed to find "Semiconductor Device Control.lvclass:Start.vi" previously from "/<instrlib>/Semi Device Control/API/Start.vi"  +=+   Caller: "ltm4676a_set_runtime_config.vi"
Search failed to find "Semiconductor Device Control.lvclass:Stop.vi" previously from "/<instrlib>/Semi Device Control/API/Stop.vi"  +=+   Caller: "ltm4676a_set_runtime_config.vi"
Search failed to find "Semiconductor Device Control.lvclass:Read Register by Name (Device).vi" previously from "/<instrlib>/Semi Device Control/API/Read Register by Name (Device).vi"  +=+   Caller: "pmbus_write_word_readback.vi"
Search failed to find "Semiconductor Device Control.lvclass:Write Register by Name (Device).vi" previously from "/<instrlib>/Semi Device Control/API/Write Register by Name (Device).vi"  +=+   Caller: "pmbus_write_word_readback.vi"
Search failed to find "Semiconductor Device Control.lvclass:Semi Device Control APIs.vi" previously from "/<instrlib>/Semi Device Control/Semi Device Control APIs.vi"  +=+   Caller: "pmbus_write_word_readback.vi"
Search failed to find "Semiconductor Device Control.lvclass:Destroy.vi" previously from "/<instrlib>/Semi Device Control/API/Destroy.vi"  +=+   Caller: "ltm4676a_set_runtime_config.vi"
  ### Bad VI:    "pmbus_write_word_readback.vi"	Path="/workspace/src/Test measurements/PMIC/labview/pmbus_ltm4676a/pmbus_write_word_readback.vi" 
  ### Bad VI:    "pmbus_write_byte_readback.vi"	Path="/workspace/src/Test measurements/PMIC/labview/pmbus_ltm4676a/pmbus_write_byte_readback.vi" 
  ### Bad VI:    "ltm4676a_set_runtime_config.vi"	Path="/workspace/src/Test measurements/PMIC/labview/pmbus_ltm4676a/ltm4676a_set_runtime_config.vi" 
Search failed to find "niDCPower Configure Digital Edge Source Trigger.vi" previously from "/<instrlib>/niDCPower/nidcpower.llb/niDCPower Configure Digital Edge Source Trigger.vi"  +=+   Caller: "Efficiency+LLR.vi"
Search failed to find "niDCPower Configure Digital Edge Measure Trigger.vi" previously from "/<instrlib>/niDCPower/nidcpower.llb/niDCPower Configure Digital Edge Measure Trigger.vi"  +=+   Caller: "Efficiency+LLR.vi"
Search failed to find "niDCPower Create Advanced Sequence Step.vi" previously from "/<instrlib>/niDCPower/nidcpower.llb/niDCPower Create Advanced Sequence Step.vi"  +=+   Caller: "Efficiency+LLR.vi"
Search failed to find "niDCPower Sense.ctl" previously from "/<instrlib>/niDCPower/nidcpower.llb/niDCPower Sense.ctl"  +=+   Caller: "Efficiency+LLR.vi"
Search failed to find "niDCPower Configure Sense.vi" previously from "/<instrlib>/niDCPower/nidcpower.llb/niDCPower Configure Sense.vi"  +=+   Caller: "Efficiency+LLR.vi"
Search failed to find "niDCPower Create Advanced Sequence Step (Poly).vi" previously from "/<instrlib>/niDCPower/nidcpower.llb/niDCPower Create Advanced Sequence Step (Poly).vi"  +=+   Caller: "Efficiency+LLR.vi"
Search failed to find "niDCPower Sequence Attribute Type.ctl" previously from "/<instrlib>/niDCPower/nidcpower.llb/niDCPower Sequence Attribute Type.ctl"  +=+   Caller: "Efficiency+LLR.vi"
Search failed to find "niDCPower Create Advanced Sequence.vi" previously from "/<instrlib>/niDCPower/nidcpower.llb/niDCPower Create Advanced Sequence.vi"  +=+   Caller: "Efficiency+LLR.vi"
Search failed to find "niDCPower Configure Trigger (Poly).vi" previously from "/<instrlib>/niDCPower/nidcpower.llb/niDCPower Configure Trigger (Poly).vi"  +=+   Caller: "Efficiency+LLR.vi"
  ### Bad VI:    "pmbus_write_word_readback.vi"	Path="/workspace/src/Test measurements/PMIC/labview/pmbus_ltm4676a/pmbus_write_word_readback.vi" 
  ### Bad VI:    "pmbus_write_byte_readback.vi"	Path="/workspace/src/Test measurements/PMIC/labview/pmbus_ltm4676a/pmbus_write_byte_readback.vi" 
  ### Bad VI:    "ltm4676a_set_runtime_config.vi"	Path="/workspace/src/Test measurements/PMIC/labview/pmbus_ltm4676a/ltm4676a_set_runtime_config.vi" 
  ### Bad VI:    "buildTerminalName.vi"	Path="/workspace/src/Test measurements/PMIC/labview/subvis/buildTerminalName.vi" 
  ### Bad VI:    "Efficiency+LLR.vi"	Path="/workspace/src/Test measurements/PMIC/labview/Efficiency+LLR.vi" 
Search failed to find "niDCPower Disable Source Trigger With Channels.vi" previously from "/<instrlib>/niDCPower/nidcpower.llb/niDCPower Disable Source Trigger With Channels.vi"  +=+   Caller: "Load Transient.vi"
Search failed to find "niDCPower Configure Trigger With Channels (Poly).vi" previously from "/<instrlib>/niDCPower/nidcpower.llb/niDCPower Configure Trigger With Channels (Poly).vi"  +=+   Caller: "Load Transient.vi"
  ### Bad VI:    "pmbus_write_word_readback.vi"	Path="/workspace/src/Test measurements/PMIC/labview/pmbus_ltm4676a/pmbus_write_word_readback.vi" 
  ### Bad VI:    "pmbus_write_byte_readback.vi"	Path="/workspace/src/Test measurements/PMIC/labview/pmbus_ltm4676a/pmbus_write_byte_readback.vi" 
  ### Bad VI:    "ltm4676a_set_runtime_config.vi"	Path="/workspace/src/Test measurements/PMIC/labview/pmbus_ltm4676a/ltm4676a_set_runtime_config.vi" 
  ### Bad VI:    "Load Transient.vi"	Path="/workspace/src/Test measurements/PMIC/labview/Load Transient.vi" 
Search failed to find "niScope Get Channel Name From String.vi" previously from "/<instrlib>/niScope/Utility/niScope Get Channel Name From String.vi"  +=+   Caller: "PSRR.vi"
Search failed to find "niScope Configure Trigger Edge.vi" previously from "/<instrlib>/niScope/Configure/Trigger/niScope Configure Trigger Edge.vi"  +=+   Caller: "PSRR.vi"
Search failed to find "niScope trigger source.ctl" previously from "/<instrlib>/niScope/Controls/niScope trigger source.ctl"  +=+   Caller: "PSRR.vi"
Search failed to find "niScope trigger coupling.ctl" previously from "/<instrlib>/niScope/Controls/niScope trigger coupling.ctl"  +=+   Caller: "PSRR.vi"
Search failed to find "niScope Get Channel Name (Poly).vi" previously from "/<instrlib>/niScope/Utility/niScope Get Channel Name (Poly).vi"  +=+   Caller: "PSRR.vi"
Search failed to find "niScope Configure Chan Characteristics.vi" previously from "/<instrlib>/niScope/Configure/Vertical/niScope Configure Chan Characteristics.vi"  +=+   Caller: "PSRR.vi"
Search failed to find "niScope Multi Fetch WDT.vi" previously from "/<instrlib>/niScope/Acquire/Fetch/niScope Multi Fetch WDT.vi"  +=+   Caller: "acquireConstantSamples.vi"
  ### Bad VI:    "setFgenFreqWait.vi"	Path="/workspace/src/Test measurements/PMIC/labview/subvis/setFgenFreqWait.vi" 
  ### Bad VI:    "acquireConstantSamples.vi"	Path="/workspace/src/Test measurements/PMIC/labview/subvis/acquireConstantSamples.vi" 
  ### Bad VI:    "pmbus_write_word_readback.vi"	Path="/workspace/src/Test measurements/PMIC/labview/pmbus_ltm4676a/pmbus_write_word_readback.vi" 
  ### Bad VI:    "pmbus_write_byte_readback.vi"	Path="/workspace/src/Test measurements/PMIC/labview/pmbus_ltm4676a/pmbus_write_byte_readback.vi" 
  ### Bad VI:    "ltm4676a_set_runtime_config.vi"	Path="/workspace/src/Test measurements/PMIC/labview/pmbus_ltm4676a/ltm4676a_set_runtime_config.vi" 
  ### Bad VI:    "PSRR.vi"	Path="/workspace/src/Test measurements/PMIC/labview/PSRR.vi" 
  ### Bad VI:    "acquireConstantSamples.vi"	Path="/workspace/src/Test measurements/PMIC/labview/subvis/acquireConstantSamples.vi" 
  ### Bad VI:    "pmbus_write_word_readback.vi"	Path="/workspace/src/Test measurements/PMIC/labview/pmbus_ltm4676a/pmbus_write_word_readback.vi" 
  ### Bad VI:    "pmbus_write_byte_readback.vi"	Path="/workspace/src/Test measurements/PMIC/labview/pmbus_ltm4676a/pmbus_write_byte_readback.vi" 
  ### Bad VI:    "ltm4676a_set_runtime_config.vi"	Path="/workspace/src/Test measurements/PMIC/labview/pmbus_ltm4676a/ltm4676a_set_runtime_config.vi" 
  ### Bad VI:    "Ripple.vi"	Path="/workspace/src/Test measurements/PMIC/labview/Ripple.vi" 
Search failed to find "niDCPower Configure Digital Edge Measure Trigger With Channels.vi" previously from "/<instrlib>/niDCPower/nidcpower.llb/niDCPower Configure Digital Edge Measure Trigger With Channels.vi"  +=+   Caller: "Argus Cal Helper.vi"
Search failed to find "niDCPower Configure Digital Edge Source Trigger With Channels.vi" previously from "/<instrlib>/niDCPower/nidcpower.llb/niDCPower Configure Digital Edge Source Trigger With Channels.vi"  +=+   Caller: "Argus Cal Helper.vi"
  ### Bad VI:    "buildTerminalName.vi"	Path="/workspace/src/Test measurements/PMIC/labview/subvis/buildTerminalName.vi" 
  ### Bad VI:    "Argus Cal Helper.vi"	Path="/workspace/src/Test measurements/PMIC/labview/calibvis/Argus Cal Helper.vi" 
Search failed to find "niRegi Flush Storage Map.vi" previously from "/<instrlib>/niRegi/niRegi.llb/niRegi Flush Storage Map.vi"  +=+   Caller: "calulator for personal cal.vi"
Search failed to find "niRegi Open (Regi Tag).vi" previously from "/<instrlib>/niRegi/niRegi.llb/niRegi Open (Regi Tag).vi"  +=+   Caller: "calulator for personal cal.vi"
Search failed to find "niRegi Flush (poly).vi" previously from "/<instrlib>/niRegi/niRegi.llb/niRegi Flush (poly).vi"  +=+   Caller: "calulator for personal cal.vi"
Search failed to find "argus Register Maps.ctl" previously from "/<instrlib>/argus/regMaps/argus Register Maps.ctl"  +=+   Caller: "calulator for personal cal.vi"
Search failed to find "argus Get Constant from Json File.vi" previously from "/<instrlib>/argus/regMaps/argus Get Constant from Json File.vi"  +=+   Caller: "calulator for personal cal.vi"
Search failed to find "niRegi Close.vi" previously from "/<instrlib>/niRegi/niRegi.llb/niRegi Close.vi"  +=+   Caller: "calulator for personal cal.vi"
Search failed to find "niRegi Pop Configuration.vi" previously from "/<instrlib>/niRegi/niRegi.llb/niRegi Pop Configuration.vi"  +=+   Caller: "calulator for personal cal.vi"
Search failed to find "niRegi Push Configuration.vi" previously from "/<instrlib>/niRegi/niRegi.llb/niRegi Push Configuration.vi"  +=+   Caller: "calulator for personal cal.vi"
Search failed to find "niRegi Open.vi" previously from "/<instrlib>/niRegi/niRegi.llb/niRegi Open.vi"  +=+   Caller: "calulator for personal cal.vi"
Search failed to find "niRegi Location.ctl" previously from "/<instrlib>/niRegi/niRegi.llb/niRegi Location.ctl"  +=+   Caller: "calulator for personal cal.vi"
  ### Bad VI:    "calulator for personal cal.vi"	Path="/workspace/src/Test measurements/PMIC/labview/calibvis/calulator for personal cal.vi" 
/workspace/src/Test measurements/PMIC/labview/calibvis/calulator for personal cal.vi (calulator for personal cal.vi)
    - This VI needs a driver or toolkit component that is not found. Missing resource file "CalibrationStorageMap.rc".
Search failed to find "niDCPower Query In Compliance.vi" previously from "/<instrlib>/niDCPower/nidcpower.llb/niDCPower Query In Compliance.vi"  +=+   Caller: "NI-DCPower Sink DC Current + Ammeter.vi"
  ### Bad VI:    "NI-DCPower Sink DC Current + Ammeter.vi"	Path="/workspace/src/Test measurements/PMIC/labview/helpervis/NI-DCPower Sink DC Current + Ammeter.vi" 
  ### Bad VI:    "NI-DCPower Source DC Voltage + Voltmeter.vi"	Path="/workspace/src/Test measurements/PMIC/labview/helpervis/NI-DCPower Source DC Voltage + Voltmeter.vi" 
Search failed to find "niDCPower Disable Source Trigger.vi" previously from "/<instrlib>/niDCPower/nidcpower.llb/niDCPower Disable Source Trigger.vi"  +=+   Caller: "Dropout Voltage.vi"
Search failed to find "niDCPower Delete Advanced Sequence.vi" previously from "/<instrlib>/niDCPower/nidcpower.llb/niDCPower Delete Advanced Sequence.vi"  +=+   Caller: "Dropout Voltage.vi"
  ### Bad VI:    "buildTerminalName.vi"	Path="/workspace/src/Test measurements/PMIC/labview/subvis/buildTerminalName.vi" 
  ### Bad VI:    "Dropout Voltage.vi"	Path="/workspace/src/Test measurements/PMIC/labview/Dropout Voltage.vi" 
  ### Bad VI:    "buildTerminalName.vi"	Path="/workspace/src/Test measurements/PMIC/labview/subvis/buildTerminalName.vi" 
  ### Bad VI:    "Efficiency.vi"	Path="/workspace/src/Test measurements/PMIC/labview/Efficiency.vi" 
Search failed to find "niDCPower Configure Digital Edge Start Trigger.vi" previously from "/<instrlib>/niDCPower/nidcpower.llb/niDCPower Configure Digital Edge Start Trigger.vi"  +=+   Caller: "Line-Load Regulation.vi"
Search failed to find "niDCPower Configure Digital Edge Sequence Advance Trigger.vi" previously from "/<instrlib>/niDCPower/nidcpower.llb/niDCPower Configure Digital Edge Sequence Advance Trigger.vi"  +=+   Caller: "Line-Load Regulation.vi"
  ### Bad VI:    "buildTerminalName.vi"	Path="/workspace/src/Test measurements/PMIC/labview/subvis/buildTerminalName.vi" 
  ### Bad VI:    "Line-Load Regulation.vi"	Path="/workspace/src/Test measurements/PMIC/labview/Line-Load Regulation.vi" 
Search failed to find "DAQmx Read (Digital 1D U16 1Chan NSamp).vi" previously from "/<vilib>/DAQmx/read.llb/DAQmx Read (Digital 1D U16 1Chan NSamp).vi"  +=+   Caller: "DATA_CAPTURE_SNR.vi"
Search failed to find "DAQmx Read (Digital 1D U32 1Chan NSamp).vi" previously from "/<vilib>/DAQmx/read.llb/DAQmx Read (Digital 1D U32 1Chan NSamp).vi"  +=+   Caller: "DATA_CAPTURE_SNR.vi"
Search failed to find "DAQmx Create Channel (DI-Digital Input).vi" previously from "/<vilib>/DAQmx/create/channels.llb/DAQmx Create Channel (DI-Digital Input).vi"  +=+   Caller: "DATA_CAPTURE_SNR.vi"
  ### Bad VI:    "DATA_CAPTURE_SNR.vi"	Path="/workspace/src/Test measurements/WiFi Team/VIs/ADC Data capture and Process/Sub_VI/DATA_CAPTURE_SNR.vi" 
  ### Bad VI:    "DATA_CAPTURE_SNR.vi"	Path="/workspace/src/Test measurements/WiFi Team/VIs/ADC Data capture and Process/Sub_VI/DATA_CAPTURE_SNR.vi" 
/workspace/src/Test measurements/WiFi Team/VIs/ADC Data capture and Process/ADC Data capture and Process Original - Copy (2).vi (ADC Data capture and Process Original - Copy (2).vi)
    - The VI expected to be at "/workspace/src/Kharon/User Lib/Utilities/Method utilities/ADC standalone/ADC Data capture and Process/Sub_VI/Take fron panel screenshot.vi" was loaded from "/workspace/src/Test measurements/WiFi Team/VIs/ADC Data capture and Process/Sub_VI/Take fron panel screenshot.vi".
    - The VI expected to be at "/workspace/src/Kharon/User Lib/Utilities/Method utilities/ADC standalone/ADC Data capture and Process/Sub_VI/Calculate_SNR_THD.vi" was loaded from "/workspace/src/Test measurements/WiFi Team/VIs/ADC Data capture and Process/Sub_VI/Calculate_SNR_THD.vi".
    - The VI expected to be at "/workspace/src/Kharon/User Lib/Utilities/Method utilities/ADC standalone/ADC Data capture and Process/Sub_VI/Sinewave_Linearity_trial_F027.vi" was loaded from "/workspace/src/Test measurements/WiFi Team/VIs/ADC Data capture and Process/Sub_VI/Sinewave_Linearity_trial_F027.vi".
  ### Bad VI:    "DATA_CAPTURE_SNR.vi"	Path="/workspace/src/Test measurements/WiFi Team/VIs/ADC Data capture and Process/Sub_VI/DATA_CAPTURE_SNR.vi" 
/workspace/src/Test measurements/WiFi Team/VIs/ADC Data capture and Process/ADC Data capture and Process Original - Copy.vi (ADC Data capture and Process Original - Copy.vi)
    - The VI expected to be at "/workspace/src/Kharon/User Lib/Utilities/Method utilities/ADC standalone/ADC Data capture and Process/Sub_VI/Take fron panel screenshot.vi" was loaded from "/workspace/src/Test measurements/WiFi Team/VIs/ADC Data capture and Process/Sub_VI/Take fron panel screenshot.vi".
    - The VI expected to be at "/workspace/src/Kharon/User Lib/Utilities/Method utilities/ADC standalone/ADC Data capture and Process/Sub_VI/Calculate_SNR_THD.vi" was loaded from "/workspace/src/Test measurements/WiFi Team/VIs/ADC Data capture and Process/Sub_VI/Calculate_SNR_THD.vi".
    - The VI expected to be at "/workspace/src/Kharon/User Lib/Utilities/Method utilities/ADC standalone/ADC Data capture and Process/Sub_VI/Sinewave_Linearity_trial_F027.vi" was loaded from "/workspace/src/Test measurements/WiFi Team/VIs/ADC Data capture and Process/Sub_VI/Sinewave_Linearity_trial_F027.vi".
  ### Bad VI:    "DATA_CAPTURE_SNR.vi"	Path="/workspace/src/Test measurements/WiFi Team/VIs/ADC Data capture and Process/Sub_VI/DATA_CAPTURE_SNR.vi" 
  ### Bad subVI: "ADC Data capture and Process Original.vi"	Path="/workspace/src/Test measurements/WiFi Team/VIs/ADC Data capture and Process/ADC Data capture and Process Original.vi" 
  ### Bad VI:    "DATA_CAPTURE_SNR.vi"	Path="/workspace/src/Test measurements/WiFi Team/VIs/ADC Data capture and Process/Sub_VI/DATA_CAPTURE_SNR.vi" 
  ### Bad subVI: "ADC Data capture and Process.vi"	Path="/workspace/src/Test measurements/WiFi Team/VIs/ADC Data capture and Process/ADC Data capture and Process.vi" 
  ### Bad VI:    "DATA_CAPTURE_SNR.vi"	Path="/workspace/src/Test measurements/WiFi Team/VIs/ADC Data capture and Process/Sub_VI/DATA_CAPTURE_SNR.vi" 
/workspace/src/Test measurements/WiFi Team/VIs/ADC Data capture and Process/ADC Data capture and Process_new.vi (ADC Data capture and Process_new.vi)
    - The VI expected to be at "/workspace/src/Kharon/User Lib/Utilities/Method utilities/ADC standalone/ADC Data capture and Process/Sub_VI/Take fron panel screenshot.vi" was loaded from "/workspace/src/Test measurements/WiFi Team/VIs/ADC Data capture and Process/Sub_VI/Take fron panel screenshot.vi".
    - The VI expected to be at "/workspace/src/Kharon/User Lib/Utilities/Method utilities/ADC standalone/ADC Data capture and Process/Sub_VI/Calculate_SNR_THD.vi" was loaded from "/workspace/src/Test measurements/WiFi Team/VIs/ADC Data capture and Process/Sub_VI/Calculate_SNR_THD.vi".
    - The VI expected to be at "/workspace/src/Kharon/User Lib/Utilities/Method utilities/ADC standalone/ADC Data capture and Process/Sub_VI/Sinewave_Linearity_trial_F027.vi" was loaded from "/workspace/src/Test measurements/WiFi Team/VIs/ADC Data capture and Process/Sub_VI/Sinewave_Linearity_trial_F027.vi".
  ### Bad VI:    "DATA_CAPTURE_SNR.vi"	Path="/workspace/src/Test measurements/WiFi Team/VIs/ADC Data capture and Process/Sub_VI/DATA_CAPTURE_SNR.vi" 
  ### Bad subVI: "ADC PSRR.vi"	Path="/workspace/src/Test measurements/WiFi Team/VIs/ADC Data capture and Process/ADC PSRR.vi" 
Search failed to find "End method error cluster.ctl" previously from "/workspace/src/Test measurements/WiFi Team/VIs/Archive/User Lib/Utilities/Cluster definitions/End method error cluster.ctl"  +=+   Caller: "ADC INL - Copy.vi"
Search failed to find "Method input.ctl" previously from "/workspace/src/Test measurements/WiFi Team/VIs/Archive/User Lib/Utilities/Cluster definitions/Method input.ctl"  +=+   Caller: "ADC INL - Copy.vi"
Search failed to find "Ref Based File Name Gen.vi" previously from "/workspace/src/Test measurements/WiFi Team/VIs/Archive/User Lib/Utilities/ADC Operations/Ref Based File Name Gen.vi"  +=+   Caller: "ADC INL - Copy.vi"
Search failed to find "Sampling Freq.vi" previously from "/workspace/src/Test measurements/WiFi Team/VIs/Archive/User Lib/Utilities/ADC Operations/Sampling Freq.vi"  +=+   Caller: "ADC INL - Copy.vi"
Search failed to find "ADC Method Inputs.vi" previously from "/workspace/src/Test measurements/WiFi Team/VIs/Archive/User Lib/Utilities/ADC Operations/ADC Method Inputs.vi"  +=+   Caller: "ADC INL - Copy.vi"
Search failed to find "Generic_EM.lvclass" previously from "/workspace/src/Test measurements/WiFi Team/VIs/Archive/User Lib/Generic chip methods/Classes/Generic_EM/Generic_EM/Generic_EM.lvclass"  +=+   Caller: "ADC INL - Copy.vi"
Search failed to find "Loki.lvclass" previously from "/workspace/src/Test measurements/WiFi Team/VIs/Archive/User Lib/Generic chip methods/Classes/Generic_EM/Chameleon/Loki/Loki.lvclass"  +=+   Caller: "ADC INL - Copy.vi"
Search failed to find "Loki.lvclass:FW Read responseData.vi" previously from "/workspace/src/Test measurements/WiFi Team/VIs/Archive/User Lib/Generic chip methods/Classes/Generic_EM/Chameleon/Loki/FW Read responseData.vi"  +=+   Caller: "ADC INL - Copy.vi"
Search failed to find "Get_Class.vi" previously from "/workspace/src/Test measurements/WiFi Team/VIs/Archive/User Lib/Generic chip methods/Classes/Get_Class.vi"  +=+   Caller: "ADC INL - Copy.vi"
Search failed to find "Get_parameter_from_input_parameters.vi" previously from "/workspace/src/Test measurements/WiFi Team/VIs/Archive/User Lib/Utilities/Sequence parameter lookup/Get_parameter_from_input_parameters.vi"  +=+   Caller: "ADC INL - Copy.vi"
Search failed to find "SA ADC Get Data Wrapper.vi" previously from "/workspace/src/Test measurements/WiFi Team/VIs/Archive/User Lib/Utilities/Method utilities/ADC standalone/SA ADC Get Data Wrapper.vi"  +=+   Caller: "ADC INL - Copy.vi"
Search failed to find "DataAgent_Append_Row.vi" previously from "/workspace/src/Test measurements/WiFi Team/VIs/Archive/User Lib/Utilities/Reporting/DataAgent/Method_Functions/DataAgent_Append_Row.vi"  +=+   Caller: "ADC INL - Copy.vi"
Search failed to find "DataAgent_Write_Report.vi" previously from "/workspace/src/Test measurements/WiFi Team/VIs/Archive/User Lib/Utilities/Reporting/DataAgent/Method_Functions/DataAgent_Write_Report.vi"  +=+   Caller: "ADC INL - Copy.vi"
Search failed to find "DataAgent_Add_Data.vi" previously from "/workspace/src/Test measurements/WiFi Team/VIs/Archive/User Lib/Utilities/Reporting/DataAgent/Method_Functions/DataAgent_Add_Data.vi"  +=+   Caller: "ADC INL - Copy.vi"
Search failed to find "DUT vdd control.ctl" previously from "/workspace/src/Test measurements/WiFi Team/VIs/Archive/User Lib/Utilities/Cluster definitions/DUT vdd control.ctl"  +=+   Caller: "ADC INL - Copy.vi"
Search failed to find "Init_Everything.vi" previously from "/workspace/src/Test measurements/WiFi Team/VIs/Archive/User Lib/Utilities/Method utilities/Init_Everything.vi"  +=+   Caller: "ADC INL - Copy.vi"
Search failed to find "End method.vi" previously from "/workspace/src/Test measurements/WiFi Team/VIs/Archive/User Lib/Utilities/Method utilities/End method.vi"  +=+   Caller: "ADC INL - Copy.vi"
Search failed to find "Input_parameters_check.vi" previously from "/workspace/src/Test measurements/WiFi Team/VIs/Archive/User Lib/Core CCTE/Input_parameters_check.vi"  +=+   Caller: "ADC INL - Copy.vi"
  ### Bad VI:    "DATA_CAPTURE_SNR.vi"	Path="/workspace/src/Test measurements/WiFi Team/VIs/ADC Data capture and Process/Sub_VI/DATA_CAPTURE_SNR.vi" 
  ### Bad subVI: "ADC Data capture and Process.vi"	Path="/workspace/src/Test measurements/WiFi Team/VIs/ADC Data capture and Process/ADC Data capture and Process.vi" 
  ### Bad VI:    "ADC INL - Copy.vi"	Path="/workspace/src/Test measurements/WiFi Team/VIs/Archive/INL_DNL/ADC INL - Copy.vi" 
/workspace/src/Test measurements/WiFi Team/VIs/Archive/INL_DNL/ADC INL - Copy.vi (ADC INL - Copy.vi)
    - The VI expected to be at "/workspace/src/Test measurements/WiFi Team/VIs/Archive/User Lib/Utilities/Method utilities/ADC standalone/ADC Data capture and Process/ADC Data capture and Process.vi" was loaded from "/workspace/src/Test measurements/WiFi Team/VIs/ADC Data capture and Process/ADC Data capture and Process.vi".
Search failed to find "DataAgent_Init.vi" previously from "/workspace/src/Test measurements/WiFi Team/VIs/Archive/User Lib/Utilities/Reporting/DataAgent/Method_Functions/DataAgent_Init.vi"  +=+   Caller: "ADC INL.vi"
  ### Bad VI:    "DATA_CAPTURE_SNR.vi"	Path="/workspace/src/Test measurements/WiFi Team/VIs/ADC Data capture and Process/Sub_VI/DATA_CAPTURE_SNR.vi" 
  ### Bad subVI: "ADC Data capture and Process.vi"	Path="/workspace/src/Test measurements/WiFi Team/VIs/ADC Data capture and Process/ADC Data capture and Process.vi" 
  ### Bad VI:    "ADC INL.vi"	Path="/workspace/src/Test measurements/WiFi Team/VIs/Archive/INL_DNL/ADC INL.vi" 
/workspace/src/Test measurements/WiFi Team/VIs/Archive/INL_DNL/ADC INL.vi (ADC INL.vi)
    - The VI expected to be at "/workspace/src/Test measurements/WiFi Team/VIs/Archive/User Lib/Utilities/Method utilities/ADC standalone/ADC Data capture and Process/ADC Data capture and Process.vi" was loaded from "/workspace/src/Test measurements/WiFi Team/VIs/ADC Data capture and Process/ADC Data capture and Process.vi".
  ### Bad VI:    "DATA_CAPTURE_SNR.vi"	Path="/workspace/src/Test measurements/WiFi Team/VIs/ADC Data capture and Process/Sub_VI/DATA_CAPTURE_SNR.vi" 
  ### Bad subVI: "ADC Data capture and Process.vi"	Path="/workspace/src/Test measurements/WiFi Team/VIs/ADC Data capture and Process/ADC Data capture and Process.vi" 
  ### Bad VI:    "ADC INL_new - Copy.vi"	Path="/workspace/src/Test measurements/WiFi Team/VIs/Archive/INL_DNL/ADC INL_new - Copy.vi" 
/workspace/src/Test measurements/WiFi Team/VIs/Archive/INL_DNL/ADC INL_new - Copy.vi (ADC INL_new - Copy.vi)
    - The VI expected to be at "/workspace/src/Test measurements/WiFi Team/VIs/Archive/User Lib/Utilities/Method utilities/ADC standalone/ADC Data capture and Process/ADC Data capture and Process.vi" was loaded from "/workspace/src/Test measurements/WiFi Team/VIs/ADC Data capture and Process/ADC Data capture and Process.vi".
  ### Bad VI:    "DATA_CAPTURE_SNR.vi"	Path="/workspace/src/Test measurements/WiFi Team/VIs/ADC Data capture and Process/Sub_VI/DATA_CAPTURE_SNR.vi" 
  ### Bad subVI: "ADC Data capture and Process.vi"	Path="/workspace/src/Test measurements/WiFi Team/VIs/ADC Data capture and Process/ADC Data capture and Process.vi" 
  ### Bad VI:    "ADC INL_new.vi"	Path="/workspace/src/Test measurements/WiFi Team/VIs/Archive/INL_DNL/ADC INL_new.vi" 
/workspace/src/Test measurements/WiFi Team/VIs/Archive/INL_DNL/ADC INL_new.vi (ADC INL_new.vi)
    - The VI expected to be at "/workspace/src/Test measurements/WiFi Team/VIs/Archive/User Lib/Utilities/Method utilities/ADC standalone/ADC Data capture and Process/ADC Data capture and Process.vi" was loaded from "/workspace/src/Test measurements/WiFi Team/VIs/ADC Data capture and Process/ADC Data capture and Process.vi".
Search failed to find "PS_Voltage_RW_new.vi" previously from "/workspace/src/Test measurements/WiFi Team/VIs/Archive/User Lib/Generic instrument methods/Power supply/PS_Voltage_RW_new.vi"  +=+   Caller: "ADC INL_ref_sweep.vi"
Search failed to find "Start_Stop_bits.vi" previously from "/workspace/src/Test measurements/WiFi Team/VIs/Archive/User Lib/Utilities/ADC Operations/Start_Stop_bits.vi"  +=+   Caller: "ADC INL_ref_sweep.vi"
Search failed to find "ADC_Data_file_naming_INL.vi" previously from "/workspace/src/Test measurements/WiFi Team/VIs/Archive/User Lib/Utilities/ADC Operations/ADC_Data_file_naming_INL.vi"  +=+   Caller: "ADC INL_ref_sweep.vi"
Search failed to find "FG_set_output_new.vi" previously from "/workspace/src/Test measurements/WiFi Team/VIs/Archive/User Lib/Generic instrument methods/Function generator/FG_set_output_new.vi"  +=+   Caller: "ADC INL_ref_sweep.vi"
Search failed to find "Select instrument.vi" previously from "/workspace/src/Test measurements/WiFi Team/VIs/Archive/User Lib/Utilities/Cluster operations/Select instrument.vi"  +=+   Caller: "ADC INL_ref_sweep.vi"
Search failed to find "ADC_Ref_Voltage_Sweep.vi" previously from "/workspace/src/Test measurements/WiFi Team/VIs/Archive/User Lib/Utilities/ADC Operations/ADC_Ref_Voltage_Sweep.vi"  +=+   Caller: "ADC INL_ref_sweep.vi"
Search failed to find "ADC_StaticPar_Data_Logging.vi" previously from "/workspace/src/Test measurements/WiFi Team/VIs/Archive/User Lib/Utilities/ADC Operations/ADC_StaticPar_Data_Logging.vi"  +=+   Caller: "ADC INL_ref_sweep.vi"
Search failed to find "ADC_INL_TFW_Core.vi" previously from "/workspace/src/Test measurements/WiFi Team/VIs/Archive/User Lib/Utilities/ADC Operations/ADC_INL_TFW_Core.vi"  +=+   Caller: "ADC INL_ref_sweep.vi"
  ### Bad VI:    "DATA_CAPTURE_SNR.vi"	Path="/workspace/src/Test measurements/WiFi Team/VIs/ADC Data capture and Process/Sub_VI/DATA_CAPTURE_SNR.vi" 
  ### Bad subVI: "ADC Data capture and Process.vi"	Path="/workspace/src/Test measurements/WiFi Team/VIs/ADC Data capture and Process/ADC Data capture and Process.vi" 
  ### Bad VI:    "ADC INL_ref_sweep.vi"	Path="/workspace/src/Test measurements/WiFi Team/VIs/Archive/INL_DNL/ADC INL_ref_sweep.vi" 
/workspace/src/Test measurements/WiFi Team/VIs/Archive/INL_DNL/ADC INL_ref_sweep.vi (ADC INL_ref_sweep.vi)
    - The VI expected to be at "/workspace/src/Test measurements/WiFi Team/VIs/Archive/User Lib/Utilities/Method utilities/ADC standalone/ADC Data capture and Process/ADC Data capture and Process.vi" was loaded from "/workspace/src/Test measurements/WiFi Team/VIs/ADC Data capture and Process/ADC Data capture and Process.vi".
  ### Bad VI:    "DATA_CAPTURE_SNR.vi"	Path="/workspace/src/Test measurements/WiFi Team/VIs/ADC Data capture and Process/Sub_VI/DATA_CAPTURE_SNR.vi" 
  ### Bad subVI: "ADC Data capture and Process.vi"	Path="/workspace/src/Test measurements/WiFi Team/VIs/ADC Data capture and Process/ADC Data capture and Process.vi" 
  ### Bad VI:    "ADC INL_sweep.vi"	Path="/workspace/src/Test measurements/WiFi Team/VIs/Archive/INL_DNL/ADC INL_sweep.vi" 
/workspace/src/Test measurements/WiFi Team/VIs/Archive/INL_DNL/ADC INL_sweep.vi (ADC INL_sweep.vi)
    - The VI expected to be at "/workspace/src/Test measurements/WiFi Team/VIs/Archive/User Lib/Utilities/Method utilities/ADC standalone/ADC Data capture and Process/ADC Data capture and Process.vi" was loaded from "/workspace/src/Test measurements/WiFi Team/VIs/ADC Data capture and Process/ADC Data capture and Process.vi".
  ### Bad VI:    "DATA_CAPTURE_SNR.vi"	Path="/workspace/src/Test measurements/WiFi Team/VIs/ADC Data capture and Process/Sub_VI/DATA_CAPTURE_SNR.vi" 
  ### Bad subVI: "ADC Data capture and Process.vi"	Path="/workspace/src/Test measurements/WiFi Team/VIs/ADC Data capture and Process/ADC Data capture and Process.vi" 
  ### Bad VI:    "ADC INL_sweep_triangle.vi"	Path="/workspace/src/Test measurements/WiFi Team/VIs/Archive/INL_DNL/ADC INL_sweep_triangle.vi" 
/workspace/src/Test measurements/WiFi Team/VIs/Archive/INL_DNL/ADC INL_sweep_triangle.vi (ADC INL_sweep_triangle.vi)
    - The VI expected to be at "/workspace/src/Test measurements/WiFi Team/VIs/Archive/User Lib/Utilities/Method utilities/ADC standalone/ADC Data capture and Process/ADC Data capture and Process.vi" was loaded from "/workspace/src/Test measurements/WiFi Team/VIs/ADC Data capture and Process/ADC Data capture and Process.vi".
  ### Bad VI:    "DATA_CAPTURE_SNR.vi"	Path="/workspace/src/Test measurements/WiFi Team/VIs/ADC Data capture and Process/Sub_VI/DATA_CAPTURE_SNR.vi" 
  ### Bad subVI: "ADC Data capture and Process.vi"	Path="/workspace/src/Test measurements/WiFi Team/VIs/ADC Data capture and Process/ADC Data capture and Process.vi" 
  ### Bad VI:    "ADC INL_sweep_triangle_ExtRef.vi"	Path="/workspace/src/Test measurements/WiFi Team/VIs/Archive/INL_DNL/ADC INL_sweep_triangle_ExtRef.vi" 
/workspace/src/Test measurements/WiFi Team/VIs/Archive/INL_DNL/ADC INL_sweep_triangle_ExtRef.vi (ADC INL_sweep_triangle_ExtRef.vi)
    - The VI expected to be at "/workspace/src/Test measurements/WiFi Team/VIs/Archive/User Lib/Utilities/Method utilities/ADC standalone/ADC Data capture and Process/ADC Data capture and Process.vi" was loaded from "/workspace/src/Test measurements/WiFi Team/VIs/ADC Data capture and Process/ADC Data capture and Process.vi".
  ### Bad VI:    "DATA_CAPTURE_SNR.vi"	Path="/workspace/src/Test measurements/WiFi Team/VIs/ADC Data capture and Process/Sub_VI/DATA_CAPTURE_SNR.vi" 
  ### Bad subVI: "ADC Data capture and Process.vi"	Path="/workspace/src/Test measurements/WiFi Team/VIs/ADC Data capture and Process/ADC Data capture and Process.vi" 
  ### Bad VI:    "ADC INL_sweep_working.vi"	Path="/workspace/src/Test measurements/WiFi Team/VIs/Archive/INL_DNL/ADC INL_sweep_working.vi" 
/workspace/src/Test measurements/WiFi Team/VIs/Archive/INL_DNL/ADC INL_sweep_working.vi (ADC INL_sweep_working.vi)
    - The VI expected to be at "/workspace/src/Test measurements/WiFi Team/VIs/Archive/User Lib/Utilities/Method utilities/ADC standalone/ADC Data capture and Process/ADC Data capture and Process.vi" was loaded from "/workspace/src/Test measurements/WiFi Team/VIs/ADC Data capture and Process/ADC Data capture and Process.vi".
  ### Bad VI:    "DATA_CAPTURE_SNR.vi"	Path="/workspace/src/Test measurements/WiFi Team/VIs/ADC Data capture and Process/Sub_VI/DATA_CAPTURE_SNR.vi" 
  ### Bad subVI: "ADC Data capture and Process.vi"	Path="/workspace/src/Test measurements/WiFi Team/VIs/ADC Data capture and Process/ADC Data capture and Process.vi" 
  ### Bad VI:    "ADC INL_sweep_working_new.vi"	Path="/workspace/src/Test measurements/WiFi Team/VIs/Archive/INL_DNL/ADC INL_sweep_working_new.vi" 
/workspace/src/Test measurements/WiFi Team/VIs/Archive/INL_DNL/ADC INL_sweep_working_new.vi (ADC INL_sweep_working_new.vi)
    - The VI expected to be at "/workspace/src/Test measurements/WiFi Team/VIs/Archive/User Lib/Utilities/Method utilities/ADC standalone/ADC Data capture and Process/ADC Data capture and Process.vi" was loaded from "/workspace/src/Test measurements/WiFi Team/VIs/ADC Data capture and Process/ADC Data capture and Process.vi".
Search failed to find "MM_Measure_Voltage.vi" previously from "/workspace/src/Test measurements/WiFi Team/VIs/Archive/User Lib/Generic instrument methods/Multimeter/MM_Measure_Voltage.vi"  +=+   Caller: "ADC Offset Gain.vi"
  ### Bad VI:    "ADC Offset Gain.vi"	Path="/workspace/src/Test measurements/WiFi Team/VIs/Archive/Offset Gain/ADC Offset Gain.vi" 
/workspace/src/Test measurements/WiFi Team/VIs/Archive/Offset Gain/ADC Offset Gain.vi (ADC Offset Gain.vi)
    - The VI expected to be at "/workspace/src/Test measurements/WiFi Team/VIs/Projects/Loki/VIs/viBank/ADC/ADC_Sweep_Voltage_Gen.vi" was loaded from "/workspace/src/Test measurements/WiFi Team/VIs/viBank/ADC/ADC_Sweep_Voltage_Gen.vi".
  ### Bad VI:    "ADC Offset Gain_original.vi"	Path="/workspace/src/Test measurements/WiFi Team/VIs/Archive/Offset Gain/ADC Offset Gain_original.vi" 
/workspace/src/Test measurements/WiFi Team/VIs/Archive/Offset Gain/ADC Offset Gain_original.vi (ADC Offset Gain_original.vi)
    - The VI expected to be at "/workspace/src/Test measurements/WiFi Team/VIs/Projects/Loki/VIs/viBank/ADC/ADC_Sweep_Voltage_Gen.vi" was loaded from "/workspace/src/Test measurements/WiFi Team/VIs/viBank/ADC/ADC_Sweep_Voltage_Gen.vi".
  ### Bad VI:    "ADC Offset Gain_test.vi"	Path="/workspace/src/Test measurements/WiFi Team/VIs/Archive/Offset Gain/ADC Offset Gain_test.vi" 
Search failed to find "ADC_SNR_TFW_Core.vi" previously from "/workspace/src/Test measurements/WiFi Team/VIs/Archive/User Lib/Utilities/ADC Operations/ADC_SNR_TFW_Core.vi"  +=+   Caller: "ADC SNR_Sweep - Copy.vi"
Search failed to find "ADC_DynPar_Data_Logging.vi" previously from "/workspace/src/Test measurements/WiFi Team/VIs/Archive/User Lib/Utilities/ADC Operations/ADC_DynPar_Data_Logging.vi"  +=+   Caller: "ADC SNR_Sweep - Copy.vi"
  ### Bad VI:    "DATA_CAPTURE_SNR.vi"	Path="/workspace/src/Test measurements/WiFi Team/VIs/ADC Data capture and Process/Sub_VI/DATA_CAPTURE_SNR.vi" 
  ### Bad subVI: "ADC Data capture and Process Original.vi"	Path="/workspace/src/Test measurements/WiFi Team/VIs/ADC Data capture and Process/ADC Data capture and Process Original.vi" 
  ### Bad VI:    "ADC SNR_Sweep - Copy.vi"	Path="/workspace/src/Test measurements/WiFi Team/VIs/Archive/SNR/ADC SNR_Sweep - Copy.vi" 
/workspace/src/Test measurements/WiFi Team/VIs/Archive/SNR/ADC SNR_Sweep - Copy.vi (ADC SNR_Sweep - Copy.vi)
    - The VI expected to be at "/workspace/src/Test measurements/WiFi Team/VIs/Projects/Loki/VIs/ADC Data capture and Process/ADC Data capture and Process Original.vi" was loaded from "/workspace/src/Test measurements/WiFi Team/VIs/ADC Data capture and Process/ADC Data capture and Process Original.vi".
Search failed to find "ADC_Data_file_naming.vi" previously from "/workspace/src/Test measurements/WiFi Team/VIs/Archive/User Lib/Utilities/ADC Operations/ADC_Data_file_naming.vi"  +=+   Caller: "ADC SNR_Sweep.vi"
  ### Bad VI:    "DATA_CAPTURE_SNR.vi"	Path="/workspace/src/Test measurements/WiFi Team/VIs/ADC Data capture and Process/Sub_VI/DATA_CAPTURE_SNR.vi" 
  ### Bad subVI: "ADC Data capture and Process Original.vi"	Path="/workspace/src/Test measurements/WiFi Team/VIs/ADC Data capture and Process/ADC Data capture and Process Original.vi" 
  ### Bad VI:    "ADC SNR_Sweep.vi"	Path="/workspace/src/Test measurements/WiFi Team/VIs/Archive/SNR/ADC SNR_Sweep.vi" 
/workspace/src/Test measurements/WiFi Team/VIs/Archive/SNR/ADC SNR_Sweep.vi (ADC SNR_Sweep.vi)
    - The VI expected to be at "/workspace/src/Test measurements/WiFi Team/VIs/Projects/Loki/VIs/ADC Data capture and Process/ADC Data capture and Process Original.vi" was loaded from "/workspace/src/Test measurements/WiFi Team/VIs/ADC Data capture and Process/ADC Data capture and Process Original.vi".
  ### Bad VI:    "DATA_CAPTURE_SNR.vi"	Path="/workspace/src/Test measurements/WiFi Team/VIs/ADC Data capture and Process/Sub_VI/DATA_CAPTURE_SNR.vi" 
  ### Bad subVI: "ADC Data capture and Process Original.vi"	Path="/workspace/src/Test measurements/WiFi Team/VIs/ADC Data capture and Process/ADC Data capture and Process Original.vi" 
  ### Bad VI:    "ADC SNR_Sweep_edited.vi"	Path="/workspace/src/Test measurements/WiFi Team/VIs/Archive/SNR/ADC SNR_Sweep_edited.vi" 
/workspace/src/Test measurements/WiFi Team/VIs/Archive/SNR/ADC SNR_Sweep_edited.vi (ADC SNR_Sweep_edited.vi)
    - The VI expected to be at "/workspace/src/Test measurements/WiFi Team/VIs/Projects/Loki/VIs/ADC Data capture and Process/ADC Data capture and Process Original.vi" was loaded from "/workspace/src/Test measurements/WiFi Team/VIs/ADC Data capture and Process/ADC Data capture and Process Original.vi".
  ### Bad VI:    "DATA_CAPTURE_SNR.vi"	Path="/workspace/src/Test measurements/WiFi Team/VIs/ADC Data capture and Process/Sub_VI/DATA_CAPTURE_SNR.vi" 
  ### Bad subVI: "ADC Data capture and Process Original.vi"	Path="/workspace/src/Test measurements/WiFi Team/VIs/ADC Data capture and Process/ADC Data capture and Process Original.vi" 
  ### Bad VI:    "ADC SNR_Sweep_original.vi"	Path="/workspace/src/Test measurements/WiFi Team/VIs/Archive/SNR/ADC SNR_Sweep_original.vi" 
/workspace/src/Test measurements/WiFi Team/VIs/Archive/SNR/ADC SNR_Sweep_original.vi (ADC SNR_Sweep_original.vi)
    - The VI expected to be at "/workspace/src/Test measurements/WiFi Team/VIs/Projects/Loki/VIs/ADC Data capture and Process/ADC Data capture and Process Original.vi" was loaded from "/workspace/src/Test measurements/WiFi Team/VIs/ADC Data capture and Process/ADC Data capture and Process Original.vi".
  ### Bad VI:    "DATA_CAPTURE_SNR.vi"	Path="/workspace/src/Test measurements/WiFi Team/VIs/ADC Data capture and Process/Sub_VI/DATA_CAPTURE_SNR.vi" 
  ### Bad subVI: "ADC Data capture and Process Original.vi"	Path="/workspace/src/Test measurements/WiFi Team/VIs/ADC Data capture and Process/ADC Data capture and Process Original.vi" 
  ### Bad VI:    "ADC SNR_Sweep_working.vi"	Path="/workspace/src/Test measurements/WiFi Team/VIs/Archive/SNR/ADC SNR_Sweep_working.vi" 
/workspace/src/Test measurements/WiFi Team/VIs/Archive/SNR/ADC SNR_Sweep_working.vi (ADC SNR_Sweep_working.vi)
    - The VI expected to be at "/workspace/src/Test measurements/WiFi Team/VIs/Projects/Loki/VIs/ADC Data capture and Process/ADC Data capture and Process Original.vi" was loaded from "/workspace/src/Test measurements/WiFi Team/VIs/ADC Data capture and Process/ADC Data capture and Process Original.vi".
Search failed to find "ADC_Data_file_naming_SNR.vi" previously from "/workspace/src/Test measurements/WiFi Team/VIs/Archive/User Lib/Utilities/ADC Operations/ADC_Data_file_naming_SNR.vi"  +=+   Caller: "ADC SNR_input_sweep.vi"
  ### Bad VI:    "DATA_CAPTURE_SNR.vi"	Path="/workspace/src/Test measurements/WiFi Team/VIs/ADC Data capture and Process/Sub_VI/DATA_CAPTURE_SNR.vi" 
  ### Bad subVI: "ADC Data capture and Process Original.vi"	Path="/workspace/src/Test measurements/WiFi Team/VIs/ADC Data capture and Process/ADC Data capture and Process Original.vi" 
  ### Bad VI:    "ADC SNR_input_sweep.vi"	Path="/workspace/src/Test measurements/WiFi Team/VIs/Archive/SNR/ADC SNR_input_sweep.vi" 
/workspace/src/Test measurements/WiFi Team/VIs/Archive/SNR/ADC SNR_input_sweep.vi (ADC SNR_input_sweep.vi)
    - The VI expected to be at "/workspace/src/Test measurements/WiFi Team/VIs/Projects/Loki/VIs/ADC Data capture and Process/ADC Data capture and Process Original.vi" was loaded from "/workspace/src/Test measurements/WiFi Team/VIs/ADC Data capture and Process/ADC Data capture and Process Original.vi".
  ### Bad VI:    "DATA_CAPTURE_SNR.vi"	Path="/workspace/src/Test measurements/WiFi Team/VIs/ADC Data capture and Process/Sub_VI/DATA_CAPTURE_SNR.vi" 
  ### Bad subVI: "ADC Data capture and Process.vi"	Path="/workspace/src/Test measurements/WiFi Team/VIs/ADC Data capture and Process/ADC Data capture and Process.vi" 
  ### Bad VI:    "ADC SNR_new - Copy.vi"	Path="/workspace/src/Test measurements/WiFi Team/VIs/Archive/SNR/ADC SNR_new - Copy.vi" 
/workspace/src/Test measurements/WiFi Team/VIs/Archive/SNR/ADC SNR_new - Copy.vi (ADC SNR_new - Copy.vi)
    - The VI expected to be at "/workspace/src/Test measurements/WiFi Team/VIs/Projects/Loki/VIs/ADC Data capture and Process/ADC Data capture and Process.vi" was loaded from "/workspace/src/Test measurements/WiFi Team/VIs/ADC Data capture and Process/ADC Data capture and Process.vi".
  ### Bad VI:    "DATA_CAPTURE_SNR.vi"	Path="/workspace/src/Test measurements/WiFi Team/VIs/ADC Data capture and Process/Sub_VI/DATA_CAPTURE_SNR.vi" 
  ### Bad subVI: "ADC Data capture and Process.vi"	Path="/workspace/src/Test measurements/WiFi Team/VIs/ADC Data capture and Process/ADC Data capture and Process.vi" 
  ### Bad VI:    "ADC SNR_new.vi"	Path="/workspace/src/Test measurements/WiFi Team/VIs/Archive/SNR/ADC SNR_new.vi" 
/workspace/src/Test measurements/WiFi Team/VIs/Archive/SNR/ADC SNR_new.vi (ADC SNR_new.vi)
    - The VI expected to be at "/workspace/src/Test measurements/WiFi Team/VIs/Projects/Loki/VIs/ADC Data capture and Process/ADC Data capture and Process.vi" was loaded from "/workspace/src/Test measurements/WiFi Team/VIs/ADC Data capture and Process/ADC Data capture and Process.vi".
Search failed to find "PS_Voltage_RW.vi" previously from "/workspace/src/Test measurements/WiFi Team/VIs/Archive/User Lib/Generic instrument methods/Power supply/PS_Voltage_RW.vi"  +=+   Caller: "ADC SNR_new_beforeChn.vi"
Search failed to find "Input Voltage Sweep.vi" previously from "/workspace/src/Test measurements/WiFi Team/VIs/Archive/User Lib/Utilities/ADC Operations/Input Voltage Sweep.vi"  +=+   Caller: "ADC SNR_new_beforeChn.vi"
  ### Bad VI:    "DATA_CAPTURE_SNR.vi"	Path="/workspace/src/Test measurements/WiFi Team/VIs/ADC Data capture and Process/Sub_VI/DATA_CAPTURE_SNR.vi" 
  ### Bad subVI: "ADC Data capture and Process Original.vi"	Path="/workspace/src/Test measurements/WiFi Team/VIs/ADC Data capture and Process/ADC Data capture and Process Original.vi" 
  ### Bad VI:    "ADC SNR_new_beforeChn.vi"	Path="/workspace/src/Test measurements/WiFi Team/VIs/Archive/SNR/ADC SNR_new_beforeChn.vi" 
/workspace/src/Test measurements/WiFi Team/VIs/Archive/SNR/ADC SNR_new_beforeChn.vi (ADC SNR_new_beforeChn.vi)
    - The VI expected to be at "/workspace/src/Test measurements/WiFi Team/VIs/Projects/Loki/VIs/ADC Data capture and Process/ADC Data capture and Process Original.vi" was loaded from "/workspace/src/Test measurements/WiFi Team/VIs/ADC Data capture and Process/ADC Data capture and Process Original.vi".
  ### Bad VI:    "DATA_CAPTURE_SNR.vi"	Path="/workspace/src/Test measurements/WiFi Team/VIs/ADC Data capture and Process/Sub_VI/DATA_CAPTURE_SNR.vi" 
  ### Bad subVI: "ADC Data capture and Process Original.vi"	Path="/workspace/src/Test measurements/WiFi Team/VIs/ADC Data capture and Process/ADC Data capture and Process Original.vi" 
  ### Bad VI:    "ADC SNR_new_param.vi"	Path="/workspace/src/Test measurements/WiFi Team/VIs/Archive/SNR/ADC SNR_new_param.vi" 
/workspace/src/Test measurements/WiFi Team/VIs/Archive/SNR/ADC SNR_new_param.vi (ADC SNR_new_param.vi)
    - The VI expected to be at "/workspace/src/Test measurements/WiFi Team/VIs/Projects/Loki/VIs/ADC Data capture and Process/ADC Data capture and Process Original.vi" was loaded from "/workspace/src/Test measurements/WiFi Team/VIs/ADC Data capture and Process/ADC Data capture and Process Original.vi".
Search failed to find "TX methods get RF paths.vi" previously from "/workspace/src/Test measurements/WiFi Team/VIs/Archive/User Lib/Utilities/Method utilities/TX methods get RF paths.vi"  +=+   Caller: "ADC SNR_original.vi"
Search failed to find "DataAgent_Add_Report_Setup.vi" previously from "/workspace/src/Test measurements/WiFi Team/VIs/Archive/User Lib/Utilities/Reporting/DataAgent/Method_Functions/DataAgent_Add_Report_Setup.vi"  +=+   Caller: "ADC SNR_original.vi"
Search failed to find "Stop Radio.vi" previously from "/workspace/src/Test measurements/WiFi Team/VIs/Archive/User Lib/Generic chip methods/Classes/Stop Radio.vi"  +=+   Caller: "ADC SNR_original.vi"
Search failed to find "Set default instrument.vi" previously from "/workspace/src/Test measurements/WiFi Team/VIs/Archive/User Lib/Utilities/Method utilities/Set default instrument.vi"  +=+   Caller: "ADC SNR_original.vi"
  ### Bad VI:    "DATA_CAPTURE_SNR.vi"	Path="/workspace/src/Test measurements/WiFi Team/VIs/ADC Data capture and Process/Sub_VI/DATA_CAPTURE_SNR.vi" 
  ### Bad subVI: "ADC Data capture and Process.vi"	Path="/workspace/src/Test measurements/WiFi Team/VIs/ADC Data capture and Process/ADC Data capture and Process.vi" 
  ### Bad VI:    "ADC SNR_original.vi"	Path="/workspace/src/Test measurements/WiFi Team/VIs/Archive/SNR/ADC SNR_original.vi" 
/workspace/src/Test measurements/WiFi Team/VIs/Archive/SNR/ADC SNR_original.vi (ADC SNR_original.vi)
    - The VI expected to be at "/workspace/src/Test measurements/WiFi Team/VIs/Archive/User Lib/Utilities/Method utilities/ADC standalone/ADC Data capture and Process/ADC Data capture and Process.vi" was loaded from "/workspace/src/Test measurements/WiFi Team/VIs/ADC Data capture and Process/ADC Data capture and Process.vi".
  ### Bad VI:    "DATA_CAPTURE_SNR.vi"	Path="/workspace/src/Test measurements/WiFi Team/VIs/ADC Data capture and Process/Sub_VI/DATA_CAPTURE_SNR.vi" 
  ### Bad subVI: "ADC Data capture and Process Original.vi"	Path="/workspace/src/Test measurements/WiFi Team/VIs/ADC Data capture and Process/ADC Data capture and Process Original.vi" 
  ### Bad VI:    "ADC SNR_ref_sweep.vi"	Path="/workspace/src/Test measurements/WiFi Team/VIs/Archive/SNR/ADC SNR_ref_sweep.vi" 
/workspace/src/Test measurements/WiFi Team/VIs/Archive/SNR/ADC SNR_ref_sweep.vi (ADC SNR_ref_sweep.vi)
    - The VI expected to be at "/workspace/src/Test measurements/WiFi Team/VIs/Projects/Loki/VIs/ADC Data capture and Process/ADC Data capture and Process Original.vi" was loaded from "/workspace/src/Test measurements/WiFi Team/VIs/ADC Data capture and Process/ADC Data capture and Process Original.vi".
Search failed to find "33XXX.lvlib:33XXX Standard Waveform Configuration.ctl" previously from "/<userlib>/_TI-LA/Instr Drivers/Signal Generator/33XXX/Driver/EasyIO/Typedef/33XXX Standard Waveform Configuration.ctl"  +=+   Caller: "DC PSRR.vi"
Search failed to find "33XXX.lvlib:33XXX Waveform Function.ctl" previously from "/<userlib>/_TI-LA/Instr Drivers/Signal Generator/33XXX/Driver/EasyIO/Typedef/33XXX Waveform Function.ctl"  +=+   Caller: "DC PSRR.vi"
Search failed to find "CCS.lvlib:Write Data To Symbol - U16.vi" previously from "/<userlib>/_TI-LA/Reusable/CCS/APIs/Data/Polymorphics/Write Data To Symbol - U16.vi"  +=+   Caller: "lord_Read_Off_Gain_All_Chx_v2.vi"
Search failed to find "CCS.lvlib:Write To Symbol.vi" previously from "/<userlib>/_TI-LA/Reusable/CCS/APIs/Data/Write To Symbol.vi"  +=+   Caller: "lord_Read_Off_Gain_All_Chx_v2.vi"
Search failed to find "CCS.lvlib:Wait For Halt.vi" previously from "/<userlib>/_TI-LA/Reusable/CCS/APIs/Target/Wait For Halt.vi"  +=+   Caller: "lord_Read_Off_Gain_All_Chx_v2.vi"
Search failed to find "CCS.lvlib:Run Asynch.vi" previously from "/<userlib>/_TI-LA/Reusable/CCS/APIs/Target/Run Asynch.vi"  +=+   Caller: "lord_Read_Off_Gain_All_Chx_v2.vi"
Search failed to find "CCS.lvlib:Read Data From Symbol - Float Array.vi" previously from "/<userlib>/_TI-LA/Reusable/CCS/APIs/Data/Polymorphics/Read Data From Symbol - Float Array.vi"  +=+   Caller: "lord_Read_Off_Gain_All_Chx_v2.vi"
Search failed to find "CCS.lvlib:Read Data From Symbol - U16 Array.vi" previously from "/<userlib>/_TI-LA/Reusable/CCS/APIs/Data/Polymorphics/Read Data From Symbol - U16 Array.vi"  +=+   Caller: "lord_Read_Off_Gain_All_Chx_v2.vi"
Search failed to find "CCS.lvlib:Read From Symbol.vi" previously from "/<userlib>/_TI-LA/Reusable/CCS/APIs/Data/Read From Symbol.vi"  +=+   Caller: "lord_Read_Off_Gain_All_Chx_v2.vi"
Search failed to find "33XXX Modules.lvlib:Basic.vi" previously from "/<userlib>/_TI-LA/Instr Drivers/Signal Generator/33XXX/Modules/Basic/Basic.vi"  +=+   Caller: "DC PSRR.vi"
Search failed to find "33XXX.lvlib:33XXX Output Load.ctl" previously from "/<userlib>/_TI-LA/Instr Drivers/Signal Generator/33XXX/Driver/EasyIO/Typedef/33XXX Output Load.ctl"  +=+   Caller: "DC PSRR.vi"
  ### Bad VI:    "lord_Read_Off_Gain_All_Chx_v2.vi"	Path="/workspace/src/Test measurements/WiFi Team/VIs/viBank/ADC/lord_Read_Off_Gain_All_Chx_v2.vi" 
  ### Bad VI:    "DC PSRR.vi"	Path="/workspace/src/Test measurements/WiFi Team/VIs/viBank/ADC/DC PSRR.vi" 
Search failed to find "33XXX.lvlib:33XXX Set Output State.vi" previously from "/<userlib>/_TI-LA/Instr Drivers/Signal Generator/33XXX/Driver/EasyIO/Action/33XXX Set Output State.vi"  +=+   Caller: "Offset_Gain.vi"
  ### Bad VI:    "lord_Read_Off_Gain_All_Chx_v2.vi"	Path="/workspace/src/Test measurements/WiFi Team/VIs/viBank/ADC/lord_Read_Off_Gain_All_Chx_v2.vi" 
  ### Bad VI:    "Offset_Gain.vi"	Path="/workspace/src/Test measurements/WiFi Team/VIs/viBank/ADC/Offset_Gain.vi" 
  ### Bad VI:    "lord_Read_Off_Gain_All_Chx_v2.vi"	Path="/workspace/src/Test measurements/WiFi Team/VIs/viBank/ADC/lord_Read_Off_Gain_All_Chx_v2.vi" 
  ### Bad VI:    "Offset_Gain_all_Ch.vi"	Path="/workspace/src/Test measurements/WiFi Team/VIs/viBank/ADC/Offset_Gain_all_Ch.vi" 
  ### Bad VI:    "lord_Read_Off_Gain_All_Chx_v2.vi"	Path="/workspace/src/Test measurements/WiFi Team/VIs/viBank/ADC/lord_Read_Off_Gain_All_Chx_v2.vi" 
  ### Bad VI:    "Offset_Gain_new.vi"	Path="/workspace/src/Test measurements/WiFi Team/VIs/viBank/ADC/Offset_Gain_new.vi" 
Search failed to find "CCS.lvlib:Halt.vi" previously from "/<userlib>/_TI-LA/Reusable/CCS/APIs/Target/Halt.vi"  +=+   Caller: "adc_avg.vi"
  ### Bad VI:    "adc_avg.vi"	Path="/workspace/src/Test measurements/WiFi Team/VIs/viBank/ADC/adc_avg.vi" 
  ### Bad VI:    "adc_avg_oversampling.vi"	Path="/workspace/src/Test measurements/WiFi Team/VIs/viBank/ADC/adc_avg_oversampling.vi" 
Search failed to find "CCS.lvlib:Read Data From Symbol - U32.vi" previously from "/<userlib>/_TI-LA/Reusable/CCS/APIs/Data/Polymorphics/Read Data From Symbol - U32.vi"  +=+   Caller: "ADC_data_read.vi"
Search failed to find "CCS.lvlib:Read Data From Address - U16 Array.vi" previously from "/<userlib>/_TI-LA/Reusable/CCS/APIs/Data/Polymorphics/Read Data From Address - U16 Array.vi"  +=+   Caller: "ADC_data_read.vi"
Search failed to find "CCS.lvlib:Read From Address.vi" previously from "/<userlib>/_TI-LA/Reusable/CCS/APIs/Data/Read From Address.vi"  +=+   Caller: "ADC_data_read.vi"
  ### Bad VI:    "ADC_data_read.vi"	Path="/workspace/src/Test measurements/WiFi Team/VIs/viBank/CCS/Sub_Vi/ADC_data_read.vi" 
  ### Bad VI:    "Reference_select.vi"	Path="/workspace/src/Test measurements/WiFi Team/VIs/viBank/CCS/Sub_Vi/Reference_select.vi" 
  ### Bad VI:    "Read_Code_Liniarity.vi"	Path="/workspace/src/Test measurements/WiFi Team/VIs/viBank/CCS/AC_Specs/Read_Code_Liniarity.vi" 
Search failed to find "E3631.lvlib:E3631 OP State.ctl" previously from "/<userlib>/_TI-LA/Instr Drivers/Power Supply/E3631/Driver/EasyIO/Typedefs/E3631 OP State.ctl"  +=+   Caller: "SET_AP_CH&DC_OFF.vi"
Search failed to find "E3631.lvlib:E3631 Outputs Settings.ctl" previously from "/<userlib>/_TI-LA/Instr Drivers/Power Supply/E3631/Driver/EasyIO/Typedefs/E3631 Outputs Settings.ctl"  +=+   Caller: "SET_AP_CH&DC_OFF.vi"
Search failed to find "E3631.lvlib:Getting Started with E3631 - Set All Channels.vi" previously from "/<userlib>/_TI-LA/Instr Drivers/Power Supply/E3631/Driver/EasyIO/Examples/Getting Started with E3631 - Set All Channels.vi"  +=+   Caller: "SET_AP_CH&DC_OFF.vi"
Search failed to find "AP27xx Analog Generator.lvlib:AP27xx_Analog Generator Reference Setting.ctl" previously from "/<userlib>/_TI-LA/Instr Drivers/Audio Analyzer/AP27xx/Driver/EasyIO/Analog Generator/Typedefs/AP27xx_Analog Generator Reference Setting.ctl"  +=+   Caller: "SET_AP_CH&DC_OFF.vi"
Search failed to find "AP27xx Analog Generator.lvlib:AP27xx_Analog Generator Output Setting.ctl" previously from "/<userlib>/_TI-LA/Instr Drivers/Audio Analyzer/AP27xx/Driver/EasyIO/Analog Generator/Typedefs/AP27xx_Analog Generator Output Setting.ctl"  +=+   Caller: "SET_AP_CH&DC_OFF.vi"
Search failed to find "AP27xx Analog Generator.lvlib:AP27xx_Analog Generator Waveform Setting.ctl" previously from "/<userlib>/_TI-LA/Instr Drivers/Audio Analyzer/AP27xx/Driver/EasyIO/Analog Generator/Typedefs/AP27xx_Analog Generator Waveform Setting.ctl"  +=+   Caller: "SET_AP_CH&DC_OFF.vi"
Search failed to find "AP27xx Analog Generator.lvlib:AP27xx_Analog Generator Waveform Type.ctl" previously from "/<userlib>/_TI-LA/Instr Drivers/Audio Analyzer/AP27xx/Driver/EasyIO/Analog Generator/Typedefs/AP27xx_Analog Generator Waveform Type.ctl"  +=+   Caller: "SET_AP_CH&DC_OFF.vi"
Search failed to find "AP27xx Modules.lvlib:AP27xx Application Settings.ctl" previously from "/<userlib>/_TI-LA/Instr Drivers/Audio Analyzer/AP27xx/Modules/Common/AP27xx Application Settings.ctl"  +=+   Caller: "SET_AP_CH&DC_OFF.vi"
Search failed to find "AP27xx Modules.lvlib:AP27xx Analog Generator Basic [sub].vi" previously from "/<userlib>/_TI-LA/Instr Drivers/Audio Analyzer/AP27xx/Modules/Analog Generator/Basic/SubVIs/AP27xx Analog Generator Basic [sub].vi"  +=+   Caller: "SET_AP_CH&DC_OFF.vi"
  ### Bad VI:    "SET_AP_CH&DC_OFF.vi"	Path="/workspace/src/Test measurements/WiFi Team/VIs/viBank/CCS/AC_Specs/SET_AP_CH&DC_OFF.vi" 
  ### Bad VI:    "ADC_data_read.vi"	Path="/workspace/src/Test measurements/WiFi Team/VIs/viBank/CCS/Sub_Vi/ADC_data_read.vi" 
  ### Bad VI:    "Reference_select.vi"	Path="/workspace/src/Test measurements/WiFi Team/VIs/viBank/CCS/Sub_Vi/Reference_select.vi" 
  ### Bad VI:    "Read_Code_Offset.vi"	Path="/workspace/src/Test measurements/WiFi Team/VIs/viBank/CCS/Offset/Read_Code_Offset.vi" 
  ### Bad VI:    "ADC_data_read.vi"	Path="/workspace/src/Test measurements/WiFi Team/VIs/viBank/CCS/Sub_Vi/ADC_data_read.vi" 
Search failed to find "Data_Logging.lvclass:Add_Numeric.vi" previously from "/workspace/src/Test measurements/WiFi Team/common/Comman_nilesh/File_Write/Public/Add_Numeric.vi"  +=+   Caller: "Results.vi"
Search failed to find "Agilent 3446X Series.lvlib:Reset.vi" previously from "/<userlib>/_TI-LA/Instr Drivers/Multimeter/Agilent 3446X Series/Public/Utility/Reset.vi"  +=+   Caller: "Offset_Loop.vi"
Search failed to find "Data_Logging.lvclass:Add_String.vi" previously from "/workspace/src/Test measurements/WiFi Team/common/Comman_nilesh/File_Write/Public/Add_String.vi"  +=+   Caller: "Offset_Loop.vi"
Search failed to find "Data_Logging.lvclass:Write_Data.vi" previously from "/workspace/src/Test measurements/WiFi Team/common/Comman_nilesh/File_Write/Public/Write_Data.vi"  +=+   Caller: "Offset_Loop.vi"
Search failed to find "34401A.lvlib:Configure DC Input Resistance.vi" previously from "/<userlib>/_TI-LA/Instr Drivers/Multimeter/34401A/Driver/Base/Public/Configure/Configure DC Input Resistance.vi"  +=+   Caller: "Agilent 3446X Series Acquire Multiple.vi"
Search failed to find "Configure Measurement NPLC.vi" previously from "/<userlib>/_TI-LA/Instr Drivers/Multimeter/Agilent 3446X Series/Public/Configure/Measurement/Configure Measurement NPLC.vi"  +=+   Caller: "Agilent 3446X Series Acquire Multiple.vi"
Search failed to find "Agilent 3352X Series.lvlib:Configure Standard Waveform.vi" previously from "/<userlib>/_TI-LA/Instr Drivers/Signal Generator/3352x/Driver/Base/Public/Configure/Configure Standard Waveform.vi"  +=+   Caller: "SGEN_DC_33521A.vi"
Search failed to find "Agilent 3352X Series.lvlib:Configure Channel Output.vi" previously from "/<userlib>/_TI-LA/Instr Drivers/Signal Generator/3352x/Driver/Base/Public/Configure/Output Configration/Configure Channel Output.vi"  +=+   Caller: "SGEN_DC_33521A.vi"
Search failed to find "Agilent 3352X Series.lvlib:Close.vi" previously from "/<userlib>/_TI-LA/Instr Drivers/Signal Generator/3352x/Driver/Base/Public/Close.vi"  +=+   Caller: "SGEN_DC_33521A.vi"
Search failed to find "Agilent 3352X Series.lvlib:Initialize.vi" previously from "/<userlib>/_TI-LA/Instr Drivers/Signal Generator/3352x/Driver/Base/Public/Initialize.vi"  +=+   Caller: "SGEN_DC_33521A.vi"
  ### Bad VI:    "Results.vi"	Path="/workspace/src/Test measurements/WiFi Team/VIs/viBank/CCS/Sub_Vi/Results.vi" 
  ### Bad VI:    "Reference_select.vi"	Path="/workspace/src/Test measurements/WiFi Team/VIs/viBank/CCS/Sub_Vi/Reference_select.vi" 
  ### Bad VI:    "Agilent 3446X Series Acquire Multiple.vi"	Path="/workspace/src/Test measurements/WiFi Team/VIs/viBank/Common/Instrument/Agilent 3446X Series Acquire Multiple.vi" 
  ### Bad VI:    "SGEN_DC_33521A.vi"	Path="/workspace/src/Test measurements/WiFi Team/VIs/viBank/Common/Instrument/SGEN_DC_33521A.vi" 
  ### Bad VI:    "ADC_data_read.vi"	Path="/workspace/src/Test measurements/WiFi Team/VIs/viBank/CCS/Sub_Vi/ADC_data_read.vi" 
  ### Bad VI:    "Offset_Loop.vi"	Path="/workspace/src/Test measurements/WiFi Team/VIs/viBank/CCS/Sub_Vi/Offset_Loop.vi" 
/workspace/src/Test measurements/WiFi Team/VIs/viBank/Common/ANA_Pin_config.vi (ANA_Pin_config.vi)
    - The control expected to be at "/workspace/src/Test measurements/WiFi Team/VIs/viBank/ADC/Labview/Ctrls/ADC_CTRL.ctl" was loaded from "/workspace/src/Test measurements/WiFi Team/VIs/viBank/CCS/Ctrls/ADC_CTRL.ctl".
/workspace/src/Test measurements/WiFi Team/VIs/viBank/CCS/Sub_Vi/Offset_Loop.vi (Offset_Loop.vi)
    - The VI expected to be at "/workspace/src/Test measurements/WiFi Team/VIs/Common/Instrument/Agilent 3446X Series Acquire Multiple.vi" was loaded from "/workspace/src/Test measurements/WiFi Team/VIs/viBank/Common/Instrument/Agilent 3446X Series Acquire Multiple.vi".
    - The VI expected to be at "/workspace/src/Test measurements/WiFi Team/VIs/Common/Instrument/SGEN_DC_33521A.vi" was loaded from "/workspace/src/Test measurements/WiFi Team/VIs/viBank/Common/Instrument/SGEN_DC_33521A.vi".
    - The VI expected to be at "/workspace/src/Test measurements/WiFi Team/VIs/Common/ANA_Pin_config.vi" was loaded from "/workspace/src/Test measurements/WiFi Team/VIs/viBank/Common/ANA_Pin_config.vi".
  ### Bad VI:    "Results.vi"	Path="/workspace/src/Test measurements/WiFi Team/VIs/viBank/CCS/Sub_Vi/Results.vi" 
  ### Bad VI:    "Reference_select.vi"	Path="/workspace/src/Test measurements/WiFi Team/VIs/viBank/CCS/Sub_Vi/Reference_select.vi" 
  ### Bad VI:    "Agilent 3446X Series Acquire Multiple.vi"	Path="/workspace/src/Test measurements/WiFi Team/VIs/viBank/Common/Instrument/Agilent 3446X Series Acquire Multiple.vi" 
  ### Bad VI:    "SGEN_DC_33521A.vi"	Path="/workspace/src/Test measurements/WiFi Team/VIs/viBank/Common/Instrument/SGEN_DC_33521A.vi" 
  ### Bad VI:    "ADC_data_read.vi"	Path="/workspace/src/Test measurements/WiFi Team/VIs/viBank/CCS/Sub_Vi/ADC_data_read.vi" 
  ### Bad VI:    "Offset_Loop_TS.vi"	Path="/workspace/src/Test measurements/WiFi Team/VIs/viBank/CCS/Sub_Vi/Offset_Loop_TS.vi" 
/workspace/src/Test measurements/WiFi Team/VIs/viBank/CCS/Sub_Vi/Offset_Loop_TS.vi (Offset_Loop_TS.vi)
    - The control expected to be at "/workspace/src/Test measurements/WiFi Team/VIs/viBank/CCS/ADC_LV_Variables.ctl" was loaded from "/workspace/src/Test measurements/WiFi Team/VIs/viBank/CCS/Ctrls/ADC_LV_Variables.ctl".
    - The VI expected to be at "/workspace/src/Test measurements/WiFi Team/VIs/Common/Instrument/SGEN_DC_33521A.vi" was loaded from "/workspace/src/Test measurements/WiFi Team/VIs/viBank/Common/Instrument/SGEN_DC_33521A.vi".
    - The VI expected to be at "/workspace/src/Test measurements/WiFi Team/VIs/Common/Instrument/Agilent 3446X Series Acquire Multiple.vi" was loaded from "/workspace/src/Test measurements/WiFi Team/VIs/viBank/Common/Instrument/Agilent 3446X Series Acquire Multiple.vi".
    - The control expected to be at "/workspace/src/Test measurements/WiFi Team/VIs/viBank/CCS/ADC_CTRL.ctl" was loaded from "/workspace/src/Test measurements/WiFi Team/VIs/viBank/CCS/Ctrls/ADC_CTRL.ctl".
    - The VI expected to be at "/workspace/src/Test measurements/WiFi Team/VIs/Common/ANA_Pin_config.vi" was loaded from "/workspace/src/Test measurements/WiFi Team/VIs/viBank/Common/ANA_Pin_config.vi".
Search failed to find "CCS.lvlib:Cleanup.vi" previously from "/<userlib>/_TI-LA/Reusable/CCS/APIs/Cleanup.vi"  +=+   Caller: "Session_Open.vi"
Search failed to find "CCS.lvlib:Close Port.vi" previously from "/<userlib>/_TI-LA/Reusable/CCS/APIs/Close Port.vi"  +=+   Caller: "Session_Open.vi"
Search failed to find "CCS.lvlib:Load Program.vi" previously from "/<userlib>/_TI-LA/Reusable/CCS/APIs/Action/Load Program.vi"  +=+   Caller: "Session_Open.vi"
Search failed to find "CCS.lvlib:Connect.vi" previously from "/<userlib>/_TI-LA/Reusable/CCS/APIs/Target/Connect.vi"  +=+   Caller: "Session_Open.vi"
Search failed to find "CCS.lvlib:Open Port.vi" previously from "/<userlib>/_TI-LA/Reusable/CCS/APIs/Open Port.vi"  +=+   Caller: "Session_Open.vi"
  ### Bad VI:    "Session_Open.vi"	Path="/workspace/src/Test measurements/WiFi Team/VIs/viBank/Common/CCS/Session_Open.vi" 
  ### Bad VI:    "Open_CCS_Handle - Copy.vi"	Path="/workspace/src/Test measurements/WiFi Team/VIs/viBank/CCS/Open_CCS_Handle - Copy.vi" 
  ### Bad VI:    "Session_Open.vi"	Path="/workspace/src/Test measurements/WiFi Team/VIs/viBank/Common/CCS/Session_Open.vi" 
  ### Bad VI:    "Open_CCS_Handle.vi"	Path="/workspace/src/Test measurements/WiFi Team/VIs/viBank/CCS/Open_CCS_Handle.vi" 
  ### Bad VI:    "Read_Code.vi"	Path="/workspace/src/Test measurements/WiFi Team/VIs/viBank/CCS/Read_Code.vi" 
/workspace/src/Test measurements/WiFi Team/VIs/viBank/CCS/Read_Code.vi (Read_Code.vi)
    - The control expected to be at "/workspace/src/Test measurements/WiFi Team/VIs/viBank/CCS/ADC_CTRL.ctl" was loaded from "/workspace/src/Test measurements/WiFi Team/VIs/viBank/CCS/Ctrls/ADC_CTRL.ctl".
  ### Bad VI:    "Run_Async.vi"	Path="/workspace/src/Test measurements/WiFi Team/VIs/viBank/CCS/Run_Async.vi" 
Search failed to find "Keithley KE22xx Series.lvlib:Control Mode.vi" previously from "/<userlib>/_TI-LA/Instr Drivers/Power Supply/KE22xx/Driver/Base/Public/Utility/Control Mode.vi"  +=+   Caller: "KE22XX_Basic_All_CH_Setting.vi"
Search failed to find "Keithley KE22xx Series.lvlib:Set Channel Output Power State.vi" previously from "/<userlib>/_TI-LA/Instr Drivers/Power Supply/KE22xx/Driver/Base/Public/Action-Status/Set Channel Output Power State.vi"  +=+   Caller: "KE22XX_Basic_All_CH_Setting.vi"
Search failed to find "Keithley KE22xx Series.lvlib:Close.vi" previously from "/<userlib>/_TI-LA/Instr Drivers/Power Supply/KE22xx/Driver/Base/Public/Close.vi"  +=+   Caller: "KE22XX_Basic_All_CH_Setting.vi"
Search failed to find "Keithley KE22xx Series.lvlib:Error Query.vi" previously from "/<userlib>/_TI-LA/Instr Drivers/Power Supply/KE22xx/Driver/Base/Public/Utility/Error Query.vi"  +=+   Caller: "KE22XX_Basic_All_CH_Setting.vi"
Search failed to find "Keithley KE22xx Series.lvlib:Configure Output.vi" previously from "/<userlib>/_TI-LA/Instr Drivers/Power Supply/KE22xx/Driver/Base/Public/Configure/Configure Output.vi"  +=+   Caller: "KE22XX_Basic_All_CH_Setting.vi"
Search failed to find "Keithley KE22xx Series.lvlib:Initialize.vi" previously from "/<userlib>/_TI-LA/Instr Drivers/Power Supply/KE22xx/Driver/Base/Public/Initialize.vi"  +=+   Caller: "KE22XX_Basic_All_CH_Setting.vi"
Search failed to find "Agilent E363X Series.lvlib:Error Query.vi" previously from "/<userlib>/_TI-LA/Instr Drivers/Power Supply/E363x/Driver/Base/Public/Utility/Error Query.vi"  +=+   Caller: "E3631A_Config.vi"
Search failed to find "Agilent E363X Series.lvlib:Initialize.vi" previously from "/<userlib>/_TI-LA/Instr Drivers/Power Supply/E363x/Driver/Base/Public/Initialize.vi"  +=+   Caller: "E3631A_Config.vi"
Search failed to find "Agilent E363X Series.lvlib:Close.vi" previously from "/<userlib>/_TI-LA/Instr Drivers/Power Supply/E363x/Driver/Base/Public/Close.vi"  +=+   Caller: "E3631A_Config.vi"
Search failed to find "Agilent E363X Series.lvlib:Configure Current Limit.vi" previously from "/<userlib>/_TI-LA/Instr Drivers/Power Supply/E363x/Driver/Base/Public/Configure/Configure Current Limit.vi"  +=+   Caller: "E3631A_Config.vi"
Search failed to find "Agilent E363X Series.lvlib:Configure Output.vi" previously from "/<userlib>/_TI-LA/Instr Drivers/Power Supply/E363x/Driver/Base/Public/Configure/Configure Output.vi"  +=+   Caller: "E3631A_Config.vi"
  ### Bad VI:    "KE22XX_Basic_All_CH_Setting.vi"	Path="/workspace/src/Test measurements/WiFi Team/VIs/viBank/Common/Instrument/Supply/KE22XX_Basic_All_CH_Setting.vi" 
  ### Bad VI:    "E3631A_Config.vi"	Path="/workspace/src/Test measurements/WiFi Team/VIs/viBank/Common/Instrument/Supply/E3631A_Config.vi" 
  ### Bad VI:    "Read_Code.vi"	Path="/workspace/src/Test measurements/WiFi Team/VIs/viBank/CCS/Read_Code.vi" 
  ### Bad VI:    "Step Response(Loop).vi"	Path="/workspace/src/Test measurements/WiFi Team/VIs/viBank/CCS/Step Response(Loop).vi" 
/workspace/src/Test measurements/WiFi Team/VIs/viBank/CCS/Step Response(Loop).vi (Step Response(Loop).vi)
    - The control expected to be at "/workspace/src/Test measurements/WiFi Team/VIs/viBank/CCS/ADC_CTRL.ctl" was loaded from "/workspace/src/Test measurements/WiFi Team/VIs/viBank/CCS/Ctrls/ADC_CTRL.ctl".
    - The control expected to be at "/<userlib>/Common_VIs/Instrument/Supply/Channel Control.ctl" was loaded from "/workspace/src/Test measurements/WiFi Team/VIs/viBank/Common/Instrument/Supply/Channel Control.ctl".
    - The VI expected to be at "/<userlib>/Common_VIs/Instrument/Supply/KE22XX_Basic_All_CH_Setting.vi" was loaded from "/workspace/src/Test measurements/WiFi Team/VIs/viBank/Common/Instrument/Supply/KE22XX_Basic_All_CH_Setting.vi".
    - The VI expected to be at "/<userlib>/Common_VIs/Instrument/Supply/E3631A_Config.vi" was loaded from "/workspace/src/Test measurements/WiFi Team/VIs/viBank/Common/Instrument/Supply/E3631A_Config.vi".
/workspace/src/Test measurements/WiFi Team/VIs/viBank/CCS/Test.vi (Test.vi)
    - The control expected to be at "/workspace/src/Test measurements/WiFi Team/VIs/viBank/CCS/ADC_CTRL.ctl" was loaded from "/workspace/src/Test measurements/WiFi Team/VIs/viBank/CCS/Ctrls/ADC_CTRL.ctl".
  ### Bad VI:    "Trial_1.vi"	Path="/workspace/src/Test measurements/WiFi Team/VIs/viBank/CCS/Trial_1.vi" 
Search failed to find "Data_Logging.lvclass:Close_Data_Logging.vi" previously from "/workspace/src/Test measurements/WiFi Team/common/Comman_nilesh/File_Write/Public/Close_Data_Logging.vi"  +=+   Caller: "adcOffset_Gain.vi"
Search failed to find "Data_Logging.lvclass:Logging Tool.vi" previously from "/workspace/src/Test measurements/WiFi Team/common/Comman_nilesh/File_Write/Public/Logging Tool.vi"  +=+   Caller: "adcOffset_Gain.vi"
  ### Bad VI:    "Results.vi"	Path="/workspace/src/Test measurements/WiFi Team/VIs/viBank/CCS/Sub_Vi/Results.vi" 
  ### Bad VI:    "Reference_select.vi"	Path="/workspace/src/Test measurements/WiFi Team/VIs/viBank/CCS/Sub_Vi/Reference_select.vi" 
  ### Bad VI:    "Agilent 3446X Series Acquire Multiple.vi"	Path="/workspace/src/Test measurements/WiFi Team/VIs/viBank/Common/Instrument/Agilent 3446X Series Acquire Multiple.vi" 
  ### Bad VI:    "SGEN_DC_33521A.vi"	Path="/workspace/src/Test measurements/WiFi Team/VIs/viBank/Common/Instrument/SGEN_DC_33521A.vi" 
  ### Bad VI:    "ADC_data_read.vi"	Path="/workspace/src/Test measurements/WiFi Team/VIs/viBank/CCS/Sub_Vi/ADC_data_read.vi" 
  ### Bad VI:    "Offset_Loop.vi"	Path="/workspace/src/Test measurements/WiFi Team/VIs/viBank/CCS/Sub_Vi/Offset_Loop.vi" 
  ### Bad VI:    "adcOffset_Gain.vi"	Path="/workspace/src/Test measurements/WiFi Team/VIs/viBank/CCS/adcOffset_Gain.vi" 
/workspace/src/Test measurements/WiFi Team/VIs/viBank/CCS/adcOffset_Gain.vi (adcOffset_Gain.vi)
    - The VI expected to be at "/workspace/src/Test measurements/WiFi Team/VIs/Common/ANA_Pin_config.vi" was loaded from "/workspace/src/Test measurements/WiFi Team/VIs/viBank/Common/ANA_Pin_config.vi".
  ### Bad VI:    "ADC_data_read.vi"	Path="/workspace/src/Test measurements/WiFi Team/VIs/viBank/CCS/Sub_Vi/ADC_data_read.vi" 
  ### Bad VI:    "adc_basic_fetch_data.vi"	Path="/workspace/src/Test measurements/WiFi Team/VIs/viBank/CCS/adc_basic_fetch_data.vi" 
  ### Bad VI:    "Session_Open.vi"	Path="/workspace/src/Test measurements/WiFi Team/VIs/viBank/Common/CCS/Session_Open.vi" 
Search failed to find "Tektronix MSO5X Series.lvlib:Read (Multiple Waveforms).vi" previously from "/<userlib>/_TI-LA/Instr Drivers/Oscilloscope/MSO5X/Driver/Base/Public/Data/Read (Multiple Waveforms).vi"  +=+   Caller: "Scope_D2.vi"
  ### Bad VI:    "Scope_D2.vi"	Path="/workspace/src/Test measurements/WiFi Team/VIs/viBank/Common/File_Processing/Scope_D2.vi" 
Search failed to find "NI_JAT.lvlib:ja_crossing times.ctl" previously from "/<vilib>/addons/jitter/shared/controls/ja_crossing times.ctl"  +=+   Caller: "Scope_Data.vi"
Search failed to find "NI_JAT.lvlib:ja_reference level settings.ctl" previously from "/<vilib>/addons/jitter/shared/controls/ja_reference level settings.ctl"  +=+   Caller: "Scope_Data.vi"
Search failed to find "NI_JAT.lvlib:ja_state_settings.ctl" previously from "/<vilib>/addons/jitter/shared/controls/ja_state_settings.ctl"  +=+   Caller: "Scope_Data.vi"
Search failed to find "NI_JAT.lvlib:Reference Levels (waveform in, DBL).vi" previously from "/<vilib>/addons/jitter/level/support/Reference Levels (waveform in, DBL).vi"  +=+   Caller: "Scope_Data.vi"
Search failed to find "NI_JAT.lvlib:Find Transitions (DBL).vi" previously from "/<vilib>/addons/jitter/level/support/Find Transitions (DBL).vi"  +=+   Caller: "Scope_Data.vi"
Search failed to find "NI_JAT.lvlib:Reference Levels.vi" previously from "/<vilib>/addons/jitter/level/Reference Levels.vi"  +=+   Caller: "Scope_Data.vi"
Search failed to find "NI_JAT.lvlib:Find Transitions.vi" previously from "/<vilib>/addons/jitter/level/Find Transitions.vi"  +=+   Caller: "Scope_Data.vi"
Search failed to find "NI_JAT.lvlib:State Levels (DBL).vi" previously from "/<vilib>/addons/jitter/level/support/State Levels (DBL).vi"  +=+   Caller: "Scope_Data.vi"
Search failed to find "NI_JAT.lvlib:State Levels.vi" previously from "/<vilib>/addons/jitter/level/State Levels.vi"  +=+   Caller: "Scope_Data.vi"
Search failed to find "NI_JAT.lvlib:Level Crossing (Transitions in, DBL).vi" previously from "/<vilib>/addons/jitter/timing/support/Level Crossing (Transitions in, DBL).vi"  +=+   Caller: "Scope_Data.vi"
Search failed to find "NI_JAT.lvlib:Level Crossing.vi" previously from "/<vilib>/addons/jitter/timing/Level Crossing.vi"  +=+   Caller: "Scope_Data.vi"
Search failed to find "Tektronix MSO5X Series.lvlib:Fetch (Waveform).vi" previously from "/<userlib>/_TI-LA/Instr Drivers/Oscilloscope/MSO5X/Driver/Base/Public/Data/Low Level/Fetch (Waveform).vi"  +=+   Caller: "Scope_Data.vi"
Search failed to find "Tektronix MSO5X Series.lvlib:Fetch.vi" previously from "/<userlib>/_TI-LA/Instr Drivers/Oscilloscope/MSO5X/Driver/Base/Public/Data/Low Level/Fetch.vi"  +=+   Caller: "Scope_Data.vi"
  ### Bad VI:    "Scope_Data.vi"	Path="/workspace/src/Test measurements/WiFi Team/VIs/viBank/Common/File_Processing/Scope_Data.vi" 
Search failed to find "Agilent 532XX Series.lvlib:Wait for Acquisition Complete.vi" previously from "/<userlib>/_TI-LA/Instr Drivers/Counter/E532XX/Driver/Base/Public/Data/Low Level/Wait for Acquisition Complete.vi"  +=+   Caller: "53230A_Freq_Counter_Measure_Configure(Freq & Duty Cycle).vi"
Search failed to find "Agilent 532XX Series.lvlib:Error Query.vi" previously from "/<userlib>/_TI-LA/Instr Drivers/Counter/E532XX/Driver/Base/Public/Utility/Error Query.vi"  +=+   Caller: "53230A_Freq_Counter_Measure_Configure(Freq & Duty Cycle).vi"
Search failed to find "Agilent 532XX Series.lvlib:Fetch Measurement (Statistics).vi" previously from "/<userlib>/_TI-LA/Instr Drivers/Counter/E532XX/Driver/Base/Public/Data/Low Level/Fetch Measurement (Statistics).vi"  +=+   Caller: "53230A_Freq_Counter_Measure_Configure(Freq & Duty Cycle).vi"
Search failed to find "Agilent 532XX Series.lvlib:Configure Channel (Basic).vi" previously from "/<userlib>/_TI-LA/Instr Drivers/Counter/E532XX/Driver/Base/Public/Configure/Configure Channel (Basic).vi"  +=+   Caller: "53230A_Freq_Counter_Measure_Configure(Freq & Duty Cycle).vi"
Search failed to find "Agilent 532XX Series.lvlib:Configure Channel.vi" previously from "/<userlib>/_TI-LA/Instr Drivers/Counter/E532XX/Driver/Base/Public/Configure/Configure Channel.vi"  +=+   Caller: "53230A_Freq_Counter_Measure_Configure(Freq & Duty Cycle).vi"
Search failed to find "Agilent 532XX Series.lvlib:Configure Measurement (Duty Cycle).vi" previously from "/<userlib>/_TI-LA/Instr Drivers/Counter/E532XX/Driver/Base/Public/Configure/Measurement/Configure Measurement (Duty Cycle).vi"  +=+   Caller: "53230A_Freq_Counter_Measure_Configure(Freq & Duty Cycle).vi"
Search failed to find "Agilent 532XX Series.lvlib:Configure Frequency Gate.vi" previously from "/<userlib>/_TI-LA/Instr Drivers/Counter/E532XX/Driver/Base/Public/Configure/Configure Frequency Gate.vi"  +=+   Caller: "53230A_Freq_Counter_Measure_Configure(Freq & Duty Cycle).vi"
Search failed to find "Agilent 532XX Series.lvlib:Configure Measurement (Frequency).vi" previously from "/<userlib>/_TI-LA/Instr Drivers/Counter/E532XX/Driver/Base/Public/Configure/Measurement/Configure Measurement (Frequency).vi"  +=+   Caller: "53230A_Freq_Counter_Measure_Configure(Freq & Duty Cycle).vi"
Search failed to find "Agilent 532XX Series.lvlib:Configure Sample Count.vi" previously from "/<userlib>/_TI-LA/Instr Drivers/Counter/E532XX/Driver/Base/Public/Configure/Configure Sample Count.vi"  +=+   Caller: "53230A_Freq_Counter_Measure_Configure(Freq & Duty Cycle).vi"
Search failed to find "Agilent 532XX Series.lvlib:Configure Measurement.vi" previously from "/<userlib>/_TI-LA/Instr Drivers/Counter/E532XX/Driver/Base/Public/Configure/Measurement/Configure Measurement.vi"  +=+   Caller: "53230A_Freq_Counter_Measure_Configure(Freq & Duty Cycle).vi"
Search failed to find "Agilent 532XX Series.lvlib:Fetch Measurement.vi" previously from "/<userlib>/_TI-LA/Instr Drivers/Counter/E532XX/Driver/Base/Public/Data/Low Level/Fetch Measurement.vi"  +=+   Caller: "53230A_Freq_Counter_Measure_Configure(Freq & Duty Cycle).vi"
Search failed to find "Agilent 532XX Series.lvlib:Initiate.vi" previously from "/<userlib>/_TI-LA/Instr Drivers/Counter/E532XX/Driver/Base/Public/Data/Low Level/Initiate.vi"  +=+   Caller: "53230A_Freq_Counter_Measure_Configure(Freq & Duty Cycle).vi"
Search failed to find "Agilent 532XX Series.lvlib:Close.vi" previously from "/<userlib>/_TI-LA/Instr Drivers/Counter/E532XX/Driver/Base/Public/Close.vi"  +=+   Caller: "53230A_Freq_Counter_Measure_Configure(Freq & Duty Cycle).vi"
Search failed to find "Agilent 532XX Series.lvlib:Initialize.vi" previously from "/<userlib>/_TI-LA/Instr Drivers/Counter/E532XX/Driver/Base/Public/Initialize.vi"  +=+   Caller: "53230A_Freq_Counter_Measure_Configure(Freq & Duty Cycle).vi"
  ### Bad VI:    "53230A_Freq_Counter_Measure_Configure(Freq & Duty Cycle).vi"	Path="/workspace/src/Test measurements/WiFi Team/VIs/viBank/Common/Instrument/Counter/53230A_Freq_Counter_Measure_Configure(Freq & Duty Cycle).vi" 
  ### Bad VI:    "53230A_Freq_Measure.vi"	Path="/workspace/src/Test measurements/WiFi Team/VIs/viBank/Common/Instrument/Counter/53230A_Freq_Measure.vi" 
Search failed to find "Agilent 5313X Series.lvlib:Read Measurement.vi" previously from "/<userlib>/_TI-LA/Instr Drivers/Counter/5313X Series/Driver/Base/Public/Data/Read Measurement.vi"  +=+   Caller: "Freq_Counter.vi"
Search failed to find "Agilent 5313X Series.lvlib:Configure Channel Input.vi" previously from "/<userlib>/_TI-LA/Instr Drivers/Counter/5313X Series/Driver/Base/Public/Configure/Configure Channel Input.vi"  +=+   Caller: "Freq_Counter.vi"
Search failed to find "Agilent 5313X Series.lvlib:Close.vi" previously from "/<userlib>/_TI-LA/Instr Drivers/Counter/5313X Series/Driver/Base/Public/Close.vi"  +=+   Caller: "Freq_Counter.vi"
Search failed to find "Agilent 5313X Series.lvlib:Initialize.vi" previously from "/<userlib>/_TI-LA/Instr Drivers/Counter/5313X Series/Driver/Base/Public/Initialize.vi"  +=+   Caller: "Freq_Counter.vi"
  ### Bad VI:    "Freq_Counter.vi"	Path="/workspace/src/Test measurements/WiFi Team/VIs/viBank/Common/Instrument/Counter/Freq_Counter.vi" 
Search failed to find "34401A.lvlib:Read (Single Point).vi" previously from "/<userlib>/_TI-LA/Instr Drivers/Multimeter/34401A/Driver/Base/Public/Data/Read (Single Point).vi"  +=+   Caller: "34401A Multi_point.vi"
Search failed to find "34401A.lvlib:Initialize.vi" previously from "/<userlib>/_TI-LA/Instr Drivers/Multimeter/34401A/Driver/Base/Public/Initialize.vi"  +=+   Caller: "34401A Multi_point.vi"
Search failed to find "34401A.lvlib:Device Clear.vi" previously from "/<userlib>/_TI-LA/Instr Drivers/Multimeter/34401A/Driver/Base/Public/Utility/Device Clear.vi"  +=+   Caller: "34401A Multi_point.vi"
Search failed to find "34401A.lvlib:Read.vi" previously from "/<userlib>/_TI-LA/Instr Drivers/Multimeter/34401A/Driver/Base/Public/Data/Read.vi"  +=+   Caller: "34401A Multi_point.vi"
Search failed to find "34401A.lvlib:Configure Autozero.vi" previously from "/<userlib>/_TI-LA/Instr Drivers/Multimeter/34401A/Driver/Base/Public/Configure/Configure Autozero.vi"  +=+   Caller: "34401A Multi_point.vi"
Search failed to find "34401A.lvlib:Configure Measurement.vi" previously from "/<userlib>/_TI-LA/Instr Drivers/Multimeter/34401A/Driver/Base/Public/Configure/Configure Measurement.vi"  +=+   Caller: "34401A Multi_point.vi"
  ### Bad VI:    "34401A Multi_point.vi"	Path="/workspace/src/Test measurements/WiFi Team/VIs/viBank/Common/Instrument/DMM/34401A Multi_point.vi" 
Search failed to find "Read Measurement(Multiple Points).vi" previously from "/<userlib>/_TI-LA/Instr Drivers/Multimeter/E3458/Driver/Base/Public/Data/Read Measurement(Multiple Points).vi"  +=+   Caller: "Agilent 3458 Acquire Multiple Measurement.vi"
Search failed to find "Initialize.vi" previously from "/<userlib>/_TI-LA/Instr Drivers/Multimeter/E3458/Driver/Base/Public/Initialize.vi"  +=+   Caller: "Agilent 3458 Acquire Multiple Measurement.vi"
Search failed to find "E3458.lvlib:E3458 Set Display State.vi" previously from "/<userlib>/_TI-LA/Instr Drivers/Multimeter/E3458/Driver/EasyIO/Configure/Low Level/E3458 Set Display State.vi"  +=+   Caller: "Agilent 3458 Acquire Multiple Measurement.vi"
Search failed to find "Configure Integration.vi" previously from "/<userlib>/_TI-LA/Instr Drivers/Multimeter/E3458/Driver/Base/Public/Configure/Configure Integration.vi"  +=+   Caller: "Agilent 3458 Acquire Multiple Measurement.vi"
Search failed to find "Read Measurement.vi" previously from "/<userlib>/_TI-LA/Instr Drivers/Multimeter/E3458/Driver/Base/Public/Data/Read Measurement.vi"  +=+   Caller: "Agilent 3458 Acquire Multiple Measurement.vi"
Search failed to find "Configure Multipoint.vi" previously from "/<userlib>/_TI-LA/Instr Drivers/Multimeter/E3458/Driver/Base/Public/Configure/Configure Multipoint.vi"  +=+   Caller: "Agilent 3458 Acquire Multiple Measurement.vi"
Search failed to find "Close.vi" previously from "/<userlib>/_TI-LA/Instr Drivers/Multimeter/E3458/Driver/Base/Public/Close.vi"  +=+   Caller: "Agilent 3458 Acquire Multiple Measurement.vi"
Search failed to find "Configure Measurement.vi" previously from "/<userlib>/_TI-LA/Instr Drivers/Multimeter/E3458/Driver/Base/Public/Configure/Configure Measurement.vi"  +=+   Caller: "Agilent 3458 Acquire Multiple Measurement.vi"
  ### Bad VI:    "Agilent 3458 Acquire Multiple Measurement.vi"	Path="/workspace/src/Test measurements/WiFi Team/VIs/viBank/Common/Instrument/DMM/Agilent 3458 Acquire Multiple Measurement.vi" 
Search failed to find "Ke 26xx.lvlib:Ke 26xx Measure Function.ctl" previously from "/<userlib>/_TI-LA/Instr Drivers/Sourcemeter/Ke 26xx/Driver/EasyIO/Typedefs/Ke 26xx Measure Function.ctl"  +=+   Caller: "Find Settled Current.vi"
Search failed to find "Ke 26xx.lvlib:Ke 26xx Channel Selection.ctl" previously from "/<userlib>/_TI-LA/Instr Drivers/Sourcemeter/Ke 26xx/Driver/EasyIO/Typedefs/Ke 26xx Channel Selection.ctl"  +=+   Caller: "Find Settled Current.vi"
Search failed to find "Ke 26xx.lvlib:Ke 26xx Read.vi" previously from "/<userlib>/_TI-LA/Instr Drivers/Sourcemeter/Ke 26xx/Driver/EasyIO/Data/Ke 26xx Read.vi"  +=+   Caller: "Find Settled Current.vi"
  ### Bad VI:    "Find Settled Current.vi"	Path="/workspace/src/Test measurements/WiFi Team/VIs/viBank/Common/Instrument/DMM/Find Settled Current.vi" 
Search failed to find "NPLC_Enum.ctl" previously from "/<userlib>/_TI-LA/Instr Drivers/Multimeter/Keithley DMM7510/Private/NPLC_Enum.ctl"  +=+   Caller: "Keithley DMM7510 Acquire Multipoint.vi"
Search failed to find "Keithley DMM7510.lvlib:Configure Measurement Filter.vi" previously from "/<userlib>/_TI-LA/Instr Drivers/Multimeter/Keithley DMM7510/Public/Configure/Math/Configure Measurement Filter.vi"  +=+   Caller: "Keithley DMM7510 Acquire Multipoint.vi"
Search failed to find "Keithley DMM7510.lvlib:Configure DC Current.vi" previously from "/<userlib>/_TI-LA/Instr Drivers/Multimeter/Keithley DMM7510/Public/Configure/Measurement/Configure DC Current.vi"  +=+   Caller: "Keithley DMM7510 Acquire Multipoint.vi"
Search failed to find "Keithley DMM7510.lvlib:Configure DC Voltage.vi" previously from "/<userlib>/_TI-LA/Instr Drivers/Multimeter/Keithley DMM7510/Public/Configure/Measurement/Configure DC Voltage.vi"  +=+   Caller: "Keithley DMM7510 Acquire Multipoint.vi"
Search failed to find "ArrayAverage.vi" previously from "/workspace/src/Test measurements/WiFi Team/VIs/viBank/Common/SubVIs/ArrayAverage.vi"  +=+   Caller: "Keithley DMM7510 Acquire Multipoint.vi"
Search failed to find "Keithley DMM7510.lvlib:Clear Buffer.vi" previously from "/<userlib>/_TI-LA/Instr Drivers/Multimeter/Keithley DMM7510/Public/Data/Reading Buffer/Clear Buffer.vi"  +=+   Caller: "Keithley DMM7510 Acquire Multipoint.vi"
Search failed to find "Keithley DMM7510.lvlib:Read without Trigger Model (Multiple Points).vi" previously from "/<userlib>/_TI-LA/Instr Drivers/Multimeter/Keithley DMM7510/Public/Data/Read without Trigger Model (Multiple Points).vi"  +=+   Caller: "Keithley DMM7510 Acquire Multipoint.vi"
Search failed to find "Keithley DMM7510.lvlib:Set Measurement Count.vi" previously from "/<userlib>/_TI-LA/Instr Drivers/Multimeter/Keithley DMM7510/Public/Configure/Measurement/Set Measurement Count.vi"  +=+   Caller: "Keithley DMM7510 Acquire Multipoint.vi"
Search failed to find "Keithley DMM7510.lvlib:Select Measurement Function.vi" previously from "/<userlib>/_TI-LA/Instr Drivers/Multimeter/Keithley DMM7510/Public/Configure/Measurement/Select Measurement Function.vi"  +=+   Caller: "Keithley DMM7510 Acquire Multipoint.vi"
Search failed to find "Keithley DMM7510.lvlib:Initialize.vi" previously from "/<userlib>/_TI-LA/Instr Drivers/Multimeter/Keithley DMM7510/Public/Initialize.vi"  +=+   Caller: "Keithley DMM7510 Acquire Multipoint.vi"
Search failed to find "Keithley DMM7510.lvlib:Close.vi" previously from "/<userlib>/_TI-LA/Instr Drivers/Multimeter/Keithley DMM7510/Public/Close.vi"  +=+   Caller: "Keithley DMM7510 Acquire Multipoint.vi"
  ### Bad VI:    "Keithley DMM7510 Acquire Multipoint.vi"	Path="/workspace/src/Test measurements/WiFi Team/VIs/viBank/Common/Instrument/DMM/Keithley DMM7510 Acquire Multipoint.vi" 
Search failed to find "Agilent 3446X Series.lvlib:Configure Current.vi" previously from "/<userlib>/_TI-LA/Instr Drivers/Multimeter/Agilent 3446X Series/Public/Configure/Measurement/Configure Current.vi"  +=+   Caller: "Kesight(7_.5) Multimeter.vi"
  ### Bad VI:    "Kesight(7_.5) Multimeter.vi"	Path="/workspace/src/Test measurements/WiFi Team/VIs/viBank/Common/Instrument/DMM/Kesight(7_.5) Multimeter.vi" 
Search failed to find "Agilent 90000 Series.lvlib:Error Query.vi" previously from "/<userlib>/_TI-LA/Instr Drivers/Oscilloscope/MSO9104A/Driver/Base/Agilent 90000 Series/Public/Utility/Error Query.vi"  +=+   Caller: "MSO9104B_RunAndGetDigitalWaveformData.vi"
Search failed to find "Agilent 90000 Series.lvlib:Wait For Acquisition Complete.vi" previously from "/<userlib>/_TI-LA/Instr Drivers/Oscilloscope/MSO9104A/Driver/Base/Agilent 90000 Series/Public/Data/Low Level/Wait For Acquisition Complete.vi"  +=+   Caller: "MSO9104B_RunAndGetDigitalWaveformData.vi"
Search failed to find "Agilent 90000 Series.lvlib:Initiate.vi" previously from "/<userlib>/_TI-LA/Instr Drivers/Oscilloscope/MSO9104A/Driver/Base/Agilent 90000 Series/Public/Data/Low Level/Initiate.vi"  +=+   Caller: "MSO9104B_RunAndGetDigitalWaveformData.vi"
  ### Bad VI:    "MSO9104B_RunAndGetDigitalWaveformData.vi"	Path="/workspace/src/Test measurements/WiFi Team/VIs/viBank/Common/Instrument/Scope/MSO9104B_RunAndGetDigitalWaveformData.vi" 
Search failed to find "MSO5X.lvlib:Save State.vi" previously from "/<userlib>/_TI-LA/Instr Drivers/Oscilloscope/MSO5X/Driver/EasyIO/Utility/Save State.vi"  +=+   Caller: "Save setup in Local PC.vi"
Search failed to find "MSO5X.lvlib:Transfer File from Scope to Local PC.vi" previously from "/<userlib>/_TI-LA/Instr Drivers/Oscilloscope/MSO5X/Driver/EasyIO/Utility/Transfer File from Scope to Local PC.vi"  +=+   Caller: "Save setup in Local PC.vi"
Search failed to find "MSO5X.lvlib:Delete File from Scope.vi" previously from "/<userlib>/_TI-LA/Instr Drivers/Oscilloscope/MSO5X/Driver/EasyIO/Utility/Delete File from Scope.vi"  +=+   Caller: "Save setup in Local PC.vi"
  ### Bad VI:    "Save setup in Local PC.vi"	Path="/workspace/src/Test measurements/WiFi Team/VIs/viBank/Common/Instrument/Scope/Save setup in Local PC.vi" 
Search failed to find "MSO9104A.lvlib:MSO9104A Save Image Settings.ctl" previously from "/<userlib>/_TI-LA/Instr Drivers/Oscilloscope/MSO9104A/Driver/EasyIO/Typedefs/MSO9104A Save Image Settings.ctl"  +=+   Caller: "Save_Scope_Image_In_PC.vi"
Search failed to find "MSO9104A.lvlib:MSO9104A Image Format.ctl" previously from "/<userlib>/_TI-LA/Instr Drivers/Oscilloscope/MSO9104A/Driver/EasyIO/Typedefs/MSO9104A Image Format.ctl"  +=+   Caller: "Save_Scope_Image_In_PC.vi"
Search failed to find "MSO9104A.lvlib:MSO9104A Save Image in Local PC.vi" previously from "/<userlib>/_TI-LA/Instr Drivers/Oscilloscope/MSO9104A/Driver/EasyIO/Action/MSO9104A Save Image in Local PC.vi"  +=+   Caller: "Save_Scope_Image_In_PC.vi"
  ### Bad VI:    "Save_Scope_Image_In_PC.vi"	Path="/workspace/src/Test measurements/WiFi Team/VIs/viBank/Common/Instrument/Scope/Save_Scope_Image_In_PC.vi" 
  ### Bad VI:    "E3631A_Config.vi"	Path="/workspace/src/Test measurements/WiFi Team/VIs/viBank/Common/Instrument/Supply/E3631A_Config.vi" 
Search failed to find "Agilent E364X Series.lvlib:Error Query (multiple).vi" previously from "/<userlib>/_TI-LA/Instr Drivers/Power Supply/E364x/Driver/Base/Public/Utility VI's/Error Query (multiple).vi"  +=+   Caller: "E3644A_Config.vi"
Search failed to find "Agilent E364X Series.lvlib:Configure Output Enabled.vi" previously from "/<userlib>/_TI-LA/Instr Drivers/Power Supply/E364x/Driver/Base/Public/Configure VI's/Configure Output Enabled.vi"  +=+   Caller: "E3644A_Config.vi"
Search failed to find "Agilent E364X Series.lvlib:Close.vi" previously from "/<userlib>/_TI-LA/Instr Drivers/Power Supply/E364x/Driver/Base/Public/Close.vi"  +=+   Caller: "E3644A_Config.vi"
Search failed to find "Agilent E364X Series.lvlib:Measure.vi" previously from "/<userlib>/_TI-LA/Instr Drivers/Power Supply/E364x/Driver/Base/Public/Data VI's/Measure.vi"  +=+   Caller: "E3644A_Config.vi"
Search failed to find "Agilent E364X Series.lvlib:Configure Output Range.vi" previously from "/<userlib>/_TI-LA/Instr Drivers/Power Supply/E364x/Driver/Base/Public/Configure VI's/Configure Output Range.vi"  +=+   Caller: "E3644A_Config.vi"
Search failed to find "Agilent E364X Series.lvlib:Configure Current Limit.vi" previously from "/<userlib>/_TI-LA/Instr Drivers/Power Supply/E364x/Driver/Base/Public/Configure VI's/Configure Current Limit.vi"  +=+   Caller: "E3644A_Config.vi"
Search failed to find "Agilent E364X Series.lvlib:Configure Voltage Level.vi" previously from "/<userlib>/_TI-LA/Instr Drivers/Power Supply/E364x/Driver/Base/Public/Configure VI's/Configure Voltage Level.vi"  +=+   Caller: "E3644A_Config.vi"
Search failed to find "Agilent E364X Series.lvlib:Initialize.vi" previously from "/<userlib>/_TI-LA/Instr Drivers/Power Supply/E364x/Driver/Base/Public/Initialize.vi"  +=+   Caller: "E3644A_Config.vi"
  ### Bad VI:    "E3644A_Config.vi"	Path="/workspace/src/Test measurements/WiFi Team/VIs/viBank/Common/Instrument/Supply/E3644A_Config.vi" 
Search failed to find "Keithley KE22xx Series.lvlib:Enable Output.vi" previously from "/<userlib>/_TI-LA/Instr Drivers/Power Supply/KE22xx/Driver/Base/Public/Action-Status/Enable Output.vi"  +=+   Caller: "KE22XX_Basic_All_CH_Setting(Modif).vi"
  ### Bad VI:    "KE22XX_Basic_All_CH_Setting(Modif).vi"	Path="/workspace/src/Test measurements/WiFi Team/VIs/viBank/Common/Instrument/Supply/KE22XX_Basic_All_CH_Setting(Modif).vi" 
  ### Bad VI:    "KE22XX_Basic_All_CH_Setting.vi"	Path="/workspace/src/Test measurements/WiFi Team/VIs/viBank/Common/Instrument/Supply/KE22XX_Basic_All_CH_Setting.vi" 
  ### Bad VI:    "KE22XX_Basic_All_CH_Setting.vi"	Path="/workspace/src/Test measurements/WiFi Team/VIs/viBank/Common/Instrument/Supply/KE22XX_Basic_All_CH_Setting.vi" 
  ### Bad VI:    "KE22XX_Basic_All_CH_Setting(Modif).vi"	Path="/workspace/src/Test measurements/WiFi Team/VIs/viBank/Common/Instrument/Supply/KE22XX_Basic_All_CH_Setting(Modif).vi" 
  ### Bad subVI: "KE22XX_Supply_Off_all_Channels.vi"	Path="/workspace/src/Test measurements/WiFi Team/VIs/viBank/Common/Instrument/Supply/KE22XX_Supply_Off_all_Channels.vi" 
  ### Bad VI:    "Agilent 3446X Series Acquire Multiple.vi"	Path="/workspace/src/Test measurements/WiFi Team/VIs/viBank/Common/Instrument/Agilent 3446X Series Acquire Multiple.vi" 
  ### Bad VI:    "SGEN_DC_33521A.vi"	Path="/workspace/src/Test measurements/WiFi Team/VIs/viBank/Common/Instrument/SGEN_DC_33521A.vi" 
Search failed to find "3352x.lvlib:Standard Waveform Settings.ctl" previously from "/<userlib>/_TI-LA/Instr Drivers/Signal Generator/3352x/Driver/EasyIO/Typedef/Standard Waveform Settings.ctl"  +=+   Caller: "Scope_Cap_meas.vi"
Search failed to find "3352x.lvlib:Channel.ctl" previously from "/<userlib>/_TI-LA/Instr Drivers/Signal Generator/3352x/Driver/EasyIO/Typedef/Channel.ctl"  +=+   Caller: "Scope_Cap_meas.vi"
Search failed to find "3352x.lvlib:Configure Standard Waveform.vi" previously from "/<userlib>/_TI-LA/Instr Drivers/Signal Generator/3352x/Driver/EasyIO/Configure/Configure Standard Waveform.vi"  +=+   Caller: "Scope_Cap_meas.vi"
Search failed to find "Sin_wave_Calculation.vi" previously from "/workspace/src/Test measurements/WiFi Team/VIs/viBank/System/Sin_wave_Calculation.vi"  +=+   Caller: "Scope_Cap_meas.vi"
Search failed to find "MSO5X.lvlib:Load State.vi" previously from "/<userlib>/_TI-LA/Instr Drivers/Oscilloscope/MSO5X/Driver/EasyIO/Utility/Load State.vi"  +=+   Caller: "Scope_Cap_meas.vi"
  ### Bad VI:    "Scope_Cap_meas.vi"	Path="/workspace/src/Test measurements/WiFi Team/VIs/viBank/Common/Instrument/Scope_Cap_meas.vi" 
Search failed to find "Save input config.vi" previously from "/<userlib>/Common_VIs/Config/Save input config.vi"  +=+   Caller: "(C2K_ADC)_Config_Sweeps.vi"
Search failed to find "Read Config.vi" previously from "/<userlib>/Common_VIs/Config/Read Config.vi"  +=+   Caller: "(C2K_ADC)_Config_Sweeps.vi"
Search failed to find "Load_Save_Config.vi" previously from "/<userlib>/Common_VIs/Config/Load_Save_Config.vi"  +=+   Caller: "(C2K_ADC)_Config_Sweeps.vi"
  ### Bad VI:    "(C2K_ADC)_Config_Sweeps.vi"	Path="/workspace/src/Test measurements/WiFi Team/VIs/viBank/Common/(C2K_ADC)_Config_Sweeps.vi" 
  ### Bad VI:    "33220A_Kharon.vi"	Path="/workspace/src/Test measurements/WiFi Team/VIs/viBank/Common/33220A_Kharon.vi" 
  ### Bad VI:    "33250A_Kharon.vi"	Path="/workspace/src/Test measurements/WiFi Team/VIs/viBank/Common/33250A_Kharon.vi" 
  ### Bad VI:    "33250A_control.vi"	Path="/workspace/src/Test measurements/WiFi Team/VIs/viBank/Common/33250A_control.vi" 
Search failed to find "Agilent 3352X Series.lvlib:Enable Channel Output.vi" previously from "/<userlib>/_TI-LA/Instr Drivers/Signal Generator/3352x/Driver/Base/Public/Action-Status/Enable Channel Output.vi"  +=+   Caller: "33522A_control.vi"
Search failed to find "Agilent 33XXX Series.lvlib:Configure Output Impedance.vi" previously from "/<userlib>/_TI-LA/Instr Drivers/Signal Generator/33XXX/Driver/Base/Public/Configure/Configure Output Impedance.vi"  +=+   Caller: "33522A_control.vi"
  ### Bad VI:    "33522A_control.vi"	Path="/workspace/src/Test measurements/WiFi Team/VIs/viBank/Common/33522A_control.vi" 
Search failed to find "FTDI.lvlib:FTDI Getting Started.vi" previously from "/<userlib>/_TI-LA/Instr Drivers/USB Interface/FTDI/Driver/EasyIO/Example/FTDI Getting Started.vi"  +=+   Caller: "FTDI_Kharonvi.vi"
  ### Bad VI:    "FTDI_Kharonvi.vi"	Path="/workspace/src/Test measurements/WiFi Team/VIs/viBank/Common/FTDI_Kharonvi.vi" 
Search failed to find "E3631.lvlib:E3631 Output States.ctl" previously from "/<userlib>/_TI-LA/Instr Drivers/Power Supply/E3631/Driver/EasyIO/Typedefs/E3631 Output States.ctl"  +=+   Caller: "TopoG_Supply.vi"
Search failed to find "E3631.lvlib:E3631 Channel Selection.ctl" previously from "/<userlib>/_TI-LA/Instr Drivers/Power Supply/E3631/Driver/EasyIO/Typedefs/E3631 Channel Selection.ctl"  +=+   Caller: "TopoG_Supply.vi"
Search failed to find "E3631.lvlib:E3631 Set Output State.vi" previously from "/<userlib>/_TI-LA/Instr Drivers/Power Supply/E3631/Driver/EasyIO/Action/E3631 Set Output State.vi"  +=+   Caller: "TopoG_Supply.vi"
  ### Bad VI:    "TopoG_Supply.vi"	Path="/workspace/src/Test measurements/WiFi Team/VIs/viBank/Common/TopoG_Supply.vi" 
Search failed to find "Votsch4002.lvlib:Votsch4002 Set Point Configuration.ctl" previously from "/<userlib>/_TI-LA/Instr Drivers/Temperature Controller/Votsch4002/Driver/EasyIO/Typedefs/Votsch4002 Set Point Configuration.ctl"  +=+   Caller: "VT4002_Control.vi"
Search failed to find "Votsch4002.lvlib:Votsch4002 Set SetPoint.vi" previously from "/<userlib>/_TI-LA/Instr Drivers/Temperature Controller/Votsch4002/Driver/EasyIO/Configure/Low Level/Votsch4002 Set SetPoint.vi"  +=+   Caller: "VT4002_Control.vi"
Search failed to find "Votsch4002.lvlib:Instrument Model.ctl" previously from "/<userlib>/_TI-LA/Instr Drivers/Temperature Controller/Votsch4002/Driver/EasyIO/Typedefs/Instrument Model.ctl"  +=+   Caller: "VT4002_Control.vi"
Search failed to find "Votsch4002.lvlib:Votsch4002 Initialize.vi" previously from "/<userlib>/_TI-LA/Instr Drivers/Temperature Controller/Votsch4002/Driver/EasyIO/Votsch4002 Initialize.vi"  +=+   Caller: "VT4002_Control.vi"
  ### Bad VI:    "VT4002_Control.vi"	Path="/workspace/src/Test measurements/WiFi Team/VIs/viBank/Common/VT4002_Control.vi" 
Search failed to find "JSONtext LVClass Serializer.lvclass" previously from "/usr/local/natinst/LabVIEW-2026-64/vi.lib/JDP Science/JSONtext/LVClass Serializer/JSONtext LVClass Serializer.lvclass"
  ### Bad VI:    "Serializer.vim"	Path="/workspace/src/measurement_migration_tool/_Measurement Migrator/Templates/Serializers/Serializer.vim" 
  ### Bad VI:    "Deserializer.vim"	Path="/workspace/src/measurement_migration_tool/_Measurement Migrator/Templates/Serializers/Deserializer.vim" 
  ### Bad VI:    "MeasurementService Editor.lvlib:Update UI Details.vi"	Path="/workspace/src/measurement_migration_tool/_Measurement Migrator/Measurement Plugin Generator/_Editor/Update UI Details.vi" 
  ### Bad VI:    "MeasurementService Editor.lvlib:Update UI Details.vi"	Path="/workspace/src/measurement_migration_tool/_Measurement Migrator/Measurement Plugin Generator/_Editor/Update UI Details.vi" 
  ### Bad subVI: "MeasurementService Editor.lvlib:Create Measurement Service.vi"	Path="/workspace/src/measurement_migration_tool/_Measurement Migrator/Measurement Plugin Generator/Create Measurement Service.vi" 
Search failed to find "TestStand API String Constants.vi" previously from "/<vilib>/addons/TestStand/_TSUtility.llb/TestStand API String Constants.vi"  +=+   Caller: "Create Sequence.lvlib:AddLVActionStep.vi"
Search failed to find "TestStand API String Constants.ctl" previously from "/<vilib>/addons/TestStand/_TSUtility.llb/TestStand API String Constants.ctl"  +=+   Caller: "Create Sequence.lvlib:AddLVActionStep.vi"
  ### Bad VI:    "Create Sequence.lvlib:AddParameters.vi"	Path="/workspace/src/measurement_migration_tool/_Measurement Migrator/Utilities/Sequence Creation/SubVI/AddParameters.vi" 
  ### Bad VI:    "Create Sequence.lvlib:AddLVActionStep.vi"	Path="/workspace/src/measurement_migration_tool/_Measurement Migrator/Utilities/Sequence Creation/SubVI/AddLVActionStep.vi" 
  ### Bad VI:    "Create Sequence.lvlib:AddLabel.vi"	Path="/workspace/src/measurement_migration_tool/_Measurement Migrator/Utilities/Sequence Creation/SubVI/AddLabel.vi" 
  ### Bad VI:    "Create Sequence.lvlib:AddLabel.vi"	Path="/workspace/src/measurement_migration_tool/_Measurement Migrator/Utilities/Sequence Creation/SubVI/AddLabel.vi" 
  ### Bad subVI: "Create Sequence.lvlib:AddLabelsInCleanupGroup.vi"	Path="/workspace/src/measurement_migration_tool/_Measurement Migrator/Utilities/Sequence Creation/SubVI/AddLabelsInCleanupGroup.vi" 
  ### Bad VI:    "Create Sequence.lvlib:AddLabel.vi"	Path="/workspace/src/measurement_migration_tool/_Measurement Migrator/Utilities/Sequence Creation/SubVI/AddLabel.vi" 
  ### Bad subVI: "Create Sequence.lvlib:AddLabelsInMainGroup.vi"	Path="/workspace/src/measurement_migration_tool/_Measurement Migrator/Utilities/Sequence Creation/SubVI/AddLabelsInMainGroup.vi" 
  ### Bad VI:    "Create Sequence.lvlib:AddLabel.vi"	Path="/workspace/src/measurement_migration_tool/_Measurement Migrator/Utilities/Sequence Creation/SubVI/AddLabel.vi" 
  ### Bad subVI: "Create Sequence.lvlib:AddLabelsInSetupGroup.vi"	Path="/workspace/src/measurement_migration_tool/_Measurement Migrator/Utilities/Sequence Creation/SubVI/AddLabelsInSetupGroup.vi" 
  ### Bad VI:    "Create Sequence.lvlib:AddStatement.vi"	Path="/workspace/src/measurement_migration_tool/_Measurement Migrator/Utilities/Sequence Creation/SubVI/AddStatement.vi" 
  ### Bad VI:    "Create Sequence.lvlib:Create FileGlobal.vi"	Path="/workspace/src/measurement_migration_tool/_Measurement Migrator/Utilities/Sequence Creation/SubVI/Create FileGlobal.vi" 
  ### Bad VI:    "Create Sequence.lvlib:AddLabel.vi"	Path="/workspace/src/measurement_migration_tool/_Measurement Migrator/Utilities/Sequence Creation/SubVI/AddLabel.vi" 
  ### Bad VI:    "Create Sequence.lvlib:AddParameters.vi"	Path="/workspace/src/measurement_migration_tool/_Measurement Migrator/Utilities/Sequence Creation/SubVI/AddParameters.vi" 
  ### Bad VI:    "Create Sequence.lvlib:AddLVActionStep.vi"	Path="/workspace/src/measurement_migration_tool/_Measurement Migrator/Utilities/Sequence Creation/SubVI/AddLVActionStep.vi" 
  ### Bad VI:    "Create Sequence.lvlib:CreatePostUUTSequence.vi"	Path="/workspace/src/measurement_migration_tool/_Measurement Migrator/Utilities/Sequence Creation/SubVI/CreatePostUUTSequence.vi" 
  ### Bad VI:    "Create Sequence.lvlib:AddLabel.vi"	Path="/workspace/src/measurement_migration_tool/_Measurement Migrator/Utilities/Sequence Creation/SubVI/AddLabel.vi" 
  ### Bad VI:    "Create Sequence.lvlib:AddStatement.vi"	Path="/workspace/src/measurement_migration_tool/_Measurement Migrator/Utilities/Sequence Creation/SubVI/AddStatement.vi" 
  ### Bad VI:    "Create Sequence.lvlib:Create FileGlobal.vi"	Path="/workspace/src/measurement_migration_tool/_Measurement Migrator/Utilities/Sequence Creation/SubVI/Create FileGlobal.vi" 
  ### Bad subVI: "Create Sequence.lvlib:GetTestPartValue.vi"	Path="/workspace/src/measurement_migration_tool/_Measurement Migrator/Utilities/Sequence Creation/SubVI/GetTestPartValue.vi" 
Search failed to find "nisyscfg.lvlib:Get Installed Components.vi" previously from "/<vilib>/nisyscfg/Get Installed Components.vi"  +=+   Caller: "Create Sequence.lvlib:VerifyTestStandAvailability.vi"
Search failed to find "nisyscfg.lvlib:Close (System).vi" previously from "/<vilib>/nisyscfg/Close (System).vi"  +=+   Caller: "Create Sequence.lvlib:VerifyTestStandAvailability.vi"
Search failed to find "nisyscfg.lvlib:Close.vi" previously from "/<vilib>/nisyscfg/Close.vi"  +=+   Caller: "Create Sequence.lvlib:VerifyTestStandAvailability.vi"
Search failed to find "nisyscfg.lvlib:Get Installed Software.vi" previously from "/<vilib>/nisyscfg/Get Installed Software.vi"  +=+   Caller: "Create Sequence.lvlib:VerifyTestStandAvailability.vi"
Search failed to find "nisyscfg.lvlib:Initialize Session.vi" previously from "/<vilib>/nisyscfg/Initialize Session.vi"  +=+   Caller: "Create Sequence.lvlib:VerifyTestStandAvailability.vi"
  ### Bad VI:    "Create Sequence.lvlib:VerifyTestStandAvailability.vi"	Path="/workspace/src/measurement_migration_tool/_Measurement Migrator/Utilities/Sequence Creation/SubVI/VerifyTestStandAvailability.vi" 
  ### Bad VI:    "Create Sequence.lvlib:AddLabel.vi"	Path="/workspace/src/measurement_migration_tool/_Measurement Migrator/Utilities/Sequence Creation/SubVI/AddLabel.vi" 
  ### Bad subVI: "Create Sequence.lvlib:AddLabelsInCleanupGroup.vi"	Path="/workspace/src/measurement_migration_tool/_Measurement Migrator/Utilities/Sequence Creation/SubVI/AddLabelsInCleanupGroup.vi" 
  ### Bad subVI: "Create Sequence.lvlib:AddLabelsInMainGroup.vi"	Path="/workspace/src/measurement_migration_tool/_Measurement Migrator/Utilities/Sequence Creation/SubVI/AddLabelsInMainGroup.vi" 
  ### Bad subVI: "Create Sequence.lvlib:AddLabelsInSetupGroup.vi"	Path="/workspace/src/measurement_migration_tool/_Measurement Migrator/Utilities/Sequence Creation/SubVI/AddLabelsInSetupGroup.vi" 
  ### Bad VI:    "Create Sequence.lvlib:CreateSequence_Main.vi"	Path="/workspace/src/measurement_migration_tool/_Measurement Migrator/Utilities/Sequence Creation/CreateSequence_Main.vi" 
  ### Bad VI:    "Create Sequence.lvlib:VerifyTestStandAvailability.vi"	Path="/workspace/src/measurement_migration_tool/_Measurement Migrator/Utilities/Sequence Creation/SubVI/VerifyTestStandAvailability.vi" 
  ### Bad VI:    "MeasurementService Editor.lvlib:Update UI Details.vi"	Path="/workspace/src/measurement_migration_tool/_Measurement Migrator/Measurement Plugin Generator/_Editor/Update UI Details.vi" 
  ### Bad subVI: "MeasurementService Editor.lvlib:Create Measurement Service.vi"	Path="/workspace/src/measurement_migration_tool/_Measurement Migrator/Measurement Plugin Generator/Create Measurement Service.vi" 
  ### Bad subVI: "Migrator.lvlib:Project_and_Mlink Template Creation.vi"	Path="/workspace/src/measurement_migration_tool/_Measurement Migrator/Migrator/Migration Logic/subVIs/Scripting VIs/Project_and_Mlink Template Creation.vi" 
  ### Bad subVI: "Migrate Measurement.vi"	Path="/workspace/src/measurement_migration_tool/Migrate Measurement.vi" 
  ### Bad VI:    "MeasurementService Editor.lvlib:Update UI Details.vi"	Path="/workspace/src/measurement_migration_tool/_Measurement Migrator/Measurement Plugin Generator/_Editor/Update UI Details.vi" 
  ### Bad subVI: "MeasurementService Editor.lvlib:Create Measurement Service.vi"	Path="/workspace/src/measurement_migration_tool/_Measurement Migrator/Measurement Plugin Generator/Create Measurement Service.vi" 
  ### Bad subVI: "Migrator.lvlib:Project_and_Plugin Template Creation.vi"	Path="/workspace/src/measurement_migration_tool/_Measurement Migrator/Migrator/Migration Logic/subVIs/Scripting VIs/Project_and_Plugin Template Creation.vi" 
  ### Bad VI:    "MeasurementService Editor.lvlib:Update UI Details.vi"	Path="/workspace/src/measurement_migration_tool/_Measurement Migrator/Measurement Plugin Generator/_Editor/Update UI Details.vi" 
  ### Bad subVI: "MeasurementService Editor.lvlib:Create Measurement Service.vi"	Path="/workspace/src/measurement_migration_tool/_Measurement Migrator/Measurement Plugin Generator/Create Measurement Service.vi" 
  ### Bad subVI: "Migrator.lvlib:Create Plugin Template.vi"	Path="/workspace/src/measurement_migration_tool/_Measurement Migrator/Migrator/Migration Logic/subVIs/Scripting VIs/Create Plugin Template.vi" 
  ### Bad VI:    "MeasurementService Editor.lvlib:Update UI Details.vi"	Path="/workspace/src/measurement_migration_tool/_Measurement Migrator/Measurement Plugin Generator/_Editor/Update UI Details.vi" 
  ### Bad subVI: "MeasurementService Editor.lvlib:Create Measurement Service.vi"	Path="/workspace/src/measurement_migration_tool/_Measurement Migrator/Measurement Plugin Generator/Create Measurement Service.vi" 
  ### Bad subVI: "Migrator.lvlib:Create Plugin Template.vi"	Path="/workspace/src/measurement_migration_tool/_Measurement Migrator/Migrator/Migration Logic/subVIs/Scripting VIs/Create Plugin Template.vi" 
  ### Bad subVI: "Migrate Measurements.vi"	Path="/workspace/src/measurement_migration_tool/Migrate Measurements.vi" 
#### Finished Mass Compile: Fri, Aug 21, 2026 01:05:25 AM

MassCompile operation failed.

