5a41504e4f6d3408026bdcb45ab45c447372c057	src/Migration Results/Measurement Plug-in/Voltage Measurement UI/Measurement UI.vi
e1150da350c55fb5df476a2ba88a6b74ba52bde0	src/Migration Results/Measurement Plug-in/Voltage Measurement UI/Read Default Values.vi
f28f625de9316bc2b0377d9e8b1ce67abd7b101e	src/Migration Results/Measurement Plug-in/Voltage Measurement/Advanced/Build Assets/Post-Build Action.vi
d03d4574b7d68b2d8bc3c138b71a610bb71d4602	src/Migration Results/Measurement Plug-in/Voltage Measurement/Advanced/Get Plugin Paths.vi
c3f55ddcb16dac17f3be85f1cbf2ce2b6e64f027	src/Migration Results/Measurement Plug-in/Voltage Measurement/Advanced/Pack for gRPC.vi
831a3373784ea3818111c1aa2b78de794e4da241	src/Migration Results/Measurement Plug-in/Voltage Measurement/Advanced/Unpack for gRPC.vi
4ab5b91355fc9bf9cb354431912d71ac6eb3b1f1	src/Migration Results/Measurement Plug-in/Voltage Measurement/Get Measurement Details.vi
64ae744d1aaa2dc4523bd4ae06c5ff1135e62a55	src/Migration Results/Measurement Plug-in/Voltage Measurement/Get Type Specializations.vi
e39381639f491c3b516fed5d8be7b1e224f709df	src/Migration Results/Measurement Plug-in/Voltage Measurement/Get UI Details.vi
fa507385640641a83f1b5432e5b0f6cc7491b12c	src/Migration Results/Measurement Plug-in/Voltage Measurement/Measurement Logic.vi
8853a8aadfd81abb4810d8ae00b5f6552fcf86e7	src/Migration Results/Measurement Plug-in/Voltage Measurement/MeasurementCore/DMM/DMM Measurement.vi
38156abe49bee82cd935ca8488063397954e58ee	src/Migration Results/Measurement Plug-in/Voltage Measurement/MeasurementCore/SMU/NI-DCPower Source DC Voltage.vi
3461fc1209fc3ab6a11b8ef60f90a936e43158dd	src/Migration Results/Measurement Plug-in/Voltage Measurement/MeasurementCore/SMU/subVIs/Configuration.vi
1c7ff7150f79a99b796d0d68edc291bb53e11aa3	src/Migration Results/Measurement Plug-in/Voltage Measurement/MeasurementCore/SMU/subVIs/Read Measurement.vi
44408d965a9bf8885846c5917d723674c1f6aad4	src/Migration Results/Measurement Plug-in/Voltage Measurement/MeasurementCore/Voltage Measurement.vi
7bcc64592e4a76a30a2b99a4a417b0abbe36e859	src/Migration Results/Measurement Plug-in/Voltage Measurement/Run Service.vi
2f138b2398cd2d1df57b5c1701ebf3c053981ec2	src/Migration Results/Measurement Plug-in/Voltage Measurement/Wrapper.vi
ad4dade3b15f81136e1e0f928507e92056e684eb	src/Migration Results/Source/DMM/DMM Measurement.vi
0006af246caf758b9d9537886122ed2d444d2578	src/Migration Results/Source/SMU/NI-DCPower Source DC Voltage.vi
d661cdb1d4726f8ad3b542f69710bb4c5fcc6e2d	src/Migration Results/Source/SMU/subVIs/Configuration.vi
8c01d3674c3f150ac76261feee499f8171d4cb0a	src/Migration Results/Source/SMU/subVIs/Read Measurement.vi
6af1ca09ec71dd2bffded2def9191a888c646d3f	src/Migration Results/Source/Voltage Measurement.vi
8fa525d6e9116dfa3ff336ae144783810b2706d1	src/Mockup UI/Multiple Migration mockup UI.vi
1546a5adb5fc786d7f0f690b37303fb59a27084f	src/Prototype/Multiple Migration/Migrate Dependencies.vi
278da2f0f6346f382d7723f4fe8b3c6a2817fe0d	src/Prototype/Multiple Migration/subVIs/Classify Dependencies.vi
b623d39e3051fd94d0585dfa5269a2a86a888139	src/Prototype/Multiple Migration/subVIs/Create Auto-Populating Folder.vi
5a3738152e06519d5e52c402504e5892a9fec68d	src/Prototype/Multiple Migration/subVIs/Create Directory for Dependency.vi
77243eaf0f2f299786b04fef89575e4bb78daedc	src/Prototype/Multiple Migration/subVIs/Create Lib If Not Present.vi
ec2088a72f3ec54a77008089fac85888eff3e506	src/Prototype/Multiple Migration/subVIs/Create Relative Path for Dependency.vi
0e7571b2310b7a910a9032a91e4ee2b561b5f469	src/Prototype/Multiple Migration/subVIs/Get Common Dependencies.vi
914561f7bfdd925c80e2503fd838d54d34cb62b5	src/Prototype/Multiple Migration/subVIs/Get Dependencies.vi
6f32c2ee3f6d6c799eb2e99b97830cee1d09478a	src/Prototype/Multiple Migration/subVIs/Get Missing Dependencies.vi
a4a2a787e4bf3a2fca5e650911a869a5430e2bc1	src/Prototype/Multiple Migration/subVIs/Get Relative Path for Dependency.vi
178232f730610e85716f3d4d936c619cfd76ff20	src/Prototype/Multiple Migration/subVIs/Get SubVI Dependencies.vi
4dca0025144436fa28f7b64f8290518bee578640	src/Prototype/Multiple Migration/subVIs/Get all Dependencies.vi
ba4e1ac735f2351c019dd689ab834f35ba2d7d55	src/Prototype/Multiple Migration/subVIs/Migrate Common Dependencies.vi
c7740b78d13246537dd49b3c0b3d682df2767a85	src/Prototype/Multiple Migration/subVIs/Migrate Measurement Dependencies.vi
2531bed8d49cb1abb98d6df6d7ae7ab1f5477628	src/Prototype/Multiple Migration/subVIs/Migrate Shared Dependencies.vi
cb70c37866d33e12ef4c04d93abacc4b00c39e07	src/Prototype/Multiple Migration/subVIs/Migrate all Measurement Dependencies.vi
3ff3db3fb7a930ec3c963766d669a4a82b21250a	src/Prototype/Multiple Migration/subVIs/Replace Outside Items.vi
416d0e4f12a042003dc93911ac561e1613ac4220	src/Prototype/Multiple Migration/subVIs/Replace Outside Typedef Const.vi
e9731e80e95081735c1091fe869e9a75c19205eb	src/Prototype/Multiple Migration/subVIs/Replace Outside Typedef Control.vi
36d7a95a0b5cd75231b5946101b23b228b27f5b9	src/Prototype/Multiple Migration/subVIs/Replace Outside VIs.vi
39586fe24af67969ecba4f2e33460c90200a2f56	src/Prototype/Multiple Migration/subVIs/Save Project.vi
39365d3a8d22aa421a71c5605a42af6dc1c79423	src/Test measurements/Dependencies/Code Modules/Different Libraries/Main/Load and Vin SMU Measurement.vi
33b1ee424804a113a6810e557ff3a569b88b97e8	src/Test measurements/Dependencies/Code Modules/Different Libraries/Main/subVIs/Load SMU.vi
72f09d08d2f4a6d9a7dc7cde85956177a69d17d3	src/Test measurements/Dependencies/Code Modules/Different Libraries/Main/subVIs/Outside.vi
4077df396e829fe813279b574293445917c26cea	src/Test measurements/Dependencies/Code Modules/Different Libraries/VinSMU/subVIs/VIn SMU.vi
1a53488a6f927801310d8e33e35da8f2b2695fc4	src/Test measurements/Dependencies/Code Modules/Flat/NI-DCPower Source DC Voltage.vi
c1c188e0b19ae34d7b816ccb0fefff5e6d968e88	src/Test measurements/Dependencies/Code Modules/No Library/Main/Measure Voltage.vi
47b199fb0f307b424e14a6912e5230be1619b696	src/Test measurements/Dependencies/Code Modules/No Library/Main/subVIs/Load SMU.vi
2b67f405dcaa7a440d48abeebfbf175d74b81865	src/Test measurements/Dependencies/Code Modules/No Library/Main/subVIs/Outside.vi
d3728cc48bd86c774302966797cb996a03391649	src/Test measurements/Dependencies/Code Modules/No Library/Main/subVIs/VIn SMU.vi
89c0f7ff8b35ae2d7e31538fbcbdae557943e1e9	src/Test measurements/Dependencies/Code Modules/Same Library/Two Fgen Module.vi
279080c32576d60a678d75ed53081ce52646e614	src/Test measurements/Dependencies/Code Modules/Same Library/subVIs/I2C Generator.vi
9cf584b2d325d3a21613a1408fae5f7131f5af46	src/Test measurements/Dependencies/Code Modules/Same Library/subVIs/I3C Generator.vi
44c774cfcc7e008c1cb3fee90ce0487e0c450434	src/Test measurements/Dependencies/Code Modules/Same Library/subVIs/Sine Wave Generator.vi
99da94f5b2b82899d8bad2adbcf15c71627c7212	src/Test measurements/Dependencies/Code Modules/Same Library/subVIs/Square Wave Generator.vi
2c4cab6e5257936b5561029e740a41fb713e4541	src/Test measurements/Dependencies/Graphs and Splitters/Flat.vi
0cbdceca7a5e599b4fa16edf1b2a88d7e1132d9a	src/Test measurements/Dependencies/Graphs and Splitters/Helper.vi
f9154cd6bc146a21942fd8b24d7042cbc5b5077f	src/Test measurements/Dependencies/Graphs and Splitters/SubVIs/Advance Settings UI.vi
b617a6b273c2127d261a5d8571ef788e6bca2b7c	src/Test measurements/Dependencies/Graphs and Splitters/SubVIs/Log Data.vi
c82bbef988276b841a881929894b7a573ca9a831	src/Test measurements/Dependencies/Graphs and Splitters/SubVIs/Sort Voltage.vi
8d2ef79842f6999618443a05f4f3d949440fab18	src/Test measurements/Dependencies/Graphs and Splitters/main.vi
8f710b00f053c74e4b53d76e34503609608b2280	src/Test measurements/Dependencies/Multiple Migration Test/T1/Measurement 1/NI-DCPower Source DC Voltage T1.vi
3f1f3f3c22096734b16ba51ecfff9c863099cba6	src/Test measurements/Dependencies/Multiple Migration Test/T1/Measurement 1/Two Fgen Module T1.vi
45f0db56cb5d4873fb81a027120a3c1194ba3d62	src/Test measurements/Dependencies/Multiple Migration Test/T1/Measurement 1/subVIs/I2C Generator.vi
02b7d73bd3fc19aec46cbd69d3fa39fda46e0039	src/Test measurements/Dependencies/Multiple Migration Test/T1/Measurement 1/subVIs/I3C Generator.vi
25f4aa66e40cec33d23e3f8b94d7f537fc788bad	src/Test measurements/Dependencies/Multiple Migration Test/T1/Measurement 1/subVIs/Sine Wave Generator.vi
6210cfc64314b15f0494e397c5200dbab2ffafa9	src/Test measurements/Dependencies/Multiple Migration Test/T1/Measurement 1/subVIs/Square Wave Generator.vi
ec55e0cec6cfab47149fd932e7b43721c1bcef90	src/Test measurements/Dependencies/Multiple Migration Test/T1/Measurement 2/Load Voltage Measurement T1.vi
d334b132825db01f617f061e538d76298e6ed206	src/Test measurements/Dependencies/Multiple Migration Test/T1/Measurement 2/Load Voltage Sourcing and Measuring T1.vi
efa4bc352831a7b387947883a5b4b73fd86c7a3f	src/Test measurements/Dependencies/Multiple Migration Test/T1/Measurement 2/SMU/subVIs/Configuration.vi
e11609b77fbc54feba52971bd3c4a515a35d21a1	src/Test measurements/Dependencies/Multiple Migration Test/T1/Measurement 2/SMU/subVIs/Read Measurement.vi
8b90c4804b64f616d030dc6c08bea127a6104674	src/Test measurements/Dependencies/Multiple Migration Test/T1/Measurement 2/controls/Attenuation.vi
a7c9bdd3fc340be1f8a7d51597e630ee2c9f20de	src/Test measurements/Dependencies/Multiple Migration Test/T10/Meas 1/NI-DCPower Source DC Current T10.vi
678e41b75b45f69e437dbd4f2ec0212de2f9fb8d	src/Test measurements/Dependencies/Multiple Migration Test/T10/Meas 1/NI-DCPower Source DC Voltage T10.vi
1ba61025be3a017761179a6582a31bfecdb99d8a	src/Test measurements/Dependencies/Multiple Migration Test/T10/Meas 1/Two Fgen Module T10.vi
0e67ec3a3ffd5624c51366ba0cd405c1af1f1ada	src/Test measurements/Dependencies/Multiple Migration Test/T10/Meas 1/subVIs/I2C Generator.vi
0b9888394d6120c803ddb7e623cccc9d50cc30c5	src/Test measurements/Dependencies/Multiple Migration Test/T10/Meas 1/subVIs/I3C Generator.vi
d4799d2941a4c671a8222f9ad764b0fcbc4805e7	src/Test measurements/Dependencies/Multiple Migration Test/T10/Meas 1/subVIs/Sine Wave Generator T10.vi
ff98618a7d6729f2f337f9f5bb11b280dba2a9a4	src/Test measurements/Dependencies/Multiple Migration Test/T10/Meas 1/subVIs/Square Wave Generator T10.vi
2d9ee08c05b49ddc9417884f6df8b4a2d5b129a2	src/Test measurements/Dependencies/Multiple Migration Test/T10/Meas 1/subVIs/Test.vi
34a503e968cf0252065c26b7a6161c53628c7b50	src/Test measurements/Dependencies/Multiple Migration Test/T10/Meas 2/Load Voltage Measurement T10.vi
65aefb30a0f62243111984cb16614d36f70e1fe6	src/Test measurements/Dependencies/Multiple Migration Test/T10/Meas 2/Load Voltage Sourcing and Measuring T10.vi
c87364f39bec87114906281a779f3ff9de69c9ef	src/Test measurements/Dependencies/Multiple Migration Test/T10/Meas 2/SMU/subVIs/Configuration.vi
7e40b49109a1b6e57bfc1aabadf1e18e0f715d9e	src/Test measurements/Dependencies/Multiple Migration Test/T10/Meas 2/SMU/subVIs/Read Measurement.vi
e5ea3936a0e2d6b6a8b6cec26dad2de658ea7a4b	src/Test measurements/Dependencies/Multiple Migration Test/T10/Meas 2/controls/Attenuation T10.vi
1385541abb372e30588585f8156d5b1d616b7cfb	src/Test measurements/Dependencies/Multiple Migration Test/T11/Meas 1/NI-DCPower Source DC Current T11.vi
29c5d3e74fef27406414ad35d43fe8b3f7919999	src/Test measurements/Dependencies/Multiple Migration Test/T11/Meas 1/NI-DCPower Source DC Voltage T11.vi
327b9cf05e9791a535b6452f1c3b4e6fbe0e5c66	src/Test measurements/Dependencies/Multiple Migration Test/T11/Meas 1/Two Fgen Module T11.vi
1ca2cd1ef2b51865617efb63951b6b7731c12ecc	src/Test measurements/Dependencies/Multiple Migration Test/T11/Meas 1/subVIs/I2C Generator.vi
76bb662fb117941f62eead96123d4577a76a3a8d	src/Test measurements/Dependencies/Multiple Migration Test/T11/Meas 1/subVIs/I3C Generator.vi
07c10b548041bb749aec249884c118ef2ac94050	src/Test measurements/Dependencies/Multiple Migration Test/T11/Meas 1/subVIs/Sine Wave Generator T11.vi
4c5787bb2eed67e258530b3b744626c47c1c6d45	src/Test measurements/Dependencies/Multiple Migration Test/T11/Meas 1/subVIs/Square Wave Generator T11.vi
94d02fa91979752316eea3783ab997823384d833	src/Test measurements/Dependencies/Multiple Migration Test/T11/Meas 1/subVIs/Test.vi
c4ba4edbfc0fa57e72fa3faca4c6e822c3d3d1a8	src/Test measurements/Dependencies/Multiple Migration Test/T11/Meas 2/Load Voltage Measurement T11.vi
b64f10d3d9dd592f26e4073c91cee29bd99e1cdd	src/Test measurements/Dependencies/Multiple Migration Test/T11/Meas 2/Load Voltage Sourcing and Measuring T11.vi
803b47a8fd696576fa9de11f6522a0d66f4f1a1e	src/Test measurements/Dependencies/Multiple Migration Test/T11/Meas 2/SMU/subVIs/Configuration.vi
5e642ed22084b70bbfcbcc9b64fe247b6c51bd5f	src/Test measurements/Dependencies/Multiple Migration Test/T11/Meas 2/SMU/subVIs/Read Measurement.vi
0783498f4460de6e9836a5407fed92430e88f5a8	src/Test measurements/Dependencies/Multiple Migration Test/T11/Meas 2/controls/Attenuation.vi
bd7ebd157075319d009a27f6dc9a9f89665bdf92	src/Test measurements/Dependencies/Multiple Migration Test/T12/Meas 1/NIDCpower/DC Power.vi
88016166565c7109036c035063112f53f10ee534	src/Test measurements/Dependencies/Multiple Migration Test/T12/Meas 1/NIDMM/NIDmm T12.vi
ab53ec64f4fe35222a4ca7adfdac17dbe3d72454	src/Test measurements/Dependencies/Multiple Migration Test/T12/Meas 1/Source and Measure Current in DMM - Copy.vi
089e59a0caccb4ab0553d878b15ff013f21e44eb	src/Test measurements/Dependencies/Multiple Migration Test/T12/Meas 1/Source and Measure Current in DMM T12.vi
9cd6b8c1910ca78fa00a9068729352774516df0c	src/Test measurements/Dependencies/Multiple Migration Test/T12/Meas 1/T9 subVI/Wrapper 2.vi
2bc9d3d2dac7c5f5dbc2ad5e6fe23265748dfe41	src/Test measurements/Dependencies/Multiple Migration Test/T12/Meas 1/T9 subVI/Wrapper.vi
6284f7cf07b3830996feb757be594c6f4ce30ed0	src/Test measurements/Dependencies/Multiple Migration Test/T12/Meas 1/Voltage Meas T12.vi
78ca4780953590d9d1652fb845d99085f244ee3d	src/Test measurements/Dependencies/Multiple Migration Test/T12/Meas 2/Load Voltage Measurement T12.vi
f7015fceffe46f76d594e0baceda3d0522dd1797	src/Test measurements/Dependencies/Multiple Migration Test/T12/Meas 2/Load Voltage Sourcing and Measuring T12.vi
d4f83678340e9e83cb9177e638f33a22e23dafca	src/Test measurements/Dependencies/Multiple Migration Test/T12/Meas 2/SMU/subVIs/Configuration.vi
c4c96dfe4a3404e8e0e164c34a51449d2e02664c	src/Test measurements/Dependencies/Multiple Migration Test/T12/Meas 2/SMU/subVIs/Read Measurement.vi
df018e4978b935a15d329a6974671af81fb72f8f	src/Test measurements/Dependencies/Multiple Migration Test/T12/Meas 2/controls/Attenuation T12.vi
260e12c94f02664269f0f47f34d6eaca0c41230d	src/Test measurements/Dependencies/Multiple Migration Test/T13/Meas 1/NI-DCPower Source DC Current T13.vi
282f092d69ae3b0dcdd75c6fc760e67fe4ce0510	src/Test measurements/Dependencies/Multiple Migration Test/T13/Meas 1/NI-DCPower Source DC Voltage T13.vi
1a1c5393e18ecb8f0dfd012e5fd6b2cadd6ba5b8	src/Test measurements/Dependencies/Multiple Migration Test/T14/Meas 1/NI-DCPower Source DC Current T14.vi
e2624e880bb72792a63d89742c847d27dede3142	src/Test measurements/Dependencies/Multiple Migration Test/T14/Meas 1/NI-DCPower Source DC Voltage T14.vi
af76b327ceda4d916c1eca9856ca17a42817f2b3	src/Test measurements/Dependencies/Multiple Migration Test/T14/Meas 1/subVIs/Test VI T14.vi
87237d0ba27ea43430e8ab8b098fd975f79ee1b0	src/Test measurements/Dependencies/Multiple Migration Test/T14/Meas 2/Load Voltage Measurement T14.vi
a95c7a73cfa1c154b5b833ca6982ffa9b91a62d7	src/Test measurements/Dependencies/Multiple Migration Test/T14/Meas 2/Load Voltage Sourcing and Measuring T14.vi
adb7fa19a4030307ef6719cf5b3e23337f247a79	src/Test measurements/Dependencies/Multiple Migration Test/T14/Meas 2/SMU/subVIs/Configuration 14.vi
74ee974040647450d82ba59e3bc9b9803232088c	src/Test measurements/Dependencies/Multiple Migration Test/T14/Meas 2/SMU/subVIs/Read Measurement T14.vi
ad28e43440157dd8a447bca5691fbac57973f134	src/Test measurements/Dependencies/Multiple Migration Test/T14/Meas 2/controls/Attenuation T14.vi
60ae8a3bd7e29b60e1a5a88565514eee2a349fd0	src/Test measurements/Dependencies/Multiple Migration Test/T15/Meas 1/DMM/Config DMM.vi
f1abe43c2d90f8268ad5ade8e8068461dff18bee	src/Test measurements/Dependencies/Multiple Migration Test/T15/Meas 1/DMM/DMM Config.vi
53666d775fa755a97fb8c207d94c81743cc15c69	src/Test measurements/Dependencies/Multiple Migration Test/T15/Meas 1/DMM/Load SMU.vi
09ed2671aa1f457e991b27ab8f666882452027a4	src/Test measurements/Dependencies/Multiple Migration Test/T15/Meas 1/DMM/Outside.vi
586d289cfe8a4f0b1d2df75115bb4bedbb4249b8	src/Test measurements/Dependencies/Multiple Migration Test/T15/Meas 1/DMM/Read DMM.vi
40d189248e1277d0256426f819f85bfd00f02042	src/Test measurements/Dependencies/Multiple Migration Test/T15/Meas 1/DMM/Scope Read.vi
5cf9931a7093ea15f9bfcc57f8a2dff08206fa1e	src/Test measurements/Dependencies/Multiple Migration Test/T15/Meas 1/DMM/VIn SMU.vi
bfe455cc5db32e10b7a50178a491df6e0f7f7b49	src/Test measurements/Dependencies/Multiple Migration Test/T15/Meas 1/Load and Vin SMU Measurement T15.vi
604d6fb17321ae2100fbdef140521e019b309527	src/Test measurements/Dependencies/Multiple Migration Test/T15/Meas 1/NI-DCPower Pulse Voltage Sequence T15.vi
ddc78c9d0273b57e9d07bc5f40cd201cb02886ab	src/Test measurements/Dependencies/Multiple Migration Test/T15/Meas 2/Load Voltage Measurement T15.vi
264c3a637320dfcd9c703fbfff45db68f904e8d2	src/Test measurements/Dependencies/Multiple Migration Test/T15/Meas 2/Load Voltage Sourcing and Measuring T15.vi
11c37d7fab3aedcb083fa32eb65646d80f670633	src/Test measurements/Dependencies/Multiple Migration Test/T15/Meas 2/SMU/subVIs/Configuration.vi
bfee79470d046c3b7beef97cc7d8914deb34d7c1	src/Test measurements/Dependencies/Multiple Migration Test/T15/Meas 2/SMU/subVIs/Read Measurement.vi
24b65f8d7ab18ed5a425b0c66ffc7f5a7521e025	src/Test measurements/Dependencies/Multiple Migration Test/T15/Meas 2/controls/Attenuation.vi
fa18a586e0c9b24491e9ac7b95d96df2201a7c55	src/Test measurements/Dependencies/Multiple Migration Test/T16/Meas 1/DMM/Config DMM.vi
6206006c72841c812d6aa505014dc1f9a419e003	src/Test measurements/Dependencies/Multiple Migration Test/T16/Meas 1/DMM/DMM Config.vi
c24ca9f88ab5abac90e361c0f1e55e10900b2425	src/Test measurements/Dependencies/Multiple Migration Test/T16/Meas 1/DMM/Load SMU T16.vi
b33361a885768775f83dcf457802a979797022da	src/Test measurements/Dependencies/Multiple Migration Test/T16/Meas 1/DMM/Outside.vi
fe951962251ce7dcc4f35012f085df0761752fb4	src/Test measurements/Dependencies/Multiple Migration Test/T16/Meas 1/DMM/Read DMM.vi
ea08ad5ea4b54a02c4988a8662b35d36e440e3ff	src/Test measurements/Dependencies/Multiple Migration Test/T16/Meas 1/DMM/Scope Read.vi
6e88c6b275d968594146a26b3d900d7927533636	src/Test measurements/Dependencies/Multiple Migration Test/T16/Meas 1/DMM/VIn SMU T16.vi
c10f92101497638b2a0749b6e735453305fc6bdc	src/Test measurements/Dependencies/Multiple Migration Test/T16/Meas 1/Load and Vin SMU Measurement T16.vi
d012d829650fe9ab9018317ee15e6e67557ed0e8	src/Test measurements/Dependencies/Multiple Migration Test/T16/Meas 1/NI-DCPower Pulse Voltage Sequence T16.vi
2e9d3d0b8a78b9d748029034748fb8d15f75381b	src/Test measurements/Dependencies/Multiple Migration Test/T16/Meas 2/Load Voltage Measurement T16.vi
9fbd16e3ffe245a5a3b913293cd583da03262c7e	src/Test measurements/Dependencies/Multiple Migration Test/T16/Meas 2/Load Voltage Sourcing and Measuring T16.vi
586dd0878870b1980ec477e09eb5a86e51791826	src/Test measurements/Dependencies/Multiple Migration Test/T16/Meas 2/SMU/subVIs/Configuration.vi
a49e103f0e32ba14ca0f579af3587bf6dde58a60	src/Test measurements/Dependencies/Multiple Migration Test/T16/Meas 2/SMU/subVIs/Read Measurement.vi
07caa5b22aa73bb9455f5784b26dbe5ffbeea8bd	src/Test measurements/Dependencies/Multiple Migration Test/T16/Meas 2/controls/Attenuation T16.vi
61b0cddc0ac64c204b975a24ab45f5d16a1f9e98	src/Test measurements/Dependencies/Multiple Migration Test/T17/Meas 1/NI-DCPower Pulse Current Sequence 17.vi
eb773aa2153877634b64495b805f7ce54a0c8e22	src/Test measurements/Dependencies/Multiple Migration Test/T17/Meas 1/NI-DCPower Pulse Voltage Sequence 17.vi
61c6699d41140a81400500d9d7e24b7dac3109de	src/Test measurements/Dependencies/Multiple Migration Test/T17/Meas 1/NI-DCPower Source DC Current 17.vi
06eee205dee256dbd83d64882e232adf1b569075	src/Test measurements/Dependencies/Multiple Migration Test/T17/Meas 1/NI-DCPower Source DC Voltage 17.vi
b7c0762caba2ac0c746256bf30a39feed82cb63b	src/Test measurements/Dependencies/Multiple Migration Test/T18/Meas 1/DMM SCOPE 18.vi
34a846543aeaff796db0bd277f0fe8cb29a50160	src/Test measurements/Dependencies/Multiple Migration Test/T18/Meas 1/Load and Vin SMU Measurement 18.vi
1d1317bea058f92396064cadec8f06f8727c1087	src/Test measurements/Dependencies/Multiple Migration Test/T18/Meas 1/subVIs/Config DMM 18.vi
62d8deefdbbdbf8995638a285905f5e0b6b7ebc8	src/Test measurements/Dependencies/Multiple Migration Test/T18/Meas 1/subVIs/DMM Config 18.vi
e52b7c2a2ade6d45f6d6190ccbd85d609a10a727	src/Test measurements/Dependencies/Multiple Migration Test/T18/Meas 1/subVIs/Load SMU 18.vi
961dbc5bfa0e69d467e359bbb566a5817da8784b	src/Test measurements/Dependencies/Multiple Migration Test/T18/Meas 1/subVIs/Read DMM 18.vi
3d3779ff97c0e2234e75760b84976f73535973a0	src/Test measurements/Dependencies/Multiple Migration Test/T18/Meas 1/subVIs/Scope Read 18.vi
9400be24ed5daa40935bdb723435010a035c7cfc	src/Test measurements/Dependencies/Multiple Migration Test/T18/Meas 1/subVIs/VIn SMU 18.vi
331435bd212f0c658ae6de85441f49a82e1e2a84	src/Test measurements/Dependencies/Multiple Migration Test/T18/Meas 2/Load Voltage Measurement T18.vi
e513ca96e97516948459b6547f88a38e1cca5936	src/Test measurements/Dependencies/Multiple Migration Test/T18/Meas 2/Load Voltage Sourcing and Measuring T18.vi
4ddf48b2d5736a8a6ded276c4bf49bafc67f9592	src/Test measurements/Dependencies/Multiple Migration Test/T18/Meas 2/SMU/subVIs/Configuration T18.vi
51ea2de1c25753aec0787b28009e9da91139cde7	src/Test measurements/Dependencies/Multiple Migration Test/T18/Meas 2/SMU/subVIs/Read Measurement T18.vi
6ac15174b535c8462e749813278a2cae9dee956b	src/Test measurements/Dependencies/Multiple Migration Test/T18/Meas 2/controls/Attenuation T18.vi
fe35ac646c07869974974cd208d897690d953fd8	src/Test measurements/Dependencies/Multiple Migration Test/T19/Meas 1/DMM SCOPE 19.vi
c5732123d024e081240a133fd903e2015b2bdb75	src/Test measurements/Dependencies/Multiple Migration Test/T19/Meas 1/DMM/subVIs/Config DMM.vi
6b6bc733546b35ea165685565d6adc785404d761	src/Test measurements/Dependencies/Multiple Migration Test/T19/Meas 1/DMM/subVIs/DMM Config.vi
ccd0a3c418fffa932264b5246c84c59e46db327a	src/Test measurements/Dependencies/Multiple Migration Test/T19/Meas 1/DMM/subVIs/Read DMM.vi
24b31a2f0bedcc2e9a26d92a12047c53af94e198	src/Test measurements/Dependencies/Multiple Migration Test/T19/Meas 1/Load and Vin SMU Measurement 19.vi
edfd762997dc5b4ff5fe0660bf95dc29fa731802	src/Test measurements/Dependencies/Multiple Migration Test/T19/Meas 1/Scope/subVIs/Load SMU.vi
90a30312166e72d4c43d9b590383d9e931519c01	src/Test measurements/Dependencies/Multiple Migration Test/T19/Meas 1/Scope/subVIs/Scope Read.vi
03b7642c2491c8245ea2818bfb3b11a2087a1a90	src/Test measurements/Dependencies/Multiple Migration Test/T19/Meas 1/Scope/subVIs/VIn SMU.vi
5020155a69b478862346c024b2fd7e8fd5a3315f	src/Test measurements/Dependencies/Multiple Migration Test/T19/Meas 2/Load Voltage Measurement T19.vi
5a82b980775b3cb9d25efd015b21a2da6bc4e30f	src/Test measurements/Dependencies/Multiple Migration Test/T19/Meas 2/Load Voltage Sourcing and Measuring T19.vi
9f151107318e6043a139f8d5843ba8c594396669	src/Test measurements/Dependencies/Multiple Migration Test/T19/Meas 2/SMU/subVIs/Configuration T19.vi
7e4f0b92610672f773f9872f636c5a6f45856d02	src/Test measurements/Dependencies/Multiple Migration Test/T19/Meas 2/SMU/subVIs/Read Measurement T19.vi
3415ec9a9e77d64fce324054dd6a643db2ac74ee	src/Test measurements/Dependencies/Multiple Migration Test/T19/Meas 2/controls/Attenuation T19.vi
d21d74738f8ba83cceb0eb037a238d1d417ee076	src/Test measurements/Dependencies/Multiple Migration Test/T2/Meas1/NI-DCPower Source DC Voltage T2.vi
2effdb9812f23c26f5f198c27cd2a11dc92c7297	src/Test measurements/Dependencies/Multiple Migration Test/T2/Meas1/Two Fgen Module T2.vi
4f2a20751c2901632cd0023946ba8e22c7872c54	src/Test measurements/Dependencies/Multiple Migration Test/T2/Meas1/subVIs/I2C Generator T2.vi
267a6aa2c6dfa8290c49f7169d77310e0b1f9ed2	src/Test measurements/Dependencies/Multiple Migration Test/T2/Meas1/subVIs/I3C Generator.vi
25f4aa66e40cec33d23e3f8b94d7f537fc788bad	src/Test measurements/Dependencies/Multiple Migration Test/T2/Meas1/subVIs/Sine Wave Generator.vi
6210cfc64314b15f0494e397c5200dbab2ffafa9	src/Test measurements/Dependencies/Multiple Migration Test/T2/Meas1/subVIs/Square Wave Generator.vi
8ba95b016518528b4dd70887ef19312fa2dedf24	src/Test measurements/Dependencies/Multiple Migration Test/T2/Meas2/Load Voltage Measurement T2.vi
ef979bee3c50de0474b90863bbbb0a5af0777374	src/Test measurements/Dependencies/Multiple Migration Test/T2/Meas2/Load Voltage Sourcing and Measuring T2.vi
204fff65c3be6aaa0d3a1bcbdb4168837acc6500	src/Test measurements/Dependencies/Multiple Migration Test/T2/Meas2/SMU/subVIs/Configuration.vi
e5f593a8b87821a410e0ac812fa8786631814111	src/Test measurements/Dependencies/Multiple Migration Test/T2/Meas2/SMU/subVIs/Read Measurement.vi
ba573300f753eb4bb09f970b59342b21237bb2ab	src/Test measurements/Dependencies/Multiple Migration Test/T2/Meas2/controls/Attenuation T2.vi
e39bf3fb87ee116de4780d1df43b3797cd1affab	src/Test measurements/Dependencies/Multiple Migration Test/T20/Meas 1/DMM SCOPE 20.vi
a66372d06f3688735db374b24831f88116610e18	src/Test measurements/Dependencies/Multiple Migration Test/T20/Meas 1/DMM/Config DMM.vi
7f5bc16fc541a171ced3d031f294c446535a2de0	src/Test measurements/Dependencies/Multiple Migration Test/T20/Meas 1/DMM/DMM Config.vi
c713fec8ea83634e422a0e25442b6b61d9b1ca3e	src/Test measurements/Dependencies/Multiple Migration Test/T20/Meas 1/DMM/Read DMM.vi
b82094706bac222f5fa84524ffe36d0154f7b7f0	src/Test measurements/Dependencies/Multiple Migration Test/T20/Meas 1/Load and Vin SMU Measurement 20.vi
b67c66d23ec37c51f34f9f62364b7eb8cf9dd142	src/Test measurements/Dependencies/Multiple Migration Test/T20/Meas 1/subVIs/Load SMU 20.vi
b8c3fb870541dbdabaf0c77132d65dfe1b70d8cc	src/Test measurements/Dependencies/Multiple Migration Test/T20/Meas 1/subVIs/Scope Read 20.vi
3f36b36e2d603326951f4b51dbc4ef663a89374c	src/Test measurements/Dependencies/Multiple Migration Test/T20/Meas 1/subVIs/VIn SMU 20.vi
b1079a459005279c060e1833ee6733198b518dcd	src/Test measurements/Dependencies/Multiple Migration Test/T20/Meas 2/Load Voltage Measurement T20.vi
e70da2f8fcda9ebaf587e94b38b0be5af29e4c35	src/Test measurements/Dependencies/Multiple Migration Test/T20/Meas 2/Load Voltage Sourcing and Measuring T20.vi
4bcd2ffde9adbe3f534f3a7c105daa3765178e9b	src/Test measurements/Dependencies/Multiple Migration Test/T20/Meas 2/SMU/subVIs/Configuration T20.vi
5e9a0f574337316feb34cbe578cc7e950243b343	src/Test measurements/Dependencies/Multiple Migration Test/T20/Meas 2/SMU/subVIs/Read Measurement T20.vi
48a39bdde1b455e9b763dac7359c5cd8b66a2ee0	src/Test measurements/Dependencies/Multiple Migration Test/T20/Meas 2/controls/Attenuation T20.vi
828cf1030f2e58719a1e332ab98220f0a0e46468	src/Test measurements/Dependencies/Multiple Migration Test/T3/Meas 1/DMM/Config DMM.vi
ac9e41da4fd16360b8dfcfb157f4698c8656390f	src/Test measurements/Dependencies/Multiple Migration Test/T3/Meas 1/DMM/DMM Config.vi
87b54015f2cc7339df3efe827a5dcf89996c16a9	src/Test measurements/Dependencies/Multiple Migration Test/T3/Meas 1/DMM/Read DMM.vi
74e92468ebb6c879dd85243e1c9214e37ec81805	src/Test measurements/Dependencies/Multiple Migration Test/T3/Meas 1/Load and Vin SMU Measurement T3.vi
d2cf3d042845995feda719d3a27ff5ec3fd4be35	src/Test measurements/Dependencies/Multiple Migration Test/T3/Meas 1/NI-DCPower Pulse Voltage Sequence T3.vi
bd6d01551c1f628e67bfbef7048a5d68e85416d2	src/Test measurements/Dependencies/Multiple Migration Test/T3/Meas 1/SMU/Load SMU.vi
f8f18c1045ec29cea2fc499c936a814a0d5a4e92	src/Test measurements/Dependencies/Multiple Migration Test/T3/Meas 1/SMU/Scope Read.vi
c03fb9da36a99f98e6c41b13b3bfb02bc094b85b	src/Test measurements/Dependencies/Multiple Migration Test/T3/Meas 1/SMU/VIn SMU.vi
cadb4b712579bac0f6f28fa9154b45371415374c	src/Test measurements/Dependencies/Multiple Migration Test/T3/Meas 1/subVIs/Outside.vi
639fc563386c6298fba42686782cd7aa46271f73	src/Test measurements/Dependencies/Multiple Migration Test/T3/Meas 2/Load Voltage Measurement T3.vi
669fea4fd09c7384fe508ded9048ea9c4d44aa87	src/Test measurements/Dependencies/Multiple Migration Test/T3/Meas 2/Load Voltage Sourcing and Measuring T3.vi
f698187f87a41af4f3c0059651ad2cb274a17449	src/Test measurements/Dependencies/Multiple Migration Test/T3/Meas 2/SMU/subVIs/Configuration.vi
cfaef3d7dea93b52783b158c1d94e9334e0b4a75	src/Test measurements/Dependencies/Multiple Migration Test/T3/Meas 2/SMU/subVIs/Read Measurement.vi
99113db9bca0cdb2a7e5769b3c1f46cc783bff0d	src/Test measurements/Dependencies/Multiple Migration Test/T3/Meas 2/controls/Attenuation T3.vi
30ad3ed30a7e2c3d808dad5ae5a487ae02189734	src/Test measurements/Dependencies/Multiple Migration Test/T4/Meas 1/DMM/Config DMM.vi
60fc81c37c2c1ea6230ed9cfc3345e60ab7d5d7c	src/Test measurements/Dependencies/Multiple Migration Test/T4/Meas 1/DMM/DMM Config.vi
6bb4006b4b3ba15dfa6f15a90c2253fbaf528956	src/Test measurements/Dependencies/Multiple Migration Test/T4/Meas 1/DMM/Read DMM.vi
284e335c647cdfb20c9dadc18348b098a54f942f	src/Test measurements/Dependencies/Multiple Migration Test/T4/Meas 1/Load and Vin SMU Measurement T4.vi
c55c4ed7a664f905c3b491efd114421dc0a13068	src/Test measurements/Dependencies/Multiple Migration Test/T4/Meas 1/NI-DCPower Pulse Voltage Sequence T4.vi
7d4682db3969eacdbb4187935e9bff04debe26ba	src/Test measurements/Dependencies/Multiple Migration Test/T4/Meas 1/SMU/Load SMU.vi
4f1ea14b8320083a88a056f55a98c98bd38f9cf5	src/Test measurements/Dependencies/Multiple Migration Test/T4/Meas 1/SMU/Scope Read.vi
46797e2cea6379cc6cbe064b3ff385bbf0645ee2	src/Test measurements/Dependencies/Multiple Migration Test/T4/Meas 1/SMU/VIn SMU.vi
eb9bc079be3b58c2ecd50b57a7243120e180a2b3	src/Test measurements/Dependencies/Multiple Migration Test/T4/Meas 1/subVIs/Outside T4.vi
1e3b99757b7f0d2efc6d92e8c04eb72f908b5717	src/Test measurements/Dependencies/Multiple Migration Test/T4/Meas 2/Load Voltage Measurement T4.vi
5549fcfdb090c742121b17eae9f8cd08d03fa6ee	src/Test measurements/Dependencies/Multiple Migration Test/T4/Meas 2/Load Voltage Sourcing and Measuring T4.vi
70fc0fcc2f0d983995580d10fe4be449a26b1583	src/Test measurements/Dependencies/Multiple Migration Test/T4/Meas 2/SMU/subVIs/Configuration.vi
89e29eae99e07fc60d702ddd34fdb6f42ffe2a07	src/Test measurements/Dependencies/Multiple Migration Test/T4/Meas 2/SMU/subVIs/Read Measurement.vi
fc62f11ebb361185f1b1b43f9adbece9e9f132d2	src/Test measurements/Dependencies/Multiple Migration Test/T4/Meas 2/controls/Attenuation T4.vi
c28c4170adc61bcc4aea04aabfc274dc3ff10a81	src/Test measurements/Dependencies/Multiple Migration Test/T5/NI-DCPower Pulse Current Sequence T5.vi
f13a7ed06fb54b68c6db5ac1bbaa5c8cd8500db6	src/Test measurements/Dependencies/Multiple Migration Test/T5/NI-DCPower Pulse Voltage Sequence T5.vi
b1426e2f7d119edd34049db4db87d7fbb7bb257e	src/Test measurements/Dependencies/Multiple Migration Test/T5/NI-DCPower Source DC Current T5.vi
c82c51e430fa1178ad410bc442573140140ec53e	src/Test measurements/Dependencies/Multiple Migration Test/T5/NI-DCPower Source DC Voltage T5.vi
0ca9a05b6159af2d98f7818f3ce5c9dd3ffd2d7e	src/Test measurements/Dependencies/Multiple Migration Test/T6/NI-DCPower Pulse Current Sequence T6.vi
533ff731f4bb0ef5f643317d8addf09b33befd6d	src/Test measurements/Dependencies/Multiple Migration Test/T6/NI-DCPower Pulse Voltage Sequence t6.vi
c5d31e046811f4c076a35186c97f63a1ec4e6e73	src/Test measurements/Dependencies/Multiple Migration Test/T6/NI-DCPower Source DC Current T6.vi
0b193d1416f102d5dca49e944e62dfc9c57f8e86	src/Test measurements/Dependencies/Multiple Migration Test/T6/NI-DCPower Source DC Voltage T6.vi
2b7b6133c07258b5766a4905d6098396f784f5d2	src/Test measurements/Dependencies/Multiple Migration Test/T6/subVIs/Test.vi
2900f398c8fd5709321d73ac1bc5729d66c395cb	src/Test measurements/Dependencies/Multiple Migration Test/T7/Meas 1/DMM/Config DMM.vi
5ed4844b3b8a4cb4f659cc948a0d61b533f3d900	src/Test measurements/Dependencies/Multiple Migration Test/T7/Meas 1/DMM/DMM Config.vi
c539cfb79cee5212e73ab12a71d852f088683b8d	src/Test measurements/Dependencies/Multiple Migration Test/T7/Meas 1/DMM/Load SMU.vi
f60f86f97d6d2e7f72a7ea589a34166c4086373e	src/Test measurements/Dependencies/Multiple Migration Test/T7/Meas 1/DMM/Outside.vi
09be84869d22651e349b547a4996154fc23d204f	src/Test measurements/Dependencies/Multiple Migration Test/T7/Meas 1/DMM/Read DMM.vi
82d15471d2db45f40abeaa8886cc54a185d4f690	src/Test measurements/Dependencies/Multiple Migration Test/T7/Meas 1/DMM/Scope Read.vi
4298e2b1b31a01a6898b8b3c6c63d54aa192bf8b	src/Test measurements/Dependencies/Multiple Migration Test/T7/Meas 1/DMM/VIn SMU.vi
cd97cf1cfabc58465898810358c37810def45d7d	src/Test measurements/Dependencies/Multiple Migration Test/T7/Meas 1/Load and Vin SMU Measurement T7.vi
a9e90e57035d66e775963db32dae44cb3b463d50	src/Test measurements/Dependencies/Multiple Migration Test/T7/Meas 1/NI-DCPower Pulse Voltage Sequence t7.vi
e0c73edd047299d1998943a22eaca98163cf5005	src/Test measurements/Dependencies/Multiple Migration Test/T7/Meas 2/Load Voltage Measurement T7.vi
d7831d8b5463bf728f1e7d931b67d1a3f17ea423	src/Test measurements/Dependencies/Multiple Migration Test/T7/Meas 2/Load Voltage Sourcing and Measuring T7.vi
ca1f1a96f6f3fe07780f0325c1f7d1e94013a7d1	src/Test measurements/Dependencies/Multiple Migration Test/T7/Meas 2/SMU/subVIs/Configuration.vi
28a5174364aa8c3ef7c3fe8341e2c470be25dc21	src/Test measurements/Dependencies/Multiple Migration Test/T7/Meas 2/SMU/subVIs/Read Measurement.vi
fdb8b55c75f581a4f75c3934f28fa1f41c5a2e0e	src/Test measurements/Dependencies/Multiple Migration Test/T7/Meas 2/controls/Attenuation T7.vi
7789d018cc42e7213377816f143b055d716e958a	src/Test measurements/Dependencies/Multiple Migration Test/T8/Meas 1/DMM/Config DMM.vi
bc34e0024becaeec2d9916e5babff6602095cfc6	src/Test measurements/Dependencies/Multiple Migration Test/T8/Meas 1/DMM/DMM Config.vi
13c5c21900c4c0852d775efbeb8596c802482b39	src/Test measurements/Dependencies/Multiple Migration Test/T8/Meas 1/DMM/Read DMM.vi
4927d4edfd7864d27c66ee88bf3c09363266bacc	src/Test measurements/Dependencies/Multiple Migration Test/T8/Meas 1/Load and Vin SMU Measurement T8.vi
523acc4cb75b049201b92550239141ab7da48a9f	src/Test measurements/Dependencies/Multiple Migration Test/T8/Meas 1/NI-DCPower Pulse Voltage Sequence t8.vi
997735cf52d16ce9c13a37afafb3e4a514766b42	src/Test measurements/Dependencies/Multiple Migration Test/T8/Meas 1/SMU/Load SMU.vi
a42626d947dd0da39b306c952e8994a4ac51cc73	src/Test measurements/Dependencies/Multiple Migration Test/T8/Meas 1/SMU/Scope Read.vi
608d2adc63196feb878840ba4cbe3218e533255f	src/Test measurements/Dependencies/Multiple Migration Test/T8/Meas 1/SMU/VIn SMU.vi
8c2544a0e5779b394fc9fa0a84a58dc2b9fd3231	src/Test measurements/Dependencies/Multiple Migration Test/T8/Meas 1/subVIs/Outside T8.vi
ebb9e81992ba91d189b0bfff0d6b9f8a80e7a392	src/Test measurements/Dependencies/Multiple Migration Test/T8/Meas 2/Load Voltage Measurement T8.vi
2f088cbabbd58682153d44584aa0a2f344d2f504	src/Test measurements/Dependencies/Multiple Migration Test/T8/Meas 2/Load Voltage Sourcing and Measuring T8.vi
3b47d24394fdd3312184cf97449c8dec96d43314	src/Test measurements/Dependencies/Multiple Migration Test/T8/Meas 2/SMU/subVIs/Configuration.vi
83b29fa371c40cf62da4f9b028fbb1275f0517c5	src/Test measurements/Dependencies/Multiple Migration Test/T8/Meas 2/SMU/subVIs/Read Measurement.vi
a37a0bba067c097a0eee82cfe6ab47b7c8c4dff6	src/Test measurements/Dependencies/Multiple Migration Test/T8/Meas 2/controls/Attenuation T8.vi
8c36710cd6d05ad19ae51b8c506743fe5cd3d1af	src/Test measurements/Dependencies/Multiple Migration Test/T9/Meas 1/NI-DCPower Pulse Current Sequence T9.vi
e1519aec0bd7b16cef826d7b2d595e93c6a6fb15	src/Test measurements/Dependencies/Multiple Migration Test/T9/Meas 1/NI-DCPower Pulse Voltage Sequence t9.vi
b958541049ae31ebe1afeaeb1c3cc5f67175dfcd	src/Test measurements/Dependencies/Multiple Migration Test/T9/Meas 1/NI-DCPower Source DC Current T9.vi
e19d10196bd2bf16bc4081607d000ae4380f1d5b	src/Test measurements/Dependencies/Multiple Migration Test/T9/Meas 1/NI-DCPower Source DC Voltage T9.vi
1b5078388cb5bcda04fe5db8cf3952635d232851	src/Test measurements/Dependencies/Multiple Migration Test/T9/Meas 1/Two Fgen Module T9.vi
02de5fe3019e896cf6cdb59e88572b8fb7f0e548	src/Test measurements/Dependencies/Multiple Migration Test/T9/Meas 1/subVIs/I2C Generator.vi
b44ef2e4e2bb5eb12f60030c120d0c8351fb639e	src/Test measurements/Dependencies/Multiple Migration Test/T9/Meas 1/subVIs/I3C Generator.vi
e9c0a589286309bd59961e46dd8429672112bf29	src/Test measurements/Dependencies/Multiple Migration Test/T9/Meas 1/subVIs/Sine Wave Generator.vi
d3921e4c3d889ddba0cfdb8b5f37156671a46d5f	src/Test measurements/Dependencies/Multiple Migration Test/T9/Meas 1/subVIs/Square Wave Generator.vi
e326c006a6a587df417b81c46680f8c24f27972e	src/Test measurements/Dependencies/Multiple Migration Test/T9/Meas 1/subVIs/Test.vi
8ae5b1ebbefacff98bdbda60cf6135384c4356f2	src/Test measurements/Dependencies/Multiple Migration Test/T9/Meas 2/Load Voltage Measurement T9.vi
5e88ce6de88e2ec6d2768bb1c7837ddf2774b93e	src/Test measurements/Dependencies/Multiple Migration Test/T9/Meas 2/Load Voltage Sourcing and Measuring T9.vi
afe941a7088d2bb4dff039a122f310e02d3fc993	src/Test measurements/Dependencies/Multiple Migration Test/T9/Meas 2/SMU/subVIs/Configuration.vi
cfc2337c60cc7a91300f596df4ffc7cc0f622374	src/Test measurements/Dependencies/Multiple Migration Test/T9/Meas 2/SMU/subVIs/Read Measurement.vi
a490f27517e9d1954cd76dba219a27e345a9a077	src/Test measurements/Dependencies/Multiple Migration Test/T9/Meas 2/controls/Attenuation.vi
e90c4649ab85238566cf507f3930b6530ca7fe14	src/Test measurements/Dependencies/Multiple Migration Test/Voltage Measurement/Load Voltage Measurement.vi
78e87f28373d591578f426cf853ae4ce5d14d7d7	src/Test measurements/Dependencies/Multiple Migration Test/Voltage Measurement/Load Voltage Sourcing and Measuring.vi
d661cdb1d4726f8ad3b542f69710bb4c5fcc6e2d	src/Test measurements/Dependencies/Multiple Migration Test/Voltage Measurement/SMU/subVIs/Configuration.vi
8c01d3674c3f150ac76261feee499f8171d4cb0a	src/Test measurements/Dependencies/Multiple Migration Test/Voltage Measurement/SMU/subVIs/Read Measurement.vi
1c285e15b6074b6e31cac3f720701b61611633c6	src/Test measurements/Dependencies/Multiple Migration Test/Voltage Measurement/controls/Attenuation.vi
102adb53dbeb5986dbf76920d86316c4438fd5b6	src/Test measurements/Dependencies/NI SMU + DMM/DMM/DMM Measurement.vi
4c576cfa8d799c99e677d31e5173837ba3003e15	src/Test measurements/Dependencies/NI SMU + DMM/SMU/NI-DCPower Source DC Voltage.vi
3390a490ae8c03b4233dfdddcfa2976772debf89	src/Test measurements/Dependencies/NI SMU + DMM/SMU/subVIs/Configuration.vi
8ad58270795fcfdb5768b1a1b2e3804c7a701740	src/Test measurements/Dependencies/NI SMU + DMM/SMU/subVIs/Read Measurement.vi
80ab32b1fe69f5c9425d705ea108e9dfd73187de	src/Test measurements/Dependencies/NI SMU + DMM/Voltage Measurement.vi
73f3609c80ee1bdf35ae1b476390f3ffc41bba16	src/Test measurements/Dependencies/Tabs/LDO Line Transient/Helper.vi
4447f5f95b518e76606a369499231b38c3026bb0	src/Test measurements/Dependencies/Tabs/LDO Line Transient/LDO Line Transient - Flat.vi
2c7e1733230d5923e6a5c46ccd326cfb97c34843	src/Test measurements/Dependencies/Tabs/LDO Line Transient/LDO Line Transient v2 - Flat.vi
3e3e1408bcf7ca7be3f29398dae3be8bafa613b8	src/Test measurements/Dependencies/Tabs/LDO Line Transient/SubVIs/Advance Settings UI.vi
cbde5f85e99a7607f2b0e1e8f74a501be050731e	src/Test measurements/Dependencies/Tabs/LDO Line Transient/SubVIs/Calculate f for settling time calc.vi
973aff1dd8cb5bc8cde0f8564e044638776e50c3	src/Test measurements/Dependencies/Tabs/LDO Line Transient/SubVIs/Log Data.vi
b9b1e7b774ffcd58c39be964ecfbeeaac66f44d5	src/Test measurements/Dependencies/Tabs/LDO Line Transient/main.vi
f5a67f4d7067e14a53e7908b469514fead97870b	src/Test measurements/Dependencies/Testcase Scenario/T1/Load SMU Meas Folder/NIDCpower/DC Power.vi
aa49787abbd00f293c08e4a606297249bcf578ba	src/Test measurements/Dependencies/Testcase Scenario/T1/Load SMU Meas Folder/NIDMM/NIDmm.vi
6c3e78836ad5b6198f34a0edee39ecc102655190	src/Test measurements/Dependencies/Testcase Scenario/T1/Load SMU Meas Folder/Source and Measure Current in DMM.vi
6b4749e118f2f819a6d9aa01cc3b354ffc2a6190	src/Test measurements/Dependencies/Testcase Scenario/T10/DMM/Config DMM.vi
130baed1d8a67b10476742daf28e9952035c85bb	src/Test measurements/Dependencies/Testcase Scenario/T10/DMM/DMM Config.vi
559cd5a1e215e1bdd8f5e90369dc5da8692f08fe	src/Test measurements/Dependencies/Testcase Scenario/T10/DMM/Read DMM.vi
930a1fd2bd9d6db67ff3dcf880e67cc9a6aba847	src/Test measurements/Dependencies/Testcase Scenario/T10/Load and Vin SMU Measurement.vi
37fd14819a0cdada60defe286db30c66e563e110	src/Test measurements/Dependencies/Testcase Scenario/T10/subVIs/Load SMU.vi
21b7cde422855ade7b8970d2c046bada85e69b17	src/Test measurements/Dependencies/Testcase Scenario/T10/subVIs/Scope Read.vi
4394e3f534ebdad9506f52b9cf983ae6fff7bee5	src/Test measurements/Dependencies/Testcase Scenario/T10/subVIs/VIn SMU.vi
23d94e8ecfb11a829a7128863db4f462db859d98	src/Test measurements/Dependencies/Testcase Scenario/T11/First/Voltage Measurement.vi
1558f26f84491a6592a327e01c11d633c5bf379f	src/Test measurements/Dependencies/Testcase Scenario/T11/First/subVIs/Config DMM.vi
d82055432a9b9df57290a2288827b09171e67d98	src/Test measurements/Dependencies/Testcase Scenario/T11/First/subVIs/DMM Config.vi
d8f1faed9bbd65810cd014f37965afac321b52b2	src/Test measurements/Dependencies/Testcase Scenario/T11/First/subVIs/Load SMU.vi
639f628e78be7feca28da627dbfb170b51706179	src/Test measurements/Dependencies/Testcase Scenario/T11/First/subVIs/Read DMM.vi
ac925a9ef2d9727945deda71c5d03ce4a2b796e5	src/Test measurements/Dependencies/Testcase Scenario/T11/First/subVIs/Scope Read.vi
65057567fe2d6f5a57651104e19ad73b90b79027	src/Test measurements/Dependencies/Testcase Scenario/T11/First/subVIs/VIn SMU.vi
61b0cddc0ac64c204b975a24ab45f5d16a1f9e98	src/Test measurements/Dependencies/Testcase Scenario/T12/NI-DCPower Pulse Current Sequence.vi
eb773aa2153877634b64495b805f7ce54a0c8e22	src/Test measurements/Dependencies/Testcase Scenario/T12/NI-DCPower Pulse Voltage Sequence.vi
61c6699d41140a81400500d9d7e24b7dac3109de	src/Test measurements/Dependencies/Testcase Scenario/T12/NI-DCPower Source DC Current.vi
06eee205dee256dbd83d64882e232adf1b569075	src/Test measurements/Dependencies/Testcase Scenario/T12/NI-DCPower Source DC Voltage.vi
cb238f38dd3a1c444c98f72ea56b51a723cc8965	src/Test measurements/Dependencies/Testcase Scenario/T2/Different Libraries/Main/Load and Vin SMU Measurement.vi
a042849bd82eb09409b81c101144cbd0b88462ad	src/Test measurements/Dependencies/Testcase Scenario/T2/Different Libraries/Main/subVIs/Load SMU.vi
72f09d08d2f4a6d9a7dc7cde85956177a69d17d3	src/Test measurements/Dependencies/Testcase Scenario/T2/Different Libraries/Main/subVIs/Outside.vi
1bd7a449c0d7a16827e52e67346fd8aa550538ef	src/Test measurements/Dependencies/Testcase Scenario/T2/Different Libraries/Main/subVIs/Scope Read.vi
e44d07a7cb5aed57f239eb01275c7445303d81cd	src/Test measurements/Dependencies/Testcase Scenario/T2/Different Libraries/Main/subVIs/VIn SMU.vi
9c8141fa43c78fefa55eb4efceab5e456275c0d7	src/Test measurements/Dependencies/Testcase Scenario/T2/Different Libraries/subVIs/Config DMM.vi
bfe5ec5ea295e6e7b44d490078a27dc5ac296e79	src/Test measurements/Dependencies/Testcase Scenario/T2/Different Libraries/subVIs/DMM Config.vi
bb3de3fac0ec1b73634e52455db579eca45e6104	src/Test measurements/Dependencies/Testcase Scenario/T2/Different Libraries/subVIs/Read DMM.vi
49e222801c264ed57778fd0e316adc43d54b1aad	src/Test measurements/Dependencies/Testcase Scenario/T3/Load and Vin SMU Measurement.vi
010bc2777996a9957be004358d6daf214474db08	src/Test measurements/Dependencies/Testcase Scenario/T3/subVIs/Config DMM.vi
3f11101a66fcbe9857886cf831e990e477ff9a52	src/Test measurements/Dependencies/Testcase Scenario/T3/subVIs/DMM Config.vi
5823fcc3db6413258b6121ae6603901a3cf569fe	src/Test measurements/Dependencies/Testcase Scenario/T3/subVIs/Load SMU.vi
bb1827617daadfee458adc1066d15b1cead7b2f9	src/Test measurements/Dependencies/Testcase Scenario/T3/subVIs/Outside.vi
bec8915a2aa2553321d048d0f243b738423e9fab	src/Test measurements/Dependencies/Testcase Scenario/T3/subVIs/Read DMM.vi
bc530a657d71b0a32c0a298f2c4b1d27223b39b3	src/Test measurements/Dependencies/Testcase Scenario/T3/subVIs/Scope Read.vi
45ac5b150438d95d140fec464210654a105f5261	src/Test measurements/Dependencies/Testcase Scenario/T3/subVIs/VIn SMU.vi
42206d0df9b4dcaa0d387cf974d4566f4f8514e2	src/Test measurements/Dependencies/Testcase Scenario/T4/Two Fgen Module.vi
7a3c04d3734dd4e2b51f3f2d0923f35bf4fa0db6	src/Test measurements/Dependencies/Testcase Scenario/T4/subVIs/I2C Generator.vi
3b306dc0ea690659752f482054f8b221a7057534	src/Test measurements/Dependencies/Testcase Scenario/T4/subVIs/I3C Generator.vi
25f4aa66e40cec33d23e3f8b94d7f537fc788bad	src/Test measurements/Dependencies/Testcase Scenario/T4/subVIs/Sine Wave Generator.vi
6210cfc64314b15f0494e397c5200dbab2ffafa9	src/Test measurements/Dependencies/Testcase Scenario/T4/subVIs/Square Wave Generator.vi
6b4749e118f2f819a6d9aa01cc3b354ffc2a6190	src/Test measurements/Dependencies/Testcase Scenario/T5/DMM/Config DMM.vi
130baed1d8a67b10476742daf28e9952035c85bb	src/Test measurements/Dependencies/Testcase Scenario/T5/DMM/DMM Config.vi
559cd5a1e215e1bdd8f5e90369dc5da8692f08fe	src/Test measurements/Dependencies/Testcase Scenario/T5/DMM/Read DMM.vi
4d0f57a9bbc52cb6a1316946a1bad3519554f2ff	src/Test measurements/Dependencies/Testcase Scenario/T5/Load and Vin SMU Measurement.vi
2d73af80df01dc62c9923428a18f548c85cbe6ae	src/Test measurements/Dependencies/Testcase Scenario/T5/SMU/Load SMU.vi
825e905d887568bf69f71b711ebd14be00d60393	src/Test measurements/Dependencies/Testcase Scenario/T5/SMU/Scope Read.vi
415dc270ccdf064717dad1c5dc4a6e894094a1c8	src/Test measurements/Dependencies/Testcase Scenario/T5/SMU/VIn SMU.vi
2d68a754cb881a7901ddf93b57956ae166c1d5a3	src/Test measurements/Dependencies/Testcase Scenario/T5/subVIs/Outside.vi
6b4749e118f2f819a6d9aa01cc3b354ffc2a6190	src/Test measurements/Dependencies/Testcase Scenario/T6/DMM/Config DMM.vi
130baed1d8a67b10476742daf28e9952035c85bb	src/Test measurements/Dependencies/Testcase Scenario/T6/DMM/DMM Config.vi
559cd5a1e215e1bdd8f5e90369dc5da8692f08fe	src/Test measurements/Dependencies/Testcase Scenario/T6/DMM/Read DMM.vi
611c13e1fca3ceb9f8043ec1e8d8524ea251fec1	src/Test measurements/Dependencies/Testcase Scenario/T6/Load and Vin SMU Measurement.vi
978efc57f606ed4880dc0311096272a3008f6faf	src/Test measurements/Dependencies/Testcase Scenario/T6/subVIs/Load SMU.vi
aa6916ce318a609648d888a16bcdd181971468e7	src/Test measurements/Dependencies/Testcase Scenario/T6/subVIs/Scope Read.vi
04c3bc44b666bc1389fd1b121bd8ea9736841c73	src/Test measurements/Dependencies/Testcase Scenario/T6/subVIs/VIn SMU.vi
95cac9b3a2794714378d52f248c72c47a237f844	src/Test measurements/Dependencies/Testcase Scenario/T7/NI-DCPower Source DC Current.vi
0ea1fe278984ce3b3fc5cfe192aed85a6bea5922	src/Test measurements/Dependencies/Testcase Scenario/T7/subVIs/Configuration.vi
424f5dea8e1ceb7b8365c3718c9b8d42121d26b1	src/Test measurements/Dependencies/Testcase Scenario/T7/subVIs/Reading Measurements.vi
f0e455f806b8a6486ab76ba09837b32213433001	src/Test measurements/Dependencies/Testcase Scenario/T8/NI-DCPower Source DC Voltage.vi
6b4749e118f2f819a6d9aa01cc3b354ffc2a6190	src/Test measurements/Dependencies/Testcase Scenario/T9/DMM/Config DMM.vi
130baed1d8a67b10476742daf28e9952035c85bb	src/Test measurements/Dependencies/Testcase Scenario/T9/DMM/DMM Config.vi
559cd5a1e215e1bdd8f5e90369dc5da8692f08fe	src/Test measurements/Dependencies/Testcase Scenario/T9/DMM/Read DMM.vi
696085ebe21da4216e8becdc8086e8138287d6c8	src/Test measurements/Dependencies/Testcase Scenario/T9/Load and Vin SMU Measurement.vi
be57a32379a08031b9f173fec9b24b2274457aea	src/Test measurements/Dependencies/Testcase Scenario/T9/subVIs/Load SMU.vi
ea4bcb5c3d60d97bcb83abe77c96278fde372fd5	src/Test measurements/Dependencies/Testcase Scenario/T9/subVIs/Scope Read.vi
80d6026c37421e442e10754197a098e549deecab	src/Test measurements/Dependencies/Testcase Scenario/T9/subVIs/VIn SMU.vi
69c01e6828eac232d0dfbc477130a575b0970080	src/Test measurements/IMD/2-channel stereo/ADVM - AC Characteristics 2 Channel Measurements.vi
c78c5d8152f9fc86674ed3f694393349f3732870	src/Test measurements/IMD/2-channel stereo/Audio Plugin UI Meas Ser1 - multichannel.vi
151a1ab10a9d2ba04caff13dfc5a813361bc3118	src/Test measurements/IMD/Audio Plugin UI Meas Ser1.vi
d17159c83fbe0ac60b1ff2c0ed6304526c270ad4	src/Test measurements/IMD/Crosstalk/ADVM - Crosstalk Measurements.vi
5c1426bb46afe5a337721cfc1eeb56d7f2cf1f5a	src/Test measurements/IMD/Crosstalk/Crosstalk POC.vi
6e69826c25ff0464b83ecc214c054ae7de54a6f0	src/Test measurements/IMD/IMD/IMD_MeasService/intermodulationDistortion/IMD_POC/Advanced/Build Assets/Post-Build Action.vi
6d67c495090483647c6bd7ef4452bd9551777d12	src/Test measurements/IMD/IMD/IMD_MeasService/intermodulationDistortion/IMD_POC/Advanced/Get Plugin Paths.vi
8131b8a9ed26044019a120962982bcfe18c41749	src/Test measurements/IMD/IMD/IMD_MeasService/intermodulationDistortion/IMD_POC/Advanced/Pack For Grpc.vi
6a1e50ed70196d823b2286c6e966eb7b58183df0	src/Test measurements/IMD/IMD/IMD_MeasService/intermodulationDistortion/IMD_POC/Advanced/Unpack For Grpc.vi
d8795ef903fd536216a37ea29f142bfdd9ba03d1	src/Test measurements/IMD/IMD/IMD_MeasService/intermodulationDistortion/IMD_POC/Configure PCM Settings.vi
dd73cc8902fe2f804a8664898fa31474a0c10208	src/Test measurements/IMD/IMD/IMD_MeasService/intermodulationDistortion/IMD_POC/Convert dBFS to V.vi
24a87b8911ab5068554febcc576d882d4285df1b	src/Test measurements/IMD/IMD/IMD_MeasService/intermodulationDistortion/IMD_POC/Generate multi tone waveform.vi
01257310ece2a883256413c1e460d437320935fb	src/Test measurements/IMD/IMD/IMD_MeasService/intermodulationDistortion/IMD_POC/Get Measurement Details.vi
43f6074396f162fe98c14afa6939f668737584a2	src/Test measurements/IMD/IMD/IMD_MeasService/intermodulationDistortion/IMD_POC/Get Type Specializations.vi
0284c09ea1b7c9c4e58c792460a8743bddab87fc	src/Test measurements/IMD/IMD/IMD_MeasService/intermodulationDistortion/IMD_POC/Get UI Details.vi
8e73c0817d198fd2d835c3ffbb2535230b18390a	src/Test measurements/IMD/IMD/IMD_MeasService/intermodulationDistortion/IMD_POC/Measurement Logic.vi
b09d2a98d76a928fdb8d562bccc6790fc09c7019	src/Test measurements/IMD/IMD/IMD_MeasService/intermodulationDistortion/IMD_POC/Measurement UI.vi
7885605239ecdd9c53bab62a504ccfb239bb7d21	src/Test measurements/IMD/IMD/IMD_MeasService/intermodulationDistortion/IMD_POC/Perform Audio Measurements.vi
d0f923f0b39b968661e360c77b312f84bbd7c734	src/Test measurements/IMD/IMD/IMD_MeasService/intermodulationDistortion/IMD_POC/Run Service.vi
f9e3de26d296b95ac998593615e444ab9235d5cf	src/Test measurements/IMD/IMD/IMD_POC/ADVM_IntermodulationDistortion_POC.vi
fa5af05011d7c427139b7b63bcea17add429bb8a	src/Test measurements/IMD/IMD/IMD_POC/Convert dBFS to V.vi
f1c221e7f06710f547bd187702f2c3ea89ad2891	src/Test measurements/IMD/Protocols/I2S Protocol MeasurementLink Prototype/audio_acMeasurement/Advanced/Build Assets/Post-Build Action.vi
7199fe604aea0cfb61710727214d95fdb746b502	src/Test measurements/IMD/Protocols/I2S Protocol MeasurementLink Prototype/audio_acMeasurement/Advanced/Get Plugin Paths.vi
14ded24e6b4aed1cf23201972555c149bcb9cbc9	src/Test measurements/IMD/Protocols/I2S Protocol MeasurementLink Prototype/audio_acMeasurement/Advanced/Pack For Grpc.vi
6db324a08b2340a8af7d5e1cea0b8db7bce3a8d4	src/Test measurements/IMD/Protocols/I2S Protocol MeasurementLink Prototype/audio_acMeasurement/Advanced/Unpack For Grpc.vi
2492e5f371082cbe0160d9d073f4a7053c15080a	src/Test measurements/IMD/Protocols/I2S Protocol MeasurementLink Prototype/audio_acMeasurement/Get Measurement Details.vi
7635a3425ef10148d30b4d97f6a1559b64190011	src/Test measurements/IMD/Protocols/I2S Protocol MeasurementLink Prototype/audio_acMeasurement/Get Type Specializations.vi
bda344cbdff72a63a9180715b784cc7ba24ce9aa	src/Test measurements/IMD/Protocols/I2S Protocol MeasurementLink Prototype/audio_acMeasurement/Get UI Details.vi
c14af973017221a98b0e1b85edb8ae46fdf2a4a8	src/Test measurements/IMD/Protocols/I2S Protocol MeasurementLink Prototype/audio_acMeasurement/Measurement Logic.vi
e4b528d35a9216faeb119e28b76a206d8e9db3c8	src/Test measurements/IMD/Protocols/I2S Protocol MeasurementLink Prototype/audio_acMeasurement/Measurement UI.vi
8585e35be1c6ed2007d1163241f652b45d2f0e75	src/Test measurements/IMD/Protocols/I2S Protocol MeasurementLink Prototype/audio_acMeasurement/Run Service.vi
7bf9afd482a92faee1e511992309363de7b3ce7a	src/Test measurements/IMD/Protocols/I2S Protocol MeasurementLink Prototype/audio_acMeasurement/subVIs/Configure I2S settings.vi
af1082be7153a0d6d8c2ca9da8a5ef6c204d3b68	src/Test measurements/IMD/Protocols/I2S Protocol MeasurementLink Prototype/audio_acMeasurement/subVIs/Generate single tone waveform.vi
ab9e2ed16242e19f9a65c9a3fa9e1af45b21fd80	src/Test measurements/IMD/Protocols/I2S Protocol MeasurementLink Prototype/audio_acMeasurement/subVIs/Perform Audio Measurements.vi
0de709c5b75a71bd318492395a238002ac5c0f07	src/Test measurements/IMD/Protocols/JSON File creation/Save Protocol Settings.vi
f1c221e7f06710f547bd187702f2c3ea89ad2891	src/Test measurements/IMD/Protocols/POC for refresh the filename/audio_acMeasurement/Advanced/Build Assets/Post-Build Action.vi
7199fe604aea0cfb61710727214d95fdb746b502	src/Test measurements/IMD/Protocols/POC for refresh the filename/audio_acMeasurement/Advanced/Get Plugin Paths.vi
14d250101eab06891f36e0e81299b8acc841cdd1	src/Test measurements/IMD/Protocols/POC for refresh the filename/audio_acMeasurement/Advanced/Pack For Grpc.vi
ebfe2887c32b161ffd43e206ddfa344968f20f7e	src/Test measurements/IMD/Protocols/POC for refresh the filename/audio_acMeasurement/Advanced/Unpack For Grpc.vi
2492e5f371082cbe0160d9d073f4a7053c15080a	src/Test measurements/IMD/Protocols/POC for refresh the filename/audio_acMeasurement/Get Measurement Details.vi
7635a3425ef10148d30b4d97f6a1559b64190011	src/Test measurements/IMD/Protocols/POC for refresh the filename/audio_acMeasurement/Get Type Specializations.vi
bda344cbdff72a63a9180715b784cc7ba24ce9aa	src/Test measurements/IMD/Protocols/POC for refresh the filename/audio_acMeasurement/Get UI Details.vi
c38f2aeaa75b5548df0f1200b080324a28bae698	src/Test measurements/IMD/Protocols/POC for refresh the filename/audio_acMeasurement/Measurement Logic.vi
02b3cf2a0994b9d16e2d86468247e433d571cc59	src/Test measurements/IMD/Protocols/POC for refresh the filename/audio_acMeasurement/Measurement UI.vi
8585e35be1c6ed2007d1163241f652b45d2f0e75	src/Test measurements/IMD/Protocols/POC for refresh the filename/audio_acMeasurement/Run Service.vi
1aa1f94a2b46c4b43698334f9dd8e19a3ccc45ce	src/Test measurements/IMD/Protocols/POC for refresh the filename/audio_acMeasurement/subVIs/Generate single tone waveform.vi
cc4b3b0610a44601eb70dba11eec3b89358b78d0	src/Test measurements/IMD/Protocols/POC for refresh the filename/audio_acMeasurement/subVIs/Perform Audio Measurements.vi
a6bca8616da663318465b24c69e773f66c453295	src/Test measurements/IMD/Protocols/POC/Cirrus Logic/Finite Acquisition (I2S) - old API.vi
061f0d8508355b1499a3a52412797202f3abd807	src/Test measurements/IMD/Protocols/POC/Cirrus Logic/FlexibleBlock - Finite PCM Acquisition(Slave) - I2S.vi
04303e2537fe162235cc2663c974f12bdf97fce5	src/Test measurements/IMD/Protocols/POC/Cirrus Logic/FlexibleBlock - Finite PCM Acquisition(Slave) - Left justified.vi
44ec7e5ac14e1228bd6c6c58c43f0497f5aba431	src/Test measurements/IMD/Protocols/POC/TI/FlexibleBlock - Finite PCM Acquisition(Slave) - I2S new TI.vi
0f778bf6122c0dfda2e09e9bc79428e28f4db0d4	src/Test measurements/IMD/Protocols/POC/TI/FlexibleBlock - Finite PCM Acquisition(Slave) - Left justified TI.vi
14ece0289dfea4d724fdcb51516b6b888faa9672	src/Test measurements/IMD/Protocols/POC/TI/FlexibleBlock - Finite PCM Acquisition(Slave) - Right Justified TI.vi
12897217d2497377b1ac5b0e0ad246f3cdf6e232	src/Test measurements/IMD/Protocols/POC/TI/FlexibleBlock - Finite PCM Acquisition(Slave) - TDM TI.vi
06e0fa31722ce2b36bbd556eda787a9742d5f7e5	src/Test measurements/IMD/Prototype for Audio AC Measurement Python/audio_ac/Create AC Measurement DLL/Acquire PDM Waveform.vi
dd014c7a76a5b7fc397fceb0d4ddf045a252a5f3	src/Test measurements/IMD/Prototype for Audio AC Measurement Python/audio_ac/Create AC Measurement DLL/Configure Sine.vi
03196197515b49915eb8e76418f663c4d47447e1	src/Test measurements/IMD/Prototype for Audio AC Measurement Python/audio_ac/Create AC Measurement DLL/DVR To Obj.vi
f809ca53568976f2cd87210314a164b50af6cc4d	src/Test measurements/IMD/Prototype for Audio AC Measurement Python/audio_ac/Create AC Measurement DLL/Dependencies/Build Channel List.vi
0e313a782a45685c7f699df38e9a0d261934be68	src/Test measurements/IMD/Prototype for Audio AC Measurement Python/audio_ac/Create AC Measurement DLL/Dependencies/Configure Protocol Settings.vi
0ae7443c19597fe890580e0836c654d032a480f9	src/Test measurements/IMD/Prototype for Audio AC Measurement Python/audio_ac/Create AC Measurement DLL/Dependencies/Detected PDMs.vi
95a152d4a80be4c290a208d0567e7eebbe5b6656	src/Test measurements/IMD/Prototype for Audio AC Measurement Python/audio_ac/Create AC Measurement DLL/Dependencies/Measurement to Protocol settings.vi
e2f533dab7611afb970d229f492b94d00124dd18	src/Test measurements/IMD/Prototype for Audio AC Measurement Python/audio_ac/Create AC Measurement DLL/Dependencies/Update Protocol UI Controls.vi
6b2062be7f6bea95dfa5b9d69778a82d6f984759	src/Test measurements/IMD/Prototype for Audio AC Measurement Python/audio_ac/Create AC Measurement DLL/Dependencies/Volts to dB.vi
3d33c5b9b9d11263be98c4972cd75c045a6acb00	src/Test measurements/IMD/Prototype for Audio AC Measurement Python/audio_ac/Create AC Measurement DLL/Dependencies/dB to volts.vi
acbccb214505ba8ac8829c7ee3a91de7f01437a3	src/Test measurements/IMD/Prototype for Audio AC Measurement Python/audio_ac/Create AC Measurement DLL/Get DAQmx Product name.vi
a9cba3550e18b7ccdaf77b1cf6614ac652cdd60c	src/Test measurements/IMD/Prototype for Audio AC Measurement Python/audio_ac/Create AC Measurement DLL/Initialize PDM Acquisition.vi
bf2fc5037d171dab35435fbcd0484b3fedafd5ad	src/Test measurements/IMD/Prototype for Audio AC Measurement Python/audio_ac/Create AC Measurement DLL/Obj To DVR.vi
b830d869801617632cf97d05047173d853f5f4aa	src/Test measurements/IMD/Prototype for Audio AC Measurement Python/audio_ac/Create AC Measurement DLL/Perform Measurement.vi
b44b5fbb1676ca652b0016b8457816ab4b25651e	src/Test measurements/IMD/Prototype for Audio AC Measurement Python/audio_ac/Create AC Measurement DLL/Set Properties.vi
3e5ea89c74c3a8788a7edb48f9937371fcd0984f	src/Test measurements/IMD/Prototype for Audio AC Measurement Python/audio_ac/Create AC Measurement DLL/Waveform Gen.vi
e2ddc3eb000a9c6ca4bebf3d2abd22961cbb0bca	src/Test measurements/IMD/Prototype for Audio AC Measurement Python/audio_ac/Create AC Measurement DLL/db_to_volts.vi
a89a4dc64d34521a8e41d8fac2b26ecc8d995965	src/Test measurements/IMD/Prototype for Audio AC Measurement Python/audio_ac/Create AC Measurement DLL/test.vi
b2599cf5d7551e90e1ce5d7f014eee5babbc2faa	src/Test measurements/IMD/Prototype for Audio AC Measurement Python/audio_ac/Create AC Measurement DLL/time.vi
8786e902f58ddec6f0e12fe57e4162627b92ba4a	src/Test measurements/IMD/Prototype for modal dialog/measurement proto on modal dialog/ac/audio_UI/Measurement UI.vi
f1c221e7f06710f547bd187702f2c3ea89ad2891	src/Test measurements/IMD/Prototype for modal dialog/measurement proto on modal dialog/ac/audio_acMeasurement/Advanced/Build Assets/Post-Build Action.vi
7199fe604aea0cfb61710727214d95fdb746b502	src/Test measurements/IMD/Prototype for modal dialog/measurement proto on modal dialog/ac/audio_acMeasurement/Advanced/Get Plugin Paths.vi
fbf4cc88e51c9f7769ddfdd540c36e8e729a9cef	src/Test measurements/IMD/Prototype for modal dialog/measurement proto on modal dialog/ac/audio_acMeasurement/Advanced/Pack For Grpc.vi
f49f691bcb591229ab79c2525f2c892917ee8d56	src/Test measurements/IMD/Prototype for modal dialog/measurement proto on modal dialog/ac/audio_acMeasurement/Advanced/Unpack For Grpc.vi
1141c163aebd9e9ba097892e7979020636810e4a	src/Test measurements/IMD/Prototype for modal dialog/measurement proto on modal dialog/ac/audio_acMeasurement/Get Measurement Details.vi
d6574c2d6f5a63461964b5052872e0e180e41d7e	src/Test measurements/IMD/Prototype for modal dialog/measurement proto on modal dialog/ac/audio_acMeasurement/Get Type Specializations.vi
3f5030c4ce000f8c9f1faa355aaa2b5e7b5fece8	src/Test measurements/IMD/Prototype for modal dialog/measurement proto on modal dialog/ac/audio_acMeasurement/Get UI Details.vi
4bcf56f8bf5f9ac93fa91991c556b85c37932539	src/Test measurements/IMD/Prototype for modal dialog/measurement proto on modal dialog/ac/audio_acMeasurement/Measurement Logic.vi
28ce0fd87985c613fed52a11084dce622e3b918e	src/Test measurements/IMD/Prototype for modal dialog/measurement proto on modal dialog/ac/audio_acMeasurement/Run Service.vi
bd43ddc618add19fc7c45469f62ff10763403e10	src/Test measurements/IMD/Prototype for modal dialog/measurement proto on modal dialog/ac/audio_acMeasurement/subVIs/Generate single tone waveform.vi
cc25a066601db0ac4a0655a6212b24bcb49285f5	src/Test measurements/IMD/Prototype for modal dialog/measurement proto on modal dialog/ac/audio_acMeasurement/subVIs/Perform Audio Measurements.vi
39d58e596114f4e0d4eb2ab0b56577a54aedeb8b	src/Test measurements/IMD/Prototype for modal dialog/shared/audio_dependencies/File Popup For Load.vi
bef37d73584a1c075caf42332f49f336f0886ef6	src/Test measurements/IMD/Prototype for modal dialog/shared/audio_dependencies/File Popup For Save as.vi
f9ecfb8382f5ee77a9a76ff6a4c301eb2d60392d	src/Test measurements/IMD/Prototype for modal dialog/shared/audio_dependencies/File Popup For Save.vi
b7bfe86b80719134ca7e00a3bb0f7880c340cebc	src/Test measurements/IMD/Prototype for modal dialog/shared/audio_dependencies/Modal Sub-VI.vi
a38832f3caef69709205b3fd116f40614c644992	src/Test measurements/IMD/Prototype for modal dialog/shared/subVIs/Configure Protocol Settings.vi
09b0ac372881822fd39971860b92c56fb4b0ce6a	src/Test measurements/IMD/Prototype for modal dialog/shared/subVIs/Read Protocol Settings from JSON.vi
4fc68aaf1f061dfc2252792450a1149760df635d	src/Test measurements/LDO/LDO Line Regulation/Flat.vi
b30e6494b29246b38891956704002ee5a12b253f	src/Test measurements/LDO/LDO Line Regulation/Helper.vi
319d8b4774a7e6da892f0792af5026a0d3b4bff8	src/Test measurements/LDO/LDO Line Regulation/SubVIs/Advance Settings UI.vi
b540b2c5c1ca61b674e725bc6cf154a77916bbe8	src/Test measurements/LDO/LDO Line Regulation/SubVIs/Log Data.vi
0e1d06a8ec1597203c9374de4c342dc1d3c3ede9	src/Test measurements/LDO/LDO Line Regulation/main.vi
974977f8ee8c690ded99b95973f4fe5d3f17c7b0	src/Test measurements/LDO/LDO Load Regulation/Flat.vi
1f7f1c530d913552826ac92ba098334a127c2211	src/Test measurements/LDO/LDO Load Regulation/Helper.vi
6fb61360a994026388d13e6a8d56f9f2980e8386	src/Test measurements/LDO/LDO Load Regulation/SubVIs/Advance Settings UI.vi
f40b61fc865092fd4815bada4cc57590f0b1d82d	src/Test measurements/LDO/LDO Load Regulation/SubVIs/Log Data.vi
fdf788d12644d43c7a7aa48afb1055f80ba79a78	src/Test measurements/LDO/LDO Load Regulation/main.vi
d09e5e4855fc2ada242ce6dc136126c48631e2b1	src/Test measurements/LDO/LDO Load Transient/Helper.vi
7445e10e9506d8cd3df38e3051eaa642522c0301	src/Test measurements/LDO/LDO Load Transient/LDO Load Transient - Flat.vi
72f137fc5f6c652e5b25b59628121f1e626d8835	src/Test measurements/LDO/LDO Load Transient/SubVIs/Advance Settings UI.vi
5c0d3f9d5ce3889b66897dcfb964200bb19bbf05	src/Test measurements/LDO/LDO Load Transient/SubVIs/Build SMU Waveform.vi
6a8ba9be5ce909f2814606ab6ffe2c284ba80b0e	src/Test measurements/LDO/LDO Load Transient/SubVIs/Calculate Scope Acquired Time.vi
1aa989e0f7374d184addb8502509b6a282622d37	src/Test measurements/LDO/LDO Load Transient/SubVIs/Check Scope on-board memory.vi
932c1706d026c3b137b6386a191a8ba83aa81428	src/Test measurements/LDO/LDO Load Transient/SubVIs/Current Measurement.vi
4378d31f8e254edae1627b5e54b997adf71018e0	src/Test measurements/LDO/LDO Load Transient/SubVIs/Generate load Current Sequence.vi
de3807e778e68ccfb5a75b7526e8edd660cd7e01	src/Test measurements/LDO/LDO Load Transient/SubVIs/Get Current Measurement Option.vi
05b680f35bbaefdcade9dcd03ae63653701a6026	src/Test measurements/LDO/LDO Load Transient/SubVIs/Get SMU Buffer Size.vi
e0c8173d542535e335fc8aff66ea679169298c6c	src/Test measurements/LDO/LDO Load Transient/SubVIs/Log Data.vi
e4fe7549531feea67393bdbce67f813ec14598ff	src/Test measurements/LDO/LDO Load Transient/SubVIs/Scope Measurement.vi
3d588628711309ac04027efa35a8b24805fbf635	src/Test measurements/LDO/LDO Load Transient/SubVIs/Set Current Sequence.vi
1fc136f80b75e8ab26cedf21026ce4e81ce0515d	src/Test measurements/LDO/LDO Load Transient/SubVIs/Waveform to XY Graph.vi
f9c09959034f2976a823c020a53016d01bf0da27	src/Test measurements/LDO/LDO Load Transient/main.vi
2c5286c097dac4aa1540e316b6b47f0da40f3cc1	src/Test measurements/LDO/LDO Load Transient_AWG/Helper.vi
9c87118052b4864a323f902e96911df61af0bcb4	src/Test measurements/LDO/LDO Load Transient_AWG/SubVIs/AWG Waveform Generator.vi
4d9513019e359b13961268f9852f1084faa73fc7	src/Test measurements/LDO/LDO Load Transient_AWG/SubVIs/Advance Settings UI.vi
f23a4e41c481f35ea2f15095ff7957a6230743d6	src/Test measurements/LDO/LDO Load Transient_AWG/SubVIs/Calculate Scope Acquired Time.vi
a9b6c1a92af42aa026eb2f61fba9a79358c68b86	src/Test measurements/LDO/LDO Load Transient_AWG/SubVIs/Calculate Slope Timing.vi
231e9a08b2f82b2c1b05f18d82a4543fda87bd07	src/Test measurements/LDO/LDO Load Transient_AWG/SubVIs/Check Scope on-board memory.vi
661aadeab9e1cafc92cb60ad0fbd03a4fbb8a4b9	src/Test measurements/LDO/LDO Load Transient_AWG/SubVIs/Create Waveform.vi
95f15c995ce273d3cbe9b9bcca33515cc1de9408	src/Test measurements/LDO/LDO Load Transient_AWG/SubVIs/Get Record Length.vi
0b97bb409611b66d91112a79d6726490f0c9a8d0	src/Test measurements/LDO/LDO Load Transient_AWG/SubVIs/Get SMU Buffer Size.vi
a5bd5198f7f1f74a47e51a71ee1eb6b2e3147601	src/Test measurements/LDO/LDO Load Transient_AWG/SubVIs/Log Data.vi
7b20baa2708ffa567f82460bd888036c2ecc108c	src/Test measurements/LDO/LDO Load Transient_AWG/SubVIs/Scope Measurement.vi
b8167670964d33f47f15edf068906ab7fc8a699d	src/Test measurements/LDO/LDO Load Transient_AWG/SubVIs/SlewRate Validity.vi
a2c8601182c4fd5eeb5bcf9f097b9a626bf9ae28	src/Test measurements/LDO/LDO Load Transient_AWG/SubVIs/Waveform to XY Graph.vi
78edef2d131c3bb4373f8aedc812bafb06c958f1	src/Test measurements/LDO/LDO Load Transient_AWG/Temp/AWG Waveform Generator.vi
51db4d04216de8ecccb5b9f1743e1a676279eae1	src/Test measurements/LDO/LDO Load Transient_AWG/Temp/AWG Waveform Generator_Edited.vi
18971fa800a5c7feeaebd18c988b327848a0812f	src/Test measurements/LDO/LDO Load Transient_AWG/Temp/Create Waveform.vi
b11ca4175b2c6cf05b3623437438716033869c95	src/Test measurements/LDO/LDO Load Transient_AWG/Temp/WaveformDataArray.vi
49c1a6eb0cfadf746d4d48747952427b5d8bec0c	src/Test measurements/LDO/LDO Load Transient_AWG/main.vi
6db0848043dbfa6e28da4d57f00ec3f907f2047b	src/Test measurements/LDO/LDO PSRR/Helper.vi
b9fd297afdbad1eebd726061ef623d829ce6d120	src/Test measurements/LDO/LDO PSRR/SubVIs/Advance Settings UI.vi
736fc89933bd8dbc7f628440d02c7613ddf855fd	src/Test measurements/LDO/LDO PSRR/SubVIs/Check Sampling Rate and Record Length Support.vi
f7128bd8d1096b5f8592af753bbd8b49fa9dbbc7	src/Test measurements/LDO/LDO PSRR/SubVIs/Configure Horizontal Timing.vi
e0253ecc285d1efadff89c58bf26f469b2029743	src/Test measurements/LDO/LDO PSRR/SubVIs/Extract Peak-Peak Voltage.vi
17e83d8b75dd0415184d3a6c3c01e5cc2f38b19b	src/Test measurements/LDO/LDO PSRR/SubVIs/Format Step Size Data.vi
4ad8311cd430c522dbe656b09df2b5b6da8fd80c	src/Test measurements/LDO/LDO PSRR/SubVIs/Horizontal Timing calculation.vi
43bf59b5c8a2292507d57eac5dcc07f9fc0f02a4	src/Test measurements/LDO/LDO PSRR/SubVIs/Limit Record Length.vi
7d6dd99c90ae65c0ccedc88bf7df76d37a0e4508	src/Test measurements/LDO/LDO PSRR/SubVIs/Log Data.vi
4680850ce9f25cf5245be5c881dfd3aa83983622	src/Test measurements/LDO/LDO PSRR/SubVIs/Measure Voltage Waveform.vi
4b98e9c8c8e73dfc76851566f1f906283950460a	src/Test measurements/LDO/LDO PSRR/flat.vi
ba284c24d41add7f19a35f99a1d8f116f8c6b9c4	src/Test measurements/LDO/LDO PSRR/main.vi
5bb46090746c9ebfd9cf145bb36e1a8127c5ee50	src/Test measurements/N Session M Instrument/2 Agilent DC Power  + 1 Agilent DMM/Agilent N6700 Series Configure Voltage.vi
7dbc2c2b294cf89b8abf93f4cb28c0b50d077916	src/Test measurements/N Session M Instrument/2 Agilent DC Power  + Agilent DMM/Agilent N6700 Series Configure Voltage.vi
54978323f859b7c90436a21bc33cfd6293e10a3f	src/Test measurements/N Session M Instrument/2 niDCPower + 1 niDMM/SMU Measurement.vi
723365b7b1409c7715855892678823325ef369cf	src/Test measurements/N Session M Instrument/2 niDCPower + 2 niDMM + 1 Tektronix Scope/Load and Vin SMU Measurement.vi
5ae7da6df3f6f12070fbc5a4e9c847fe42e0fd24	src/Test measurements/N Session M Instrument/2 niDCPower + 2 niDMM/Load and Vin SMU Measurement.vi
5851546e98f30afa054a410bba5aad5915fccf9f	src/Test measurements/N Session M Instrument/2 niFgen + 2 niDigital/Two Fgen Module.vi
0c2c4f8b15e4e95b2944f06841f2901111514843	src/Test measurements/N Session M Instrument/2 niScope + 2 niDigital/niScope EX Getting Started.vi
d51b015f35ebae108d5ba56d17092a9e9baaac22	src/Test measurements/N Session One Instrument/NI DC Power/Load and Vin SMU Measurement.vi
10c065b074a39d24aab37cf9f74b604bb047feff	src/Test measurements/N Session One Instrument/NI DMM/DMM Measurement.vi
66f099293da1c2543e5379ec7d94af8a433e6476	src/Test measurements/N Session One Instrument/NI Digital/NI-Digital Loopback and Compare.vi
6a78cf93f5893826d2e1f54ff6c2fcd9497c7da1	src/Test measurements/N Session One Instrument/NI Digital/SPI.vi
12f1b20e6b205d548a943218b505fadb21fec8b2	src/Test measurements/N Session One Instrument/NI Fgen/Two Fgen Module.vi
bfde5e8a1437e4366cd0754f32482acdfe6fe6a5	src/Test measurements/N Session One Instrument/NI Scope/Two niScope EX Getting Started.vi
01a8a6a48a3a3f6b8a22928bb7cb4978d9376ec3	src/Test measurements/N Session One Instrument/VISA/Agilent DC Power/Two Agilent N6700 Series Configure Voltage.vi
e6aab146bf64107af141c300aff3c55b0aff9d71	src/Test measurements/N Session One Instrument/VISA/Keithley DCPower/Keithley 24XX Read Single.vi
b46f4d92b5363ea56e59342e24724eaff0ce486f	src/Test measurements/N Session One Instrument/VISA/Tektronix Scope/Tektronix Series Read Horizontal Settings.vi
d5e983e1387eb92635cbd59e191346393b42d6f1	src/Test measurements/One Session N Instrument/NI + VISA/NI DCPower and DMM + Agilent DCpower and DMM/Source and Measure Current in DMM.vi
780251a19d9bac0ad9e6c2ed092ce7884eef6085	src/Test measurements/One Session N Instrument/NI + VISA/niDCPower + Agilent DMM/Source Voltage and Measure using DMM.vi
008fa697504d2b3a76728d35182e7a29c17bb888	src/Test measurements/One Session N Instrument/NI + VISA/niDCpower + Agilent DMM + Tektronix Scope - Copy/Source Measure and Visualize.vi
b8f3f4488b5c6b927e9859ac33f60fbe3e70d1fd	src/Test measurements/One Session N Instrument/NI + VISA/niDCpower + Agilent DMM + Tektronix Scope/Source Measure and Visualize.vi
ad4dade3b15f81136e1e0f928507e92056e684eb	src/Test measurements/One Session N Instrument/NI Instruments/DAQ + DCPower/DMM/DMM Measurement.vi
21785c689169ac5fa71a4743c995f3ec4ae4c451	src/Test measurements/One Session N Instrument/NI Instruments/DAQ + DCPower/Power Measurement/SubVIs/Analysis.vi
56de336d1ebd07014387fe7b5176babc142464a0	src/Test measurements/One Session N Instrument/NI Instruments/DAQ + DCPower/Power Measurement/SubVIs/Pow Meas Configure and Measure.vi
3581ac7bf68996e8ca0f10b7bff1337c37113302	src/Test measurements/One Session N Instrument/NI Instruments/DAQ + DCPower/Power Measurement/SubVIs/Pow Meas Init.vi
d2248a2fd8c536f6f7226f9a870494d177d94b35	src/Test measurements/One Session N Instrument/NI Instruments/DAQ + DCPower/Power Measurement/SubVIs/Pow Meas Unint.vi
081c6c274125b62def219b6bf1b71f5fcf648e9d	src/Test measurements/One Session N Instrument/NI Instruments/DAQ + DCPower/Power Measurement/SubVIs/Wrapper.vi
5b46c3d6fac2835e1a749cd4ccfde13a7f980f6e	src/Test measurements/One Session N Instrument/NI Instruments/DAQ + DCPower/Power Module.vi
0006af246caf758b9d9537886122ed2d444d2578	src/Test measurements/One Session N Instrument/NI Instruments/DAQ + DCPower/SMU/NI-DCPower Source DC Voltage.vi
d661cdb1d4726f8ad3b542f69710bb4c5fcc6e2d	src/Test measurements/One Session N Instrument/NI Instruments/DAQ + DCPower/SMU/subVIs/Configuration.vi
8c01d3674c3f150ac76261feee499f8171d4cb0a	src/Test measurements/One Session N Instrument/NI Instruments/DAQ + DCPower/SMU/subVIs/Read Measurement.vi
7461f159edf6fd38c8162fee7994ffa5cd6b43dd	src/Test measurements/One Session N Instrument/NI Instruments/DAQ + DCPower/Voltage Measurement.vi
088860e9cffa8310d238e417ecbfef0aa0ed7ef0	src/Test measurements/One Session N Instrument/NI Instruments/NI DCPower + NI DMM/Source and Measure Current in DMM.vi
3f3709f934a8cc03cb69e5771928baa32f945d3b	src/Test measurements/One Session N Instrument/NI Instruments/NI DCPower +NI  DMM + NI Fgen/Measure Current and Burst Waveform.vi
7e136f19cfd45e95dc71919a89bf53c15b7a0155	src/Test measurements/One Session N Instrument/NI Instruments/NI DMM + NI Scope/DMM Measurement.vi
971ec4138ebf13615a360787736c1320fa934962	src/Test measurements/One Session N Instrument/NI Instruments/NIDCPower + NI Digital/NI-DCPower Source DC Voltage.vi
c33d57bb16ea408a234aa7425fe204503a6a5b26	src/Test measurements/One Session N Instrument/NI Instruments/NIDCPower + NIScope/NI-DCPower Source DC Voltage.vi
f6ccf58fe42c2b853753edc4570c6216c52067f1	src/Test measurements/One Session N Instrument/NI Instruments/ni Digital + niDMM/DMM Measurement.vi
3b85fa8eb8fcc26f7e66ca88743ea19cccb5947f	src/Test measurements/One Session N Instrument/NI Instruments/niFgen + niDMM/Fgen Module.vi
dff214932e1e12f7cf79f99413b0892a7bfaf705	src/Test measurements/One Session N Instrument/NI Instruments/niFgen + niScope/Fgen Module.vi
ec53ca6d65301f3b26bf15e1fd4be1439a25e766	src/Test measurements/One Session N Instrument/NI Instruments/niScope + niDigital/niScope EX Getting Started.vi
bc876757c7d488fa87b7f941c8034ea432a50bf3	src/Test measurements/One Session N Instrument/VISA Instruments/Agilent DCPower + Agilent DMM/Agilent Source and Measure.vi
91e57fbc6cb3213078fc8507eff4db64f747ea79	src/Test measurements/One Session N Instrument/VISA Instruments/Agilent DCPower + Keithley DCPower/Source using Agilent and Keithley.vi
cd3334bc07cd3c85859cd4fbcc1b0590d42282bc	src/Test measurements/One Session N Instrument/VISA Instruments/Agilent DCPower + Tetronix Scope/Agilent DCPower and Keithley Scope.vi
4e3c37b2f702f14143cc9136b1a63f2fce301115	src/Test measurements/One Session N Instrument/VISA Instruments/VISA_niScope_Fgen_Digital.vi
4ab42b3cbf99ebd6f3e6b5a6b630e94ee55f068b	src/Test measurements/One Session One Instrument/Clusters Input/DMM/DMM Measurement.vi
d80905cd7cd7b1dba918dda0769e2971e7cdcd60	src/Test measurements/One Session One Instrument/Clusters Input/SMU/NI-DCPower Source DC Voltage.vi
15d3dc37cc6f7b3220419eb66a66385b74fa02d1	src/Test measurements/One Session One Instrument/Clusters Input/SMU/subVIs/Configuration.vi
b307ccd5f7b2c3fbe516376ad2f0a9e8557fb349	src/Test measurements/One Session One Instrument/Clusters Input/SMU/subVIs/Read Measurement.vi
0112c15e7a51c3f8b9348d8f4eb9bbab13b804ce	src/Test measurements/One Session One Instrument/Clusters Input/Voltage Measurement.vi
ad4dade3b15f81136e1e0f928507e92056e684eb	src/Test measurements/One Session One Instrument/Clusters/DMM/DMM Measurement.vi
0006af246caf758b9d9537886122ed2d444d2578	src/Test measurements/One Session One Instrument/Clusters/SMU/NI-DCPower Source DC Voltage.vi
d661cdb1d4726f8ad3b542f69710bb4c5fcc6e2d	src/Test measurements/One Session One Instrument/Clusters/SMU/subVIs/Configuration.vi
8c01d3674c3f150ac76261feee499f8171d4cb0a	src/Test measurements/One Session One Instrument/Clusters/SMU/subVIs/Read Measurement.vi
6af1ca09ec71dd2bffded2def9191a888c646d3f	src/Test measurements/One Session One Instrument/Clusters/Voltage Measurement.vi
1adbe3dd6a26d0075d803e4cd91a70e2f2062892	src/Test measurements/One Session One Instrument/DAQ/Power Module Assignment1/Power Measurement/Pow Meas Configure and Measure.vi
feff5490a364b2eeef289617d868ec8cfb3d73a4	src/Test measurements/One Session One Instrument/DAQ/Power Module Assignment1/Power Measurement/Pow Meas Init.vi
0d4631d9615361410a9ac06c939348cfa1ca93e2	src/Test measurements/One Session One Instrument/DAQ/Power Module Assignment1/Power Measurement/Pow Meas Unint.vi
69bd659ac1e9d6f4797cb43249fbbe97e7432933	src/Test measurements/One Session One Instrument/DAQ/Power Module Assignment1/Power Measurement/SubVIs/Analysis.vi
845f1dc8b052b7207ecbb64e5ca49c8c335a2d65	src/Test measurements/One Session One Instrument/DAQ/Power Module Assignment1/Power Module.vi
ab83565465e06a439fc4b425fd70731d5bfbff0c	src/Test measurements/One Session One Instrument/NI Dmm/DMM Measurement.vi
fe03e3743cdadbccdcaf31d2e7d473164f814c8c	src/Test measurements/One Session One Instrument/NI Fgen/Fgen Module.vi
f45deda49b32c70f6b0f53d25ee1c8c14b1e5ac5	src/Test measurements/One Session One Instrument/NI Scope/niScope EX Getting Started.vi
61b0cddc0ac64c204b975a24ab45f5d16a1f9e98	src/Test measurements/One Session One Instrument/NIDCPower/NI-DCPower Pulse Current Sequence.vi
eb773aa2153877634b64495b805f7ce54a0c8e22	src/Test measurements/One Session One Instrument/NIDCPower/NI-DCPower Pulse Voltage Sequence.vi
61c6699d41140a81400500d9d7e24b7dac3109de	src/Test measurements/One Session One Instrument/NIDCPower/NI-DCPower Source DC Current.vi
06eee205dee256dbd83d64882e232adf1b569075	src/Test measurements/One Session One Instrument/NIDCPower/NI-DCPower Source DC Voltage.vi
2bcdbedc9e8f6bed014070d44b3c982ca7e6411b	src/Test measurements/One Session One Instrument/NIDigital Pattern/NI-Digital Burst Pattern.vi
c8316c3c4e84938e437bbe1609fecd0fdd5155fb	src/Test measurements/One Session One Instrument/NIDigital Pattern/NI-Digital History RAM Stream.vi
2054fb6e6c380dcc99d2613ded8310a3505bcc18	src/Test measurements/One Session One Instrument/NIDigital Pattern/NI-Digital Loopback and Compare.vi
3e826861552cae5451bc2b361df6c0d5cc4dcfe9	src/Test measurements/One Session One Instrument/NIDigital Pattern/SPI.vi
002ef6c3e9338fd67054f407697c7361d3490b8d	src/Test measurements/One Session One Instrument/One VISA/Agilent DCPower/Agilent N6700 Series Configure Histogram.vi
7b9488e58b5db7499d80474ab1418797a9bf0bd1	src/Test measurements/One Session One Instrument/One VISA/Agilent DCPower/Agilent N6700 Series Configure Voltage.vi
7b0e8f4f105b246fa5f76fb17abd05bb9c1fd978	src/Test measurements/One Session One Instrument/One VISA/Agilent DCPower/Agilent N6700 Series Read External Datalog.vi
2c6e5fbe79a08977f48f236771583c640e57d6fb	src/Test measurements/One Session One Instrument/One VISA/Agilent DMM/Agilent 3446X Series Acquire Multiple.vi
b969724d2b8935e49662eb0c64cb2d1180b9f9ca	src/Test measurements/One Session One Instrument/One VISA/Agilent DMM/Agilent 3446X Series Acquire Single.vi
accb6b7805e50536a2b6c42bea77b4ddfbccba8e	src/Test measurements/One Session One Instrument/One VISA/Agilent Fgen/Agilent 34401 Acquire and Chart - External Triggered.vi
5bcc6ddd7c0ff1b95947d9d0d5301027c8075a2a	src/Test measurements/One Session One Instrument/One VISA/Agilent Fgen/Agilent 34401 Acquire and Chart - Pretriggered.vi
84452809430e043e7add44442b13453959e1c1a7	src/Test measurements/One Session One Instrument/One VISA/Agilent Fgen/Agilent 34401 Read Multiple Measurements.vi
27bc0f029284bef6ee0a7c76145f44bd832a157b	src/Test measurements/One Session One Instrument/One VISA/Agilent Fgen/Agilent 34401 Read Single Measurement.vi
33e506684cafe3ef0b49b4515c7bf65c9ab6743f	src/Test measurements/One Session One Instrument/One VISA/Keithley DCPower/Keithley 24XX Read Multiple.vi
022b36c8a456eb2d5c7bf3133ed280a57288495d	src/Test measurements/One Session One Instrument/One VISA/Keithley DCPower/Keithley 24XX Read Single.vi
8d92e785b0a2aa14c6f164ce746865e7f98adc8c	src/Test measurements/One Session One Instrument/One VISA/Sample 34401A Measurement.vi
5d71ea1745c7aef40e445bfe7aac0cc32584bc0d	src/Test measurements/One Session One Instrument/One VISA/Tektronix Scope/Tektronix MSO5X Series Read Horizontal Settings.vi
09ea7f5d1904950a56d68ff71223723a82f2caf9	src/Test measurements/PMIC/labview/Dropout Voltage.vi
8551c8ab88f2bcc1cd54bfb1ab042d406b708ce2	src/Test measurements/PMIC/labview/Efficiency+LLR.vi
edbf8bdea12340a6ffe6c05ec4414684a457bcaa	src/Test measurements/PMIC/labview/Efficiency.vi
13443352c7a5e3026ccf14f5114a7e53b4771f91	src/Test measurements/PMIC/labview/Line-Load Regulation.vi
d6a769464c55e886440a3c7254703b23f2a5c008	src/Test measurements/PMIC/labview/Load Transient.vi
2686a14fd6491debacda5c5a6a1f21c2c92bae75	src/Test measurements/PMIC/labview/PSRR.vi
78d087f86408b0ad2191b682153ae40aa7a436a6	src/Test measurements/PMIC/labview/Ripple.vi
c351621143091ab9eb3c4e5bd3acffabf7895d5f	src/Test measurements/PMIC/labview/calibvis/Argus Cal Helper.vi
7dd9eb7b36f836372f7deeef77eb718952758287	src/Test measurements/PMIC/labview/calibvis/calulator for personal cal.vi
7751d654f5d558ad3a66df9380841465eaaa209c	src/Test measurements/PMIC/labview/helpervis/NI-DCPower Sink DC Current + Ammeter.vi
3c00d596cfdaccebe2d690493aed15ef04a8687f	src/Test measurements/PMIC/labview/helpervis/NI-DCPower Source DC Voltage + Voltmeter.vi
ed438d591e1fb70fe74054827a598a88773e19d1	src/Test measurements/PMIC/labview/pmbus_ltm4676a/ltm4676a_set_runtime_config.vi
a4a194002e8bc3079a50aec888f175a087eaafb2	src/Test measurements/PMIC/labview/pmbus_ltm4676a/pmbus_write_byte_readback.vi
5eca0ff18164e3c44403b463c4042932096fcf75	src/Test measurements/PMIC/labview/pmbus_ltm4676a/pmbus_write_word_readback.vi
d7c788f2e88db66b6949d2a238ecb73f74330d19	src/Test measurements/PMIC/labview/subvis/acquireConstantSamples.vi
8981c061d5c450a0adccd2b316f22280765b4b75	src/Test measurements/PMIC/labview/subvis/buildTerminalName.vi
feadcacbe228b9487437068bae048486099b1a64	src/Test measurements/PMIC/labview/subvis/calculatePsrrExtractTone.vi
1370958f972311e4b9501aa101d7b56f5259636b	src/Test measurements/PMIC/labview/subvis/calculatePsrrRawWfms.vi
d52b366564de0902fb4c1451a57a74f1e81244c8	src/Test measurements/PMIC/labview/subvis/filterWfms.vi
12b7b53b76147904589c644e8344643c5690894b	src/Test measurements/PMIC/labview/subvis/filterWfmsButterworthBandpass.vi
272922bc64cafe00f7d3657d6906751cb1132a3d	src/Test measurements/PMIC/labview/subvis/generateSweep.vi
0058e63fec94e71db2d7c551ee0f152293bc427d	src/Test measurements/PMIC/labview/subvis/lastNSampWfms.vi
9f3d1666d247312585c0b174b3ef5e38f97cbd53	src/Test measurements/PMIC/labview/subvis/setFgenFreqWait.vi
0b6879c81e3d983445eb5a1672a5001250fb155f	src/Test measurements/Shared Dependencies/Test measurement - with library/Measurement A/Measurement A.vi
0028b0f737a574f2361e36619c677d165bb8ed4c	src/Test measurements/Shared Dependencies/Test measurement - with library/Measurement A/subVIs/Computation.vi
6f6b4261581314af406a900324d555ef89ae6e90	src/Test measurements/Shared Dependencies/Test measurement - with library/Measurement B/Measurement B.vi
0e878580741ac36c6c466e6a854d01aba8557190	src/Test measurements/Shared Dependencies/Test measurement - with library/Measurement B/subVIs/Computation.vi
c674ca7aefc98bc53253fad9f52269c750f826c8	src/Test measurements/Shared Dependencies/Test measurement - with library/Reusables/subVIs/Get Username.vi
29e5d56a6e48c247a0664a938dd16d97244cb2a1	src/Test measurements/Shared Dependencies/Test measurement - with reusable library/Measurement A/Measurement A.vi
c2f5953db54a65a68db2f30c3a209a0727c96264	src/Test measurements/Shared Dependencies/Test measurement - with reusable library/Measurement A/subVIs/Computation.vi
8b9cf35caa1f242891dbec78d13fafc3ff68ce90	src/Test measurements/Shared Dependencies/Test measurement - with reusable library/Measurement B/Measurement B.vi
71b1ddc676eaf67e6fb806259badb8eb2bfeb35e	src/Test measurements/Shared Dependencies/Test measurement - with reusable library/Measurement B/subVIs/Computation.vi
138d09028bf425ccb679f610df1b6f0fd91cece0	src/Test measurements/Shared Dependencies/Test measurement - with reusable library/Reusables/subVIs/Get Username.vi
818d4758cefc1e57ac2208df604d12a49953064f	src/Test measurements/Shared Dependencies/Test measurement/Measurement A/Measurement A.vi
c2f5953db54a65a68db2f30c3a209a0727c96264	src/Test measurements/Shared Dependencies/Test measurement/Measurement A/subVIs/Computation.vi
c9d79b9d3a64c7396aef353fd7b797b046ce389c	src/Test measurements/Shared Dependencies/Test measurement/Measurement B/Measurement B.vi
71b1ddc676eaf67e6fb806259badb8eb2bfeb35e	src/Test measurements/Shared Dependencies/Test measurement/Measurement B/subVIs/Computation.vi
c674ca7aefc98bc53253fad9f52269c750f826c8	src/Test measurements/Shared Dependencies/Test measurement/Reusables/subVIs/Get Username.vi
b60bcf25f606d7d0d395b1c2b0831eddca7158c9	src/Test measurements/WiFi Team/VIs/ADC Data capture and Process/ADC Data capture and Process Original - Copy (2).vi
d1da865561ab03d525ee3e02d8434f70080824c7	src/Test measurements/WiFi Team/VIs/ADC Data capture and Process/ADC Data capture and Process Original - Copy.vi
086180e8b1432e7ac37d25c6300c1fff35e74720	src/Test measurements/WiFi Team/VIs/ADC Data capture and Process/ADC Data capture and Process Original.vi
99c95ca90aa3705de5ad66cc5d85f3f5e6087579	src/Test measurements/WiFi Team/VIs/ADC Data capture and Process/ADC Data capture and Process.vi
c00fc964a39ed2273a4c5587c1028071204dc1ba	src/Test measurements/WiFi Team/VIs/ADC Data capture and Process/ADC Data capture and Process_new.vi
fb808ef1c4bd764f15360e44c4cdfb29d3e99689	src/Test measurements/WiFi Team/VIs/ADC Data capture and Process/ADC PSRR.vi
5477c9ad8b4f1f7959dc19114760a92917bfe14a	src/Test measurements/WiFi Team/VIs/ADC Data capture and Process/Sub_VI/ADC_sparkle_remove.vi
9ed04972c327789732068a47ba0e12c19a81a2e1	src/Test measurements/WiFi Team/VIs/ADC Data capture and Process/Sub_VI/Amp & Freq Estimate.vi
40cb5ec1e1c9b7c77ffc5041ee11be5228fd13cc	src/Test measurements/WiFi Team/VIs/ADC Data capture and Process/Sub_VI/BIN_4bit_decimation.vi
e38a97482fad8ecf65a5ad86b4ed5adaa7460646	src/Test measurements/WiFi Team/VIs/ADC Data capture and Process/Sub_VI/Calculate_SNR_THD.vi
fd750d21304d69ce86666b7a5b59c3df4ab505d5	src/Test measurements/WiFi Team/VIs/ADC Data capture and Process/Sub_VI/Cap_Calibration.vi
8f80e6b65f26341a242e9856e82524fb53fc7575	src/Test measurements/WiFi Team/VIs/ADC Data capture and Process/Sub_VI/Capture_Tab.vi
1400f0b68540b46db2bc47ba2300bccb9d9dd379	src/Test measurements/WiFi Team/VIs/ADC Data capture and Process/Sub_VI/DATA_CAPTURE_SNR.vi
9ed0c102f87a79e3363dfb2db9f70cb20fefa958	src/Test measurements/WiFi Team/VIs/ADC Data capture and Process/Sub_VI/DEC2BIN.vi
05e385fd684767d98260b9b1e0d2cce5c43e9777	src/Test measurements/WiFi Team/VIs/ADC Data capture and Process/Sub_VI/Find Exact Peak.vi
efc47647c79da5229d1a8717650e1f1530e9b3a2	src/Test measurements/WiFi Team/VIs/ADC Data capture and Process/Sub_VI/GenerateHarmonicArray.vi
9c8344d0f8b8d1be57792f222b95fade79ce3c16	src/Test measurements/WiFi Team/VIs/ADC Data capture and Process/Sub_VI/H(f).vi
f369cea97fdd4b248b4130f12d58936f94acead7	src/Test measurements/WiFi Team/VIs/ADC Data capture and Process/Sub_VI/Sinewave_Linearity_trial_F027.vi
09d5d70af8380053d1982a0b696e577286996446	src/Test measurements/WiFi Team/VIs/ADC Data capture and Process/Sub_VI/Take fron panel screenshot.vi
7c8682792f194b762e2fe8447ec20b8dbde761b2	src/Test measurements/WiFi Team/VIs/Archive/INL_DNL/ADC INL - Copy.vi
684c73382c87a53b89416361321b95fe87a3c741	src/Test measurements/WiFi Team/VIs/Archive/INL_DNL/ADC INL.vi
ad9ea4cee4f0c0e93440874d4f4defcd7533a778	src/Test measurements/WiFi Team/VIs/Archive/INL_DNL/ADC INL_new - Copy.vi
ad9ea4cee4f0c0e93440874d4f4defcd7533a778	src/Test measurements/WiFi Team/VIs/Archive/INL_DNL/ADC INL_new.vi
3a283cdf8e1361d5bf9e66232876dcac40a0e43e	src/Test measurements/WiFi Team/VIs/Archive/INL_DNL/ADC INL_ref_sweep.vi
07f747e7beb5b7b20284e5884819fa38e37b20e2	src/Test measurements/WiFi Team/VIs/Archive/INL_DNL/ADC INL_sweep.vi
4f9c8657d305d85be613ce5a5fdda8ea4b090fbd	src/Test measurements/WiFi Team/VIs/Archive/INL_DNL/ADC INL_sweep_triangle.vi
59971d619aac9d8e95662e60d810def20d435b28	src/Test measurements/WiFi Team/VIs/Archive/INL_DNL/ADC INL_sweep_triangle_ExtRef.vi
d25081db1c975915b437a6053fa156951a68fae0	src/Test measurements/WiFi Team/VIs/Archive/INL_DNL/ADC INL_sweep_working.vi
41c497db2e453372a454c4dffa4236a911202bb6	src/Test measurements/WiFi Team/VIs/Archive/INL_DNL/ADC INL_sweep_working_new.vi
193a98d9cc2f28b9b17f6d1b73a24c867e7daeef	src/Test measurements/WiFi Team/VIs/Archive/Offset Gain/ADC Offset Gain.vi
59cf556f5154fad2f76f7d719db187d80820fec9	src/Test measurements/WiFi Team/VIs/Archive/Offset Gain/ADC Offset Gain_original.vi
973659f218e8717b6f9226b69b016e0df376d205	src/Test measurements/WiFi Team/VIs/Archive/Offset Gain/ADC Offset Gain_test.vi
80a2cfe6b0b7746df0f5020c7907bdff4024afc6	src/Test measurements/WiFi Team/VIs/Archive/SNR/ADC SNR_Sweep - Copy.vi
f534b26a0fee70c26191164df5f016b7d882b659	src/Test measurements/WiFi Team/VIs/Archive/SNR/ADC SNR_Sweep.vi
2e9c3e26eac6724bdf5600ffe1ad43ed0685b74d	src/Test measurements/WiFi Team/VIs/Archive/SNR/ADC SNR_Sweep_edited.vi
cf8cd048d5ed570c0f2173403dccd2058539b72e	src/Test measurements/WiFi Team/VIs/Archive/SNR/ADC SNR_Sweep_original.vi
1282789ed54988801395c58b8fb6b2b9ad7872b9	src/Test measurements/WiFi Team/VIs/Archive/SNR/ADC SNR_Sweep_working.vi
aac5e419239a21cddf877def1a2d09e49301c1a2	src/Test measurements/WiFi Team/VIs/Archive/SNR/ADC SNR_input_sweep.vi
1651110180f559d0b248d02cd97dd2877b9f6e97	src/Test measurements/WiFi Team/VIs/Archive/SNR/ADC SNR_new - Copy.vi
b7a270efd6e93000d3b617534a037940a1b27d65	src/Test measurements/WiFi Team/VIs/Archive/SNR/ADC SNR_new.vi
dd842eb27e6ba3e743543299957ca6af97f82f0c	src/Test measurements/WiFi Team/VIs/Archive/SNR/ADC SNR_new_beforeChn.vi
aa7d786f289307286364573d921aa19212160ff9	src/Test measurements/WiFi Team/VIs/Archive/SNR/ADC SNR_new_param.vi
0ff298ea0c44264365ddc7d688d8255df2b3de39	src/Test measurements/WiFi Team/VIs/Archive/SNR/ADC SNR_original.vi
415b9d400623d5c433a955f671dba97709ac2de3	src/Test measurements/WiFi Team/VIs/Archive/SNR/ADC SNR_ref_sweep.vi
742f10c1d7768e23a1687613e83261b4dbd169f3	src/Test measurements/WiFi Team/VIs/viBank/ADC/ADC_Dynamic_Input_Parameters.vi
7ef7c63161af6f076e9f95437fc3c62f425028cb	src/Test measurements/WiFi Team/VIs/viBank/ADC/ADC_Sweep_Voltage_Gen.vi
66bdb2f46ce184836215854109e5c316adcc66fa	src/Test measurements/WiFi Team/VIs/viBank/ADC/DC PSRR.vi
33aa87d1a1af4f1561ee24c2efa642e2452b0b53	src/Test measurements/WiFi Team/VIs/viBank/ADC/Offset_Gain.vi
324807a888ef81dd64dedcc271ebd560e6ac0e44	src/Test measurements/WiFi Team/VIs/viBank/ADC/Offset_Gain_all_Ch.vi
1651b4a3dd51477f818c59d0f90813cb43d13036	src/Test measurements/WiFi Team/VIs/viBank/ADC/Offset_Gain_new.vi
a53207abe9b67043e41351e82a74e3bb0b626e16	src/Test measurements/WiFi Team/VIs/viBank/ADC/adc_avg.vi
66fe8e6e815e8d7eca817bd7fc209cc5f129d171	src/Test measurements/WiFi Team/VIs/viBank/ADC/adc_avg_oversampling.vi
97de7ad6b419f7df05ed643adf4656fee3ad7c90	src/Test measurements/WiFi Team/VIs/viBank/ADC/lord_Read_Off_Gain_All_Chx_v2.vi
b2603db0f361c57765e6a4a177607e4978002cd9	src/Test measurements/WiFi Team/VIs/viBank/CCS/AC_Specs/Coherency_Cal.vi
a991e97cbee763c38ba0f1ab8f28f1690a7007ec	src/Test measurements/WiFi Team/VIs/viBank/CCS/AC_Specs/Path_Creator.vi
36be7f5c351bfed235d82ff5ea825fa96f8fe5b5	src/Test measurements/WiFi Team/VIs/viBank/CCS/AC_Specs/Read_Code_Liniarity.vi
7f8acc16274a0b987617159993f4dcffd7023865	src/Test measurements/WiFi Team/VIs/viBank/CCS/AC_Specs/SET_AP_CH&DC_OFF.vi
cb853b12cd098e15fef6af508afa0a9ccab14532	src/Test measurements/WiFi Team/VIs/viBank/CCS/Java_killer.vi
56e21ad32d6bec55123b9c8961a671885689c685	src/Test measurements/WiFi Team/VIs/viBank/CCS/Offset/Read_Code_Offset.vi
a37e9f4f168b44ebccee86b811d4b0f0d6e080e4	src/Test measurements/WiFi Team/VIs/viBank/CCS/Open_CCS_Handle - Copy.vi
e20b88ab3f7f1c857f1e26d5b3d67ea546eb7ccd	src/Test measurements/WiFi Team/VIs/viBank/CCS/Open_CCS_Handle.vi
5fc8655c422144bc07262c294ca59742ecc0cf22	src/Test measurements/WiFi Team/VIs/viBank/CCS/Read_Code.vi
0f1d17bad33fe660c6b53377956d6a0065f500a1	src/Test measurements/WiFi Team/VIs/viBank/CCS/Run_Async.vi
952b60d4a6b52d3e1b2b9fa9bac71a90204bb599	src/Test measurements/WiFi Team/VIs/viBank/CCS/Step Response(Loop).vi
b7b8554446fd205bde234366938a61adb0ba8c39	src/Test measurements/WiFi Team/VIs/viBank/CCS/Sub_Vi/ADC_Off_Gain_compute(old).vi
6fbbd39b22771cac51d9eef5d0c66df0a2b5d754	src/Test measurements/WiFi Team/VIs/viBank/CCS/Sub_Vi/ADC_Off_Gain_compute.vi
a4149c70b1c31994ec5467a11dea75fb8826286e	src/Test measurements/WiFi Team/VIs/viBank/CCS/Sub_Vi/ADC_data_read.vi
1e43720f6dbc2ae78cb54f9742032bb8ad6e796b	src/Test measurements/WiFi Team/VIs/viBank/CCS/Sub_Vi/Data_Process_1.vi
c81350b33312c58ce9caaf268ba56a58f6b53a8e	src/Test measurements/WiFi Team/VIs/viBank/CCS/Sub_Vi/Java+kill.vi
035266f04d5d023bc79c0ab63c82ab193cc30127	src/Test measurements/WiFi Team/VIs/viBank/CCS/Sub_Vi/Offset_Loop.vi
eff647a0ba7c281e23427531c91a03e7e7646dee	src/Test measurements/WiFi Team/VIs/viBank/CCS/Sub_Vi/Offset_Loop_TS.vi
b25d3e7f0123cd8d6d0d0e98a1f8c5671ccfcf83	src/Test measurements/WiFi Team/VIs/viBank/CCS/Sub_Vi/Reference_select.vi
129f2a940d8c6486e76615f3020257dd0a594cc7	src/Test measurements/WiFi Team/VIs/viBank/CCS/Sub_Vi/Results.vi
f5ef0876fc001a65387043f0cf05278fe856af2e	src/Test measurements/WiFi Team/VIs/viBank/CCS/Sub_Vi/Untitled 2.vi
da1bc545bebacec1e88f6c4654d49447b07a264a	src/Test measurements/WiFi Team/VIs/viBank/CCS/Sub_Vi/Untitled 7.vi
3f34696da718a277d4afb02d10306ff363c51534	src/Test measurements/WiFi Team/VIs/viBank/CCS/Sub_Vi/Voltage_Sweep_pts.vi
15e25e00d31e924be6a9c718e299fb468f335af3	src/Test measurements/WiFi Team/VIs/viBank/CCS/Test.vi
665d5721c12d44f8c943dc16d7e65469265e324b	src/Test measurements/WiFi Team/VIs/viBank/CCS/Trial_1.vi
a02ffe4aedeca91e71a4be4e547b16334b39447e	src/Test measurements/WiFi Team/VIs/viBank/CCS/adcOffset_Gain.vi
8c346cea7c63df78b3af85e05b6c57a18463ad2e	src/Test measurements/WiFi Team/VIs/viBank/CCS/adc_basic_fetch_data.vi
be8904c7655709542d32011a5a8441a77c0f5567	src/Test measurements/WiFi Team/VIs/viBank/Common/(C2K_ADC)_Config_Sweeps.vi
c17cf1f9aa41ef3d887ca985f6239302b67a2736	src/Test measurements/WiFi Team/VIs/viBank/Common/(C2K_ADC)_Global.vi
c77a462246c7fdf5c964bc0eea8754ff8c325771	src/Test measurements/WiFi Team/VIs/viBank/Common/33220A_Kharon.vi
9cc0066104d3a6629ac61d484d9350ff15616244	src/Test measurements/WiFi Team/VIs/viBank/Common/33250A_Kharon.vi
cae6a81701deae7e6f64a660716da79eb94c2ccf	src/Test measurements/WiFi Team/VIs/viBank/Common/33250A_control.vi
3c35916e064378d9ca9b991b5394641031dd94b4	src/Test measurements/WiFi Team/VIs/viBank/Common/33522A_control.vi
c046bb4f365b287ee71e00f2bbe541c015452006	src/Test measurements/WiFi Team/VIs/viBank/Common/34401A_control.vi
df64d5d142a53e479ece7372944936bb0ce6643f	src/Test measurements/WiFi Team/VIs/viBank/Common/ANA_Pin_config.vi
b051359823b93191f2e66ac3270da92be7d380c8	src/Test measurements/WiFi Team/VIs/viBank/Common/CCS/Session_Open.vi
c046bb4f365b287ee71e00f2bbe541c015452006	src/Test measurements/WiFi Team/VIs/viBank/Common/E3631A_control.vi
ce95d7804ab14bb51cd98315f92492c2b75b09ec	src/Test measurements/WiFi Team/VIs/viBank/Common/Enum_To_Text.vi
501102bd093b2f8f5b5050fa493e82a32b08d6b7	src/Test measurements/WiFi Team/VIs/viBank/Common/FTDI_Kharonvi.vi
8ec875737bd1cca14167121bdd09f0b1a8299a7a	src/Test measurements/WiFi Team/VIs/viBank/Common/File_Processing/DataCon.vi
2aeea8614b03bf780706cd9d0d584d8400688f95	src/Test measurements/WiFi Team/VIs/viBank/Common/File_Processing/File_Merger.vi
488bd3a06a32efdd5f26be425dcdeaacbb4d4087	src/Test measurements/WiFi Team/VIs/viBank/Common/File_Processing/File_combine.vi
5fd3aa13510006fa2c2eb033f33106ee0d7fcd5f	src/Test measurements/WiFi Team/VIs/viBank/Common/File_Processing/I2C_Data_hold_process.vi
dd38fd4bcb6d24e2369c247b20f8da52e6c3ea1e	src/Test measurements/WiFi Team/VIs/viBank/Common/File_Processing/I2C_Decode_Reg_address.vi
d31e4b9dbc3f3e2e2f3dd231387267488d93b03d	src/Test measurements/WiFi Team/VIs/viBank/Common/File_Processing/I2C_Decode_address.vi
304fee89a98708581fa5aa12381be88a13684e97	src/Test measurements/WiFi Team/VIs/viBank/Common/File_Processing/I2C_Decode_data.vi
c63e52f50e964f40ca0d5f90a6454e8a5ae889fb	src/Test measurements/WiFi Team/VIs/viBank/Common/File_Processing/I2C_Repeated_start_process.vi
4ac4e49c06ffd5eaaa77855c5d5d5cc367f25427	src/Test measurements/WiFi Team/VIs/viBank/Common/File_Processing/Scope_D2.vi
e5fafdda9c0ae8297ed5e94e29253e1e632d0a1f	src/Test measurements/WiFi Team/VIs/viBank/Common/File_Processing/Scope_Data.vi
f3701037af0c2407dfd06ca2bd7e6ac4989c87c0	src/Test measurements/WiFi Team/VIs/viBank/Common/File_Processing/tHD_STA.vi
d9793023d4d064144e407a05bd691ea7aedba27f	src/Test measurements/WiFi Team/VIs/viBank/Common/File_Processing/tSU_STA.vi
a1a4204a30dfdd198676b8aff8b78670bb66d359	src/Test measurements/WiFi Team/VIs/viBank/Common/Instrument/Agilent 3446X Series Acquire Multiple.vi
d1f70244f7419e9895abd35efde370ae9f77a2f7	src/Test measurements/WiFi Team/VIs/viBank/Common/Instrument/Counter/53230A_Freq_Counter_Measure_Configure(Freq & Duty Cycle).vi
7579b1d38ce93f5133104484e488db9f897662c9	src/Test measurements/WiFi Team/VIs/viBank/Common/Instrument/Counter/53230A_Freq_Measure.vi
c2d6b5c3fef04d678f5311902ae17d2312b62d97	src/Test measurements/WiFi Team/VIs/viBank/Common/Instrument/Counter/Freq_Counter.vi
897a38fb41bfcce8bc996824d1459dc4820d9d63	src/Test measurements/WiFi Team/VIs/viBank/Common/Instrument/DMM/34401A Multi_point.vi
b7fe1dd922d8c6fc34acbc1b609ce65601daea89	src/Test measurements/WiFi Team/VIs/viBank/Common/Instrument/DMM/Agilent 3458 Acquire Multiple Measurement.vi
daa0505ce546d5ac27a434860ff71a797bbe746c	src/Test measurements/WiFi Team/VIs/viBank/Common/Instrument/DMM/Agilent 3458 Clear.vi
2c1ae6368fe6e69b54e7fc4059800ca04fda07f7	src/Test measurements/WiFi Team/VIs/viBank/Common/Instrument/DMM/Find Settled Current.vi
6c6a38a0a5a6c2ece70aed6ebd852c35e5d44dfc	src/Test measurements/WiFi Team/VIs/viBank/Common/Instrument/DMM/Keithley DMM7510 Acquire Multipoint.vi
336ab2ad94649c9824da6974b1dd7269c5cfff02	src/Test measurements/WiFi Team/VIs/viBank/Common/Instrument/DMM/Kesight(7_.5) Multimeter.vi
a58ecc64714355316f3d780abe577e4ed9c96f49	src/Test measurements/WiFi Team/VIs/viBank/Common/Instrument/DMM/Measure DMM 3458A.vi
cd7dacd3428f325bb60c5a59491a465edde118f4	src/Test measurements/WiFi Team/VIs/viBank/Common/Instrument/SGEN_DC_33521A.vi
bd9d44553650c3f31c7b7bf968e9d92d0de5ffcd	src/Test measurements/WiFi Team/VIs/viBank/Common/Instrument/Scope/GetDigitalWaveformData - Copy.vi
bd9d44553650c3f31c7b7bf968e9d92d0de5ffcd	src/Test measurements/WiFi Team/VIs/viBank/Common/Instrument/Scope/GetDigitalWaveformData.vi
08cf68474053c4a61d262fd00689d5c12420b1ba	src/Test measurements/WiFi Team/VIs/viBank/Common/Instrument/Scope/MSO9104B_RunAndGetDigitalWaveformData.vi
8306451686b082942f4fd9b6a52b89e0bc7759c6	src/Test measurements/WiFi Team/VIs/viBank/Common/Instrument/Scope/Save setup in Local PC.vi
1cbfc366ea7fb5b81eb4bbf19c1b5fd09dd25e6a	src/Test measurements/WiFi Team/VIs/viBank/Common/Instrument/Scope/Save_Scope_Image_In_PC.vi
4a3b28ccc657ba05e2e4308997ae571d92c8e4a3	src/Test measurements/WiFi Team/VIs/viBank/Common/Instrument/Scope_Cap_meas.vi
178716dc3d36fd8fb9aaee1f0a410153e7118175	src/Test measurements/WiFi Team/VIs/viBank/Common/Instrument/Supply/E3631A Output Enable.vi
dbf1318a832711191b237240fa010f5b0ab0d32e	src/Test measurements/WiFi Team/VIs/viBank/Common/Instrument/Supply/E3631A_Config.vi
b412cfb9032fdf668ddb9b5f01184923ae06ae33	src/Test measurements/WiFi Team/VIs/viBank/Common/Instrument/Supply/E3644A_Config.vi
4d99de69c2565295e6f6a62a5f2a700231303aa8	src/Test measurements/WiFi Team/VIs/viBank/Common/Instrument/Supply/KE22XX_Basic_All_CH_Setting(Modif).vi
20781f0ee223d24f94a9e2f2838fe7a5cbfe8037	src/Test measurements/WiFi Team/VIs/viBank/Common/Instrument/Supply/KE22XX_Basic_All_CH_Setting.vi
2731616a2b0cc0ace26d762343660fe26ba59699	src/Test measurements/WiFi Team/VIs/viBank/Common/Instrument/Supply/KE22XX_Supply_Off_all_Channels.vi
5960058b8cec29919f023f1569b51b4646eae6ac	src/Test measurements/WiFi Team/VIs/viBank/Common/TopoG_Supply.vi
c4d830a3bcdf75428a09d307d2f4ac96d663b51f	src/Test measurements/WiFi Team/VIs/viBank/Common/VT4002_Control.vi
49ef58f516ded324bcc36aab0fe3b8c9a446256e	src/measurement_migration_tool/Migrate Measurement.vi
b2ce79e924d9f3dcdcac961ad59b313bb6221acd	src/measurement_migration_tool/Migrate Measurements.vi
bd3f4b09c0734c825b4e7d5762c6e4446c483184	src/measurement_migration_tool/_Measurement Migrator/Measurement Plugin Generator/Create Measurement Service.vi
422eded3e3a3ce8cba62b7adc9f3f782cdcd9f77	src/measurement_migration_tool/_Measurement Migrator/Measurement Plugin Generator/_Editor/Add Library To Project.vi
5e36299706ba7febea220322f5e40eaccadeae58	src/measurement_migration_tool/_Measurement Migrator/Measurement Plugin Generator/_Editor/Check if Build Assets Exists.vi
f373e02b6d2174a8f9fc340b8c4eff54aacad950	src/measurement_migration_tool/_Measurement Migrator/Measurement Plugin Generator/_Editor/Close Project.vi
91a1c695c41d8373515b3f6574558c08399bec05	src/measurement_migration_tool/_Measurement Migrator/Measurement Plugin Generator/_Editor/Create Build Specification.vi
233eb0900b2d1ed14979190a11ecb7f0e1d319e3	src/measurement_migration_tool/_Measurement Migrator/Measurement Plugin Generator/_Editor/Create PPL Build Spec.vi
8f66964995cc7acb7f2b04675cf9721286def28a	src/measurement_migration_tool/_Measurement Migrator/Measurement Plugin Generator/_Editor/Get Active Project Details.vi
f718b978c70aed8e3e7f057802dc7e0b7363b6e4	src/measurement_migration_tool/_Measurement Migrator/Measurement Plugin Generator/_Editor/Get Library.vi
b2e376f8975ea80a109442bb1e4244031836785b	src/measurement_migration_tool/_Measurement Migrator/Measurement Plugin Generator/_Editor/Get Reserved Names.vi
e42266e4ae5cf798adca1f921f9107edfc5e6b4c	src/measurement_migration_tool/_Measurement Migrator/Measurement Plugin Generator/_Editor/NI_AB_API_EXE_Extensions/Create New EXE Extensions.vi
350fdfe83bad5343ec9236853c39f37fd6275605	src/measurement_migration_tool/_Measurement Migrator/Measurement Plugin Generator/_Editor/NI_AB_API_EXE_Extensions/Set Fast File Format.vi
0f6796875d1e5ca0acbc60308f6394bc08ed11fe	src/measurement_migration_tool/_Measurement Migrator/Measurement Plugin Generator/_Editor/NI_AB_API_EXE_Extensions/Set Window Run-Time Position.vi
7b63797baaaaee2e8ba4522d7658d5f9f99d8f95	src/measurement_migration_tool/_Measurement Migrator/Measurement Plugin Generator/_Editor/Open Project.vi
a4701034cabc0882e3cc58f4aed184a2910f93ac	src/measurement_migration_tool/_Measurement Migrator/Measurement Plugin Generator/_Editor/RenameRefactor/Add Dynamic to Static Dispatch Mappings.vi
b4cff93c74e2ff3d91ce6e331014620a74b731f4	src/measurement_migration_tool/_Measurement Migrator/Measurement Plugin Generator/_Editor/RenameRefactor/Begins with Qualified Name.vi
06f79fd1fa2c1a5a6d99e4de642d8ca19b020a46	src/measurement_migration_tool/_Measurement Migrator/Measurement Plugin Generator/_Editor/RenameRefactor/Build Qualified Name.vi
4052769bfcae17af9c1c98d5843e81549d5adb4a	src/measurement_migration_tool/_Measurement Migrator/Measurement Plugin Generator/_Editor/RenameRefactor/Calculate Refactor Metrics for Project.vi
606b1d0d512e4009f29d7d8b90ff10e21ba23383	src/measurement_migration_tool/_Measurement Migrator/Measurement Plugin Generator/_Editor/RenameRefactor/Calculate Relative Path from Directory.vi
d07f47c322020dabd9e66dc4b652506dbccb92e1	src/measurement_migration_tool/_Measurement Migrator/Measurement Plugin Generator/_Editor/RenameRefactor/Filter for Classes.vi
b925a4a6385b2341b1c4d965fd6416aeb9e20eb9	src/measurement_migration_tool/_Measurement Migrator/Measurement Plugin Generator/_Editor/RenameRefactor/Get Parent Class Name.vi
407296e8f70a6231e64839a779fc18b8909a3c93	src/measurement_migration_tool/_Measurement Migrator/Measurement Plugin Generator/_Editor/RenameRefactor/Is Descendant of Class.vi
9d67ab4483f19040af417479c8ba8e3491ba1a98	src/measurement_migration_tool/_Measurement Migrator/Measurement Plugin Generator/_Editor/RenameRefactor/Is Nested Typedef.vi
ca31d37452c628a8e513c1841eab979372988433	src/measurement_migration_tool/_Measurement Migrator/Measurement Plugin Generator/_Editor/RenameRefactor/Normalize Path.vi
1d8bba92e20b2dfdc73c0bda59069d01350d9aae	src/measurement_migration_tool/_Measurement Migrator/Measurement Plugin Generator/_Editor/RenameRefactor/Refactor Class Dynamic Dispatch Membersvi.vi
454524a60d6f35c57e8e4755488477cfc3113de9	src/measurement_migration_tool/_Measurement Migrator/Measurement Plugin Generator/_Editor/RenameRefactor/Refactor Classes in Project.vi
b29c9a7c2366e265cabde6391ad31ca4e0c40437	src/measurement_migration_tool/_Measurement Migrator/Measurement Plugin Generator/_Editor/RenameRefactor/Refactor Dependencies for Project.vi
6e7eb8f271b24874a8601559806c320993140c08	src/measurement_migration_tool/_Measurement Migrator/Measurement Plugin Generator/_Editor/RenameRefactor/Refactor Dependencies for Projects.vi
1ef8c01cec9a3fa21068060d96ed0aecaa41ccbd	src/measurement_migration_tool/_Measurement Migrator/Measurement Plugin Generator/_Editor/RenameRefactor/Refactor Dependencies for VI.vi
001df889b02b8797a1c3a90fe722a74b608158e5	src/measurement_migration_tool/_Measurement Migrator/Measurement Plugin Generator/_Editor/RenameRefactor/Refactor Object for File Rename.vi
fa28306f37083ca38f2aa04c8e64b28e659715b2	src/measurement_migration_tool/_Measurement Migrator/Measurement Plugin Generator/_Editor/RenameRefactor/Refactor Object for Library Rename.vi
a94b844334999a5fc3de548c867d9284a982357f	src/measurement_migration_tool/_Measurement Migrator/Measurement Plugin Generator/_Editor/RenameRefactor/Refactor Parent Class Dependency.vi
15bff1fbfdc0615d03f629fafe706aca7e421a3c	src/measurement_migration_tool/_Measurement Migrator/Measurement Plugin Generator/_Editor/RenameRefactor/Rename Dynamic Dispatch Member.vi
f53d32cfb9833a20695d50809b571b0197d9b63d	src/measurement_migration_tool/_Measurement Migrator/Measurement Plugin Generator/_Editor/RenameRefactor/Rename and Refactor Dependency for Object.vi
1760eed2eae5dc48631466b06ebc13f722a71f37	src/measurement_migration_tool/_Measurement Migrator/Measurement Plugin Generator/_Editor/RenameRefactor/Strip Qualified Name.vi
1b26b3bfe68244a487bb4b6fe97448a8dc5ec63c	src/measurement_migration_tool/_Measurement Migrator/Measurement Plugin Generator/_Editor/RenameRefactor/Supports Block Diagram.vi
19b0ce552c3a403d5525a35479419b963748d5d8	src/measurement_migration_tool/_Measurement Migrator/Measurement Plugin Generator/_Editor/RenameRefactor/Supports Front Panel.vi
9b8bf1707a15cd554ab917772ba80e04b6d4d437	src/measurement_migration_tool/_Measurement Migrator/Measurement Plugin Generator/_Editor/RenameRefactor/V2 To V3 Upgrade Refactor Data.vi
21378a6ec16a946bd6d3f447f1b7c97d13e2e569	src/measurement_migration_tool/_Measurement Migrator/Measurement Plugin Generator/_Editor/RenameRefactor/V2 Upgrade Refactor Data.vi
036e69bcee3be76c1af57b5aa95dec3466ff1291	src/measurement_migration_tool/_Measurement Migrator/Measurement Plugin Generator/_Editor/RenameRefactor/Valid Replacement Target.vi
614c4e4f3a3f907eb17e508b46495f2c83c1b5df	src/measurement_migration_tool/_Measurement Migrator/Measurement Plugin Generator/_Editor/Save As Measurement Service template.vi
fa774d7c749aa550bff106814ea855e15fa4e528	src/measurement_migration_tool/_Measurement Migrator/Measurement Plugin Generator/_Editor/Update Control Labels.vi
1647a2fc01e78b828e7dd46c8667703e22cf2c5d	src/measurement_migration_tool/_Measurement Migrator/Measurement Plugin Generator/_Editor/Update Measurement Details.vi
f50ac80b6a22ed65faead88530834f934d777d6f	src/measurement_migration_tool/_Measurement Migrator/Measurement Plugin Generator/_Editor/Update String Constants.vi
682153c34b1160a6c5b12958f71d9581237c11b0	src/measurement_migration_tool/_Measurement Migrator/Measurement Plugin Generator/_Editor/Update UI Details.vi
4596135b41ae7424bb108c6e4921d59220438b15	src/measurement_migration_tool/_Measurement Migrator/Measurement Plugin Generator/_Editor/Valid Measurement Service Name.vi
cecf222a0280cb08a190200e14090453ce71797f	src/measurement_migration_tool/_Measurement Migrator/Migrator/Migration Logic/subVIs/Dependency Migration/CreateLibIfNotPresent.vi
c9b77385eb78150c2d67380c61358e0c8010bb49	src/measurement_migration_tool/_Measurement Migrator/Migrator/Migration Logic/subVIs/Dependency Migration/CreateVirtualFolder.vi
8fcb878e398c7178fbe79af6da0b2277a97a1c08	src/measurement_migration_tool/_Measurement Migrator/Migrator/Migration Logic/subVIs/Dependency Migration/Dependency Migration Main.vi
07587b9edf151a07a6b2d86dedd14755e47b6be7	src/measurement_migration_tool/_Measurement Migrator/Migrator/Migration Logic/subVIs/Dependency Migration/Filter Existing VIs.vi
c7b8b6069d616eafe5474e2c03ad0f213d9c7873	src/measurement_migration_tool/_Measurement Migrator/Migrator/Migration Logic/subVIs/Dependency Migration/GetContainedLibraries.vi
11b37201016bbc5457d03debf9632c600a3dffed	src/measurement_migration_tool/_Measurement Migrator/Migrator/Migration Logic/subVIs/Dependency Migration/GetInstrumentVIs.vi
7cedfa88649982f72b185b9a5c17591dc6080bd3	src/measurement_migration_tool/_Measurement Migrator/Migrator/Migration Logic/subVIs/Dependency Migration/GetMissingDependencies.vi
89b5017b188877b1ec034d66841f24a5bcebead6	src/measurement_migration_tool/_Measurement Migrator/Migrator/Migration Logic/subVIs/Dependency Migration/GetRecursiveDependencyList.vi
508c24bb90306b8e87e49831a01ad04df474d9a6	src/measurement_migration_tool/_Measurement Migrator/Migrator/Migration Logic/subVIs/Dependency Migration/GetSubVI Paths.vi
56c28eb1b4d83c36bdb47ee05bce38077a5b0392	src/measurement_migration_tool/_Measurement Migrator/Migrator/Migration Logic/subVIs/Dependency Migration/MigrateLibraryAndOtherfiles.vi
9ee5539fdc195b49df8cd0e414201add53a2f5ac	src/measurement_migration_tool/_Measurement Migrator/Migrator/Migration Logic/subVIs/Dependency Migration/ReplaceOutsideItems.vi
f0c3e998002871b65baa5ebab05df752973e1f2e	src/measurement_migration_tool/_Measurement Migrator/Migrator/Migration Logic/subVIs/Dependency Migration/ReplaceOutsideTypedefConst.vi
c92fbf6d4c0d6cc45bf415f0a4a9ef7b7edafef3	src/measurement_migration_tool/_Measurement Migrator/Migrator/Migration Logic/subVIs/Dependency Migration/ReplaceOutsideTypedefCtrl.vi
5db7e6608cdc1f0dc90cf913a7d3e0a39474313a	src/measurement_migration_tool/_Measurement Migrator/Migrator/Migration Logic/subVIs/Dependency Migration/ReplaceOutsideVIs.vi
5efa2f7f98ccaf2687b89d1dfa1b5e8e71a808b9	src/measurement_migration_tool/_Measurement Migrator/Migrator/Migration Logic/subVIs/Multiple Migration/Check Parent Folder Selection.vi
4dd76ec0f577b046456633450e3f6bd1adab6fd2	src/measurement_migration_tool/_Measurement Migrator/Migrator/Migration Logic/subVIs/Multiple Migration/Check Tree Item Icon.vi
f2746282cbcb6e1c02a524f8e9cfa55db3cb1ce0	src/measurement_migration_tool/_Measurement Migrator/Migrator/Migration Logic/subVIs/Multiple Migration/Check VI Version.vi
2aa27762646a4aa4d1552fba97cbd7cfee57c0ff	src/measurement_migration_tool/_Measurement Migrator/Migrator/Migration Logic/subVIs/Multiple Migration/Check if Plug-in Name in Library.vi
88a6801c27cd2aacf612b60a45724dca26e97688	src/measurement_migration_tool/_Measurement Migrator/Migrator/Migration Logic/subVIs/Multiple Migration/Edit Warning.vi
196f81085595b51e2b9d0df9c62aa726325a7bfa	src/measurement_migration_tool/_Measurement Migrator/Migrator/Migration Logic/subVIs/Multiple Migration/Get Folder Tag.vi
3f307201730c1cd951f41871d126990526036f0a	src/measurement_migration_tool/_Measurement Migrator/Migrator/Migration Logic/subVIs/Multiple Migration/Get Libraries in Project.vi
89f8f528ad6b7b610f2a6f076f95048efdd58475	src/measurement_migration_tool/_Measurement Migrator/Migrator/Migration Logic/subVIs/Multiple Migration/Get Measurements.vi
c3a56978b717aae4d445b5d97e8713fe6f2459a5	src/measurement_migration_tool/_Measurement Migrator/Migrator/Migration Logic/subVIs/Multiple Migration/Get Selected Measurements.vi
f03b9b76d0df8defb84d85e72d18550913eb87de	src/measurement_migration_tool/_Measurement Migrator/Migrator/Migration Logic/subVIs/Multiple Migration/Get Warning Position.vi
89f8efe5213b1683a38a503ce69a1da215c97ec9	src/measurement_migration_tool/_Measurement Migrator/Migrator/Migration Logic/subVIs/Multiple Migration/Populate Tree.vi
ffb57ebf0d9c3d76dce0f0b11a7f3109536c2e73	src/measurement_migration_tool/_Measurement Migrator/Migrator/Migration Logic/subVIs/Multiple Migration/Remove Empty Folders.vi
8b77513f5b2765e90ebeeb40f27f460f80804893	src/measurement_migration_tool/_Measurement Migrator/Migrator/Migration Logic/subVIs/Multiple Migration/Set Cursor Icon.vi
a88be2bb417b63d9db927a13403d3049b1657168	src/measurement_migration_tool/_Measurement Migrator/Migrator/Migration Logic/subVIs/Multiple Migration/Set Plug-in Name Warning.vi
5ccf69ae0785a906fd767071fc335f9c3c55aa46	src/measurement_migration_tool/_Measurement Migrator/Migrator/Migration Logic/subVIs/Multiple Migration/Set Tree Item Icon.vi
c21f9b5d4871ca07c05d8027c558ec99c27c65b7	src/measurement_migration_tool/_Measurement Migrator/Migrator/Migration Logic/subVIs/Multiple Migration/Tree Icons.vi
bd9daca6dd9f2a1c3036bfc135daeb90fcb962fa	src/measurement_migration_tool/_Measurement Migrator/Migrator/Migration Logic/subVIs/Multiple Migration/Update File Icon.vi
a01c2f90d2e1f277d5a8edb783931c35aa11bad9	src/measurement_migration_tool/_Measurement Migrator/Migrator/Migration Logic/subVIs/Multiple Migration/Update Folder Icon.vi
2e160c9eba725e02981f0d2c500097899cdbdb69	src/measurement_migration_tool/_Measurement Migrator/Migrator/Migration Logic/subVIs/Multiple Migration/Update Tree Item Icon.vi
43be329ea9b33b6315df0fd480ca8443d4c47da4	src/measurement_migration_tool/_Measurement Migrator/Migrator/Migration Logic/subVIs/Multiple Migration/Update Tree Item Selection.vi
456052e6b6b0c899bb179db6b1253c7c88596c02	src/measurement_migration_tool/_Measurement Migrator/Migrator/Migration Logic/subVIs/Multiple Migration/Validate File.vi
536c9c881ac6683aed7100b2132152abcf1e2f5f	src/measurement_migration_tool/_Measurement Migrator/Migrator/Migration Logic/subVIs/Multiple Migration/Validate Measurement Path.vi
5d1aa4a9b7437beaba370e8dc40ac49a10b6894d	src/measurement_migration_tool/_Measurement Migrator/Migrator/Migration Logic/subVIs/Multiple Migration/Validate Path.vi
911f63fc77d7b49dffeb3f064ffd12ec847aa5d9	src/measurement_migration_tool/_Measurement Migrator/Migrator/Migration Logic/subVIs/Multiple Migration/Validate Plugin Name.vi
1e74f4eae3e69d769eccead8dcf891f9a15ee43c	src/measurement_migration_tool/_Measurement Migrator/Migrator/Migration Logic/subVIs/Multiple Migration/Validate Project Path.vi
fd53620b888e0a5abe18465ce577764fd68a5b75	src/measurement_migration_tool/_Measurement Migrator/Migrator/Migration Logic/subVIs/Multiple Migration/Verify Select All.vi
763b3ef07940b8b9e60bcab0e27b628737822d25	src/measurement_migration_tool/_Measurement Migrator/Migrator/Migration Logic/subVIs/Multiple Migration/Warnings.vi
5e5a07fa9d2865c9e27a13f4c54dcb1a79c31d31	src/measurement_migration_tool/_Measurement Migrator/Migrator/Migration Logic/subVIs/Scripting VIs/Add Controls for Default Value Update.vi
a3bab5312e825fc652a6ee78cd76ab95fe09f878	src/measurement_migration_tool/_Measurement Migrator/Migrator/Migration Logic/subVIs/Scripting VIs/Add Controls in Configuration.vi
eb19cf8f7a532f18babfb26a72ee98ce1a37ba15	src/measurement_migration_tool/_Measurement Migrator/Migrator/Migration Logic/subVIs/Scripting VIs/Add Controls in Result.vi
78927fbd8f10fe6c19f9a778da7886bfe0dc3795	src/measurement_migration_tool/_Measurement Migrator/Migrator/Migration Logic/subVIs/Scripting VIs/Add Controls in Results.vi
35046945eef105dbdc7f92ef163d0e0757bb8f0a	src/measurement_migration_tool/_Measurement Migrator/Migrator/Migration Logic/subVIs/Scripting VIs/Add Diagram disable structure.vi
5008913c147dfbc33535938c6c54ff4b22c414e4	src/measurement_migration_tool/_Measurement Migrator/Migrator/Migration Logic/subVIs/Scripting VIs/Add Dropdown.vi
3fa396945b5f9e369151449db95ae974a6c71be0	src/measurement_migration_tool/_Measurement Migrator/Migrator/Migration Logic/subVIs/Scripting VIs/Add Elements to Meas Plugin UI.vi
7807955b26a99fc6b1004e0cc68f1502f25455e8	src/measurement_migration_tool/_Measurement Migrator/Migrator/Migration Logic/subVIs/Scripting VIs/Add Elements to MeasLink UI.vi
54d33ada7758caa43e24e2235e2c791c275268b0	src/measurement_migration_tool/_Measurement Migrator/Migrator/Migration Logic/subVIs/Scripting VIs/Add Malleable VI in Logic.vi
9380f3a720624788cdbaff998e5d16431d77ae0c	src/measurement_migration_tool/_Measurement Migrator/Migrator/Migration Logic/subVIs/Scripting VIs/Add Malleable VI in Meas Logic.vi
c2718f6443f4c58ad531625ac3594c61c9a5bb18	src/measurement_migration_tool/_Measurement Migrator/Migrator/Migration Logic/subVIs/Scripting VIs/Add Meas Plugin Indicators.vi
115d4625d7c1659e6079d4df0b82b0a498db50b4	src/measurement_migration_tool/_Measurement Migrator/Migrator/Migration Logic/subVIs/Scripting VIs/Add MeasLink Controls.vi
8ab51fe22ff4cb906960bfc39c3f3090fd2b837a	src/measurement_migration_tool/_Measurement Migrator/Migrator/Migration Logic/subVIs/Scripting VIs/Add MeasLink Indicators.vi
fa2d7747e240e22889ad276b02b7050bc594ea53	src/measurement_migration_tool/_Measurement Migrator/Migrator/Migration Logic/subVIs/Scripting VIs/Add Measurement Plugin Controls.vi
cee6550004aec6703f67f4d1746ad0bb710822ad	src/measurement_migration_tool/_Measurement Migrator/Migrator/Migration Logic/subVIs/Scripting VIs/Add String.vi
797a59396f8a26ea4649e86c68809c636f2446a4	src/measurement_migration_tool/_Measurement Migrator/Migrator/Migration Logic/subVIs/Scripting VIs/Add Wrapper to Library.vi
c986a0db200b40e12d32810f62ac9e8a150e4134	src/measurement_migration_tool/_Measurement Migrator/Migrator/Migration Logic/subVIs/Scripting VIs/Add Wrapper.vi
524b62ea0e9a7a69a57cfc1e7772cd504eb0d9f6	src/measurement_migration_tool/_Measurement Migrator/Migrator/Migration Logic/subVIs/Scripting VIs/Adding the default value setter Multiple.vi
7ee74b6675d73d45b233a71bc199b16cef7c341b	src/measurement_migration_tool/_Measurement Migrator/Migrator/Migration Logic/subVIs/Scripting VIs/Adding the default value setter subVI.vi
77f5e55af6615b637a783898b567c2e14ddc0267	src/measurement_migration_tool/_Measurement Migrator/Migrator/Migration Logic/subVIs/Scripting VIs/Adding the saved value setter subVI.vi
0aa9ad92d44a2bb771ebb316a70db18f3933c277	src/measurement_migration_tool/_Measurement Migrator/Migrator/Migration Logic/subVIs/Scripting VIs/Check if Cluster Control.vi
dc8153aa0a6e4157656a3417a1a644cb8647e3fa	src/measurement_migration_tool/_Measurement Migrator/Migrator/Migration Logic/subVIs/Scripting VIs/Check if Tab is Present.vi
32980f4a09e4b500ad4ce5c309877167b81d16c4	src/measurement_migration_tool/_Measurement Migrator/Migrator/Migration Logic/subVIs/Scripting VIs/Collect IO Control Names.vi
74fbbab80b107bfff5a3fcfb42b0d5de7b88ce91	src/measurement_migration_tool/_Measurement Migrator/Migrator/Migration Logic/subVIs/Scripting VIs/Connect Empty String Term.vi
48850fff8912ccfb4bd90c0d5c0c8363678d04bb	src/measurement_migration_tool/_Measurement Migrator/Migrator/Migration Logic/subVIs/Scripting VIs/Connect Error Wires.vi
463d6d6cb96e3c682f8b7cc6369df4c3706f795a	src/measurement_migration_tool/_Measurement Migrator/Migrator/Migration Logic/subVIs/Scripting VIs/Connect Error wires in Reset Case.vi
b50fe5de2a5b435f7ee5b1ac06aa0021c5a0b9aa	src/measurement_migration_tool/_Measurement Migrator/Migrator/Migration Logic/subVIs/Scripting VIs/Connect Initialize APIs.vi
522f9339714ee35a8d60b7430d3abe348ca90e91	src/measurement_migration_tool/_Measurement Migrator/Migrator/Migration Logic/subVIs/Scripting VIs/Connect Meas Plugin APIs.vi
4dfaf3d9970c70b4e653e9b99d1f8c7d539cc0d5	src/measurement_migration_tool/_Measurement Migrator/Migrator/Migration Logic/subVIs/Scripting VIs/Connect MeasLink APIs.vi
2111fd503e330762f9544ef00ca61e32d7a04343	src/measurement_migration_tool/_Measurement Migrator/Migrator/Migration Logic/subVIs/Scripting VIs/Copy Set Default Value Multiple.vi
80d6af676ca5a232505c36c38f371e3ab6b1b42a	src/measurement_migration_tool/_Measurement Migrator/Migrator/Migration Logic/subVIs/Scripting VIs/Copy Set Default Value VI.vi
a4c8663718bc4cb017d267e76d9f0d624ee8aa9a	src/measurement_migration_tool/_Measurement Migrator/Migrator/Migration Logic/subVIs/Scripting VIs/Create Build Array.vi
4d81eadc4adf2b81e52b0d31f56a5304a6bd2dfa	src/measurement_migration_tool/_Measurement Migrator/Migrator/Migration Logic/subVIs/Scripting VIs/Create Bundler and Wire.vi
b9cb0c15caff36511870591b86520fcfac832d48	src/measurement_migration_tool/_Measurement Migrator/Migrator/Migration Logic/subVIs/Scripting VIs/Create Constant.vi
1d58d0cd116359e9e3b455f5fe102ab71eda65f7	src/measurement_migration_tool/_Measurement Migrator/Migrator/Migration Logic/subVIs/Scripting VIs/Create Controls in Configuration.vi
cd8ec2bf3a2e23fc4a7d009c526b60250cc2c7fb	src/measurement_migration_tool/_Measurement Migrator/Migrator/Migration Logic/subVIs/Scripting VIs/Create Controls.vi
af0ead4f860a9fa785bc1993fc9c40ea1d8cff2c	src/measurement_migration_tool/_Measurement Migrator/Migrator/Migration Logic/subVIs/Scripting VIs/Create Deserializer VI in Logic.vi
b2270571febe6cceaa26cccbc6811f6286adc3b3	src/measurement_migration_tool/_Measurement Migrator/Migrator/Migration Logic/subVIs/Scripting VIs/Create Deserializer VI.vi
e91dfa73d682861a4763be8b213bbe7a3f7ef325	src/measurement_migration_tool/_Measurement Migrator/Migrator/Migration Logic/subVIs/Scripting VIs/Create Duplicate String Indicators for Clusters.vi
33091be0a8aec96f203719b7eeb9966dcd630d85	src/measurement_migration_tool/_Measurement Migrator/Migrator/Migration Logic/subVIs/Scripting VIs/Create Indicator.vi
84f867e822a01f77dfd280635990a32498a6bbf4	src/measurement_migration_tool/_Measurement Migrator/Migrator/Migration Logic/subVIs/Scripting VIs/Create ML subVIs.vi
00fd4a6618a1d78966e0243335144591244ff7bb	src/measurement_migration_tool/_Measurement Migrator/Migrator/Migration Logic/subVIs/Scripting VIs/Create Meas Plugin APIs.vi
67a06415829838d5ed762b84ed6be0905d162575	src/measurement_migration_tool/_Measurement Migrator/Migrator/Migration Logic/subVIs/Scripting VIs/Create MeasLink APIs.vi
3a9cf81e5a31fa872e76398e9fd560121d6d486f	src/measurement_migration_tool/_Measurement Migrator/Migrator/Migration Logic/subVIs/Scripting VIs/Create Measurement Plugin subVIs.vi
3502662c2c6860cb7a6d139d36d38e29be429fa1	src/measurement_migration_tool/_Measurement Migrator/Migrator/Migration Logic/subVIs/Scripting VIs/Create Plugin Template.vi
dd54b9c24139dbf0def7ed744b382acf6cafad3e	src/measurement_migration_tool/_Measurement Migrator/Migrator/Migration Logic/subVIs/Scripting VIs/Create Resource in Controls and Wire Unbundler.vi
7b663ecbb71807b784d44dd1ddfba130d8850c6d	src/measurement_migration_tool/_Measurement Migrator/Migrator/Migration Logic/subVIs/Scripting VIs/Create ResourceIn Controls and Wire Unbundler.vi
28c3f0722e7899a5eb8feb6c0c722d2fd36a16b0	src/measurement_migration_tool/_Measurement Migrator/Migrator/Migration Logic/subVIs/Scripting VIs/Create Serializer VI.vi
6ebe0dacb0508ffc5f4434ef1ab9882914c5dd37	src/measurement_migration_tool/_Measurement Migrator/Migrator/Migration Logic/subVIs/Scripting VIs/Create String Control.vi
5427fa986cb6b554dca45fa2c814b3b262122724	src/measurement_migration_tool/_Measurement Migrator/Migrator/Migration Logic/subVIs/Scripting VIs/Create String and Serialize Cluster Data in UI.vi
f15cda6d3016ef7ddd046c5f2210bbe091eec2f6	src/measurement_migration_tool/_Measurement Migrator/Migrator/Migration Logic/subVIs/Scripting VIs/Create String and Serialize Cluster Data.vi
d5bfa84f059b27c315812f843647e5cc2ded39c8	src/measurement_migration_tool/_Measurement Migrator/Migrator/Migration Logic/subVIs/Scripting VIs/Create Timeout Constants.vi
a523e92ffe6304ee591dcb59e2df8a6e988651ff	src/measurement_migration_tool/_Measurement Migrator/Migrator/Migration Logic/subVIs/Scripting VIs/Create Unbundler and Wire Multiple.vi
3803138036ee912fe03410cc89fde2809e3bd9ba	src/measurement_migration_tool/_Measurement Migrator/Migrator/Migration Logic/subVIs/Scripting VIs/Create Unbundler and Wire.vi
94333e7aa7abc94e11ee7eaf5677797524211786	src/measurement_migration_tool/_Measurement Migrator/Migrator/Migration Logic/subVIs/Scripting VIs/Create Unbundler in Logic.vi
c80587bf82164188662be1ee06728414333dbc7b	src/measurement_migration_tool/_Measurement Migrator/Migrator/Migration Logic/subVIs/Scripting VIs/Create Wrapper for Code Module.vi
9dab66569954ecd8324e6ab9c6516ea9706339cb	src/measurement_migration_tool/_Measurement Migrator/Migrator/Migration Logic/subVIs/Scripting VIs/Create Wrapper for Measurement Plugin.vi
00824f44160e2a79d302f50252854ecf66c09c4a	src/measurement_migration_tool/_Measurement Migrator/Migrator/Migration Logic/subVIs/Scripting VIs/Delete Channel Name and Error Controls.vi
cdce7b2a03ee39b8872579afec81e4c85bd43229	src/measurement_migration_tool/_Measurement Migrator/Migrator/Migration Logic/subVIs/Scripting VIs/Delete Controls.vi
58f2f7c71ca42d3b84e509b4bb7a2fbcf098f9b2	src/measurement_migration_tool/_Measurement Migrator/Migrator/Migration Logic/subVIs/Scripting VIs/Delete Reference.vi
725173cae98ff330c28d41ef58289b942239d3f8	src/measurement_migration_tool/_Measurement Migrator/Migrator/Migration Logic/subVIs/Scripting VIs/Delete Wire.vi
8212de98d32d167790aa5edc2018c7c6843d22b0	src/measurement_migration_tool/_Measurement Migrator/Migrator/Migration Logic/subVIs/Scripting VIs/Deserialize Connections in Wrapper Plugin.vi
4b5daff65caa2c3fd407066fb063086fa6719f39	src/measurement_migration_tool/_Measurement Migrator/Migrator/Migration Logic/subVIs/Scripting VIs/Deserialize Connections in Wrapper.vi
c88aea0a68736d6ad141242308ee8d70cc4d2938	src/measurement_migration_tool/_Measurement Migrator/Migrator/Migration Logic/subVIs/Scripting VIs/Deserialize Data in Meas UI.vi
d7dc8dfc1b5a21ffd325e8f0e06e3fcdc150c431	src/measurement_migration_tool/_Measurement Migrator/Migrator/Migration Logic/subVIs/Scripting VIs/Driver Lists.vi
43309f3148c23dd4e4f6a864c506327c2c0b6534	src/measurement_migration_tool/_Measurement Migrator/Migrator/Migration Logic/subVIs/Scripting VIs/Edit Connector Pane Multiple.vi
02b42655a8dbd7ca8dbdf374573423e426b0d838	src/measurement_migration_tool/_Measurement Migrator/Migrator/Migration Logic/subVIs/Scripting VIs/Edit Connector Pane for Wrapper IO Controls.vi
970a3362c540da3fdaa18acd07cc5652975fb892	src/measurement_migration_tool/_Measurement Migrator/Migrator/Migration Logic/subVIs/Scripting VIs/Edit Connector Pane for Wrapper Indicators.vi
bd3e81de27a02e861d96f25267ca11237c3ba3d4	src/measurement_migration_tool/_Measurement Migrator/Migrator/Migration Logic/subVIs/Scripting VIs/Edit Connector Pane for wrapper.vi
f9c4bee77e88641ce89acc7d5cc2b48b0a731832	src/measurement_migration_tool/_Measurement Migrator/Migrator/Migration Logic/subVIs/Scripting VIs/Edit Connector Pane.vi
9ce77d7a615f94b2808faaf606f747c49b04309f	src/measurement_migration_tool/_Measurement Migrator/Migrator/Migration Logic/subVIs/Scripting VIs/Edit Plugin Type Specialization.vi
c150a3e4bbf8c2770d8438ca406f85782745bf02	src/measurement_migration_tool/_Measurement Migrator/Migrator/Migration Logic/subVIs/Scripting VIs/Edit Type Specialization.vi
bf1ef3ec3beb4d6b44af7869c8a5291e67d3719c	src/measurement_migration_tool/_Measurement Migrator/Migrator/Migration Logic/subVIs/Scripting VIs/Fetch the IO Controls.vi
e401f593d1364a9bb4bf4e2481125f5b52987c4f	src/measurement_migration_tool/_Measurement Migrator/Migrator/Migration Logic/subVIs/Scripting VIs/Get Controls from Tab Recursively.vi
eb76679f542ca21ba477f8157f4fd2043494ca2f	src/measurement_migration_tool/_Measurement Migrator/Migrator/Migration Logic/subVIs/Scripting VIs/Get Descendant Libraries.vi
f1e3ea5ab0ef37c9058078047a8dd482e854b859	src/measurement_migration_tool/_Measurement Migrator/Migrator/Migration Logic/subVIs/Scripting VIs/Get Library Refnum.vi
99c31a45ca50f1bc47bd01745c09e92ba9f9a423	src/measurement_migration_tool/_Measurement Migrator/Migrator/Migration Logic/subVIs/Scripting VIs/Get String Contol Reference.vi
96b6163dfe310659ee7b446e49f10a45b6661ef2	src/measurement_migration_tool/_Measurement Migrator/Migrator/Migration Logic/subVIs/Scripting VIs/Get all the Controls and Indicators.vi
7e8edebd8f47de6fcf8575fc8cfc5fd622847869	src/measurement_migration_tool/_Measurement Migrator/Migrator/Migration Logic/subVIs/Scripting VIs/Insert Bundle by Name in Wrapper.vi
b85a99a07b9f8eda32a5de4ae2d56e680786af5a	src/measurement_migration_tool/_Measurement Migrator/Migrator/Migration Logic/subVIs/Scripting VIs/Insert Bundle by Name.vi
769c1de5fce46428ed7f6ae22dd51eb643b2605a	src/measurement_migration_tool/_Measurement Migrator/Migrator/Migration Logic/subVIs/Scripting VIs/List Drivers.vi
3fecb7ef6e8ca85725f093fad68013bb811b96dc	src/measurement_migration_tool/_Measurement Migrator/Migrator/Migration Logic/subVIs/Scripting VIs/Logic for Default Case Multiple.vi
9e0e8b70d2871573523f48f8c3633cfec1305518	src/measurement_migration_tool/_Measurement Migrator/Migrator/Migration Logic/subVIs/Scripting VIs/Logic for Default Case.vi
cd9cdb750b23afed9324522abdc8b908df22715f	src/measurement_migration_tool/_Measurement Migrator/Migrator/Migration Logic/subVIs/Scripting VIs/Path Type Specialization.vi
c4245a604bd78a4fce1c4fc02555a33533a84ba1	src/measurement_migration_tool/_Measurement Migrator/Migrator/Migration Logic/subVIs/Scripting VIs/Project_and_Mlink Template Creation.vi
6142021751f93fdcbda68c7f4e5a2b42e9b3dec6	src/measurement_migration_tool/_Measurement Migrator/Migrator/Migration Logic/subVIs/Scripting VIs/Project_and_Plugin Template Creation.vi
04180a841f23b81a69d65f138a730935cc574f7b	src/measurement_migration_tool/_Measurement Migrator/Migrator/Migration Logic/subVIs/Scripting VIs/Remove Default connection.vi
c43827bdd55a247252ecc81b29bf83eb4507cacf	src/measurement_migration_tool/_Measurement Migrator/Migrator/Migration Logic/subVIs/Scripting VIs/Replace DAQ Controls.vi
cc85fdca9e83b16525972befbe1ba530e3e7612f	src/measurement_migration_tool/_Measurement Migrator/Migrator/Migration Logic/subVIs/Scripting VIs/Replace IO Controls.vi
2a85ba4281e3e0e97231c83683453dc33583ff32	src/measurement_migration_tool/_Measurement Migrator/Migrator/Migration Logic/subVIs/Scripting VIs/Type Specialization for Path.vi
c627430ba8890c7ba21d514e4f35d95598a538f4	src/measurement_migration_tool/_Measurement Migrator/Migrator/Migration Logic/subVIs/Scripting VIs/Wire Close sessions.vi
e9e54603498841bd9f5c23bd2eadccf3cb1fe63a	src/measurement_migration_tool/_Measurement Migrator/Migrator/Migration Logic/subVIs/Scripting VIs/Wire Measurement Wrapper Alone.vi
4ac5fd68d0863b0f2450897189c5db216ef6f3eb	src/measurement_migration_tool/_Measurement Migrator/Migrator/Migration Logic/subVIs/Scripting VIs/Wire Measurement Wrapper.vi
eba2d329250bb9ca22623db025395345bc037146	src/measurement_migration_tool/_Measurement Migrator/Migrator/Migration Logic/subVIs/Scripting VIs/Wire N Reserve Session Inputs.vi
2b242ff4a6f84f382d0f26205b1a22379188f321	src/measurement_migration_tool/_Measurement Migrator/Migrator/Migration Logic/subVIs/Scripting VIs/Wire Release sessions.vi
3130f81d4479c9e3cfb196e36bfafda6c7d47cd2	src/measurement_migration_tool/_Measurement Migrator/Migrator/Migration Logic/subVIs/Validators/Check if Init APIs.vi
22dc8561a44b796453f93a412d9ed05d5e1ed6c5	src/measurement_migration_tool/_Measurement Migrator/Migrator/Migration Logic/subVIs/Validators/Valiadate Plugin Name.vi
f3fffb74fe4690bba2a36b750ee63e6a04ec8883	src/measurement_migration_tool/_Measurement Migrator/Migrator/Migration Logic/subVIs/Validators/Valid Measurement Service Name.vi
3c84c06509fc37eef87ca411964b2a1351a11804	src/measurement_migration_tool/_Measurement Migrator/Migrator/Migration Logic/subVIs/Validators/Validate Meas Name in Library.vi
003dc8fa9645c990c116763bb43e451d90a466d6	src/measurement_migration_tool/_Measurement Migrator/Migrator/Migration Logic/subVIs/Validators/VerifyNonNI_Instruments.vi
493fd1bddf4e4d6b8d68cc02cbb1aecd54422d75	src/measurement_migration_tool/_Measurement Migrator/Migrator/Migration Logic/subVIs/common/Add VI to lib.vi
aa1a44be1c93506efe3b15299bf0eecd9a22f2e2	src/measurement_migration_tool/_Measurement Migrator/Migrator/Migration Logic/subVIs/common/Build Type Specialization Value.vi
374d3ea5c38b7a9aa7db7f224ba014b89cf86103	src/measurement_migration_tool/_Measurement Migrator/Migrator/Migration Logic/subVIs/common/Check if Error or Channel Controls.vi
95204cf4bb5de2129a3be9c1e16dfd2ffce08ef3	src/measurement_migration_tool/_Measurement Migrator/Migrator/Migration Logic/subVIs/common/Copy Instrumentstudio Template.vi
e2f11e87f26cd2bf4b4b8fd8c6ff3a72b527d3f0	src/measurement_migration_tool/_Measurement Migrator/Migrator/Migration Logic/subVIs/common/Create and Save Project.vi
50a94678f06ce746b7e65bea0500e35011a600d8	src/measurement_migration_tool/_Measurement Migrator/Migrator/Migration Logic/subVIs/common/Generate Error for Combo Box not found.vi
5ff5397b1a51e38b64ccdef700fc1595bff6ee44	src/measurement_migration_tool/_Measurement Migrator/Migrator/Migration Logic/subVIs/common/Launch Instrumentstudio.vi
622c6d65be46501f319f335fa1fd41ac89712678	src/measurement_migration_tool/_Measurement Migrator/Migrator/Migration Logic/subVIs/common/Open Logic VI.vi
46e523b481eeb449707f6f8299af1f64798b87d3	src/measurement_migration_tool/_Measurement Migrator/Migrator/Migration Logic/subVIs/common/Open VI.vi
f950ba43143861030ac598211d682d0c2a01a8ef	src/measurement_migration_tool/_Measurement Migrator/Migrator/Migration Logic/subVIs/common/Remove Empty Strings.vi
0db9e6c36c3af2ccafa23b9d21774e1eb50ccaac	src/measurement_migration_tool/_Measurement Migrator/Migrator/Migration Logic/subVIs/common/Save Libraries and Projects.vi
e0fccb8f520b981e16e49aa11b7ea85a57cc7cd0	src/measurement_migration_tool/_Measurement Migrator/Migrator/Migration Logic/subVIs/common/Save Projects and Libraries.vi
f55cf471dcfb9dd43103d30b3991b4079b581e22	src/measurement_migration_tool/_Measurement Migrator/Migrator/Migration Logic/subVIs/common/Start Service.vi
b8958587b3742722e24d4c4fca48205837b3cdac	src/measurement_migration_tool/_Measurement Migrator/Migrator/Migrator Reusables/subVIs/Autosize Cluster.vi
8b5db5dacee08393a7e2f156c8a765c060609710	src/measurement_migration_tool/_Measurement Migrator/Migrator/Migrator Reusables/subVIs/Cleanup VIs/Call BD Cleanup.vi
89b6f80e0c2312e32263ed0448e00939f0ff42ae	src/measurement_migration_tool/_Measurement Migrator/Migrator/Migrator Reusables/subVIs/Cleanup VIs/Call FP Cleanup.vi
c6d8ca693f4f3c0e5b11fd23ef538c4ac744b421	src/measurement_migration_tool/_Measurement Migrator/Migrator/Migrator Reusables/subVIs/Cleanup VIs/Dummy.vi
b344aacf086bfd49e6be858a9e87e2bfab7cf0c2	src/measurement_migration_tool/_Measurement Migrator/Migrator/Migrator Reusables/subVIs/Cleanup VIs/Insert Node.vi
1a9fafa02b8ce8c985db3d1730889cae17b5c2e5	src/measurement_migration_tool/_Measurement Migrator/Migrator/Migrator Reusables/subVIs/Create String for Cluster in Result.vi
dc85128453724515166294e99b882bcd584fbf96	src/measurement_migration_tool/_Measurement Migrator/Migrator/Migrator Reusables/subVIs/Dictionary.vi
cca5277cae586aaaaba42c71873417a28baccf9b	src/measurement_migration_tool/_Measurement Migrator/Migrator/Migrator Reusables/subVIs/Getter/Get Cluster Reference.vi
8725b2c18f901e73d6ee6683160504fe9e9b48b4	src/measurement_migration_tool/_Measurement Migrator/Migrator/Migrator Reusables/subVIs/Getter/Get Clusters String Name.vi
08fea580bc8d77d4a5e92f6e711c33cd8c117e93	src/measurement_migration_tool/_Measurement Migrator/Migrator/Migrator Reusables/subVIs/Getter/Get Code Module Path.vi
6508c5ea9cee92acddd2ce35148d2ef0f93644ea	src/measurement_migration_tool/_Measurement Migrator/Migrator/Migrator Reusables/subVIs/Getter/Get DAQ Control Name.vi
44e751533e6f7a5d08f6a391412c2175dcb39b32	src/measurement_migration_tool/_Measurement Migrator/Migrator/Migrator Reusables/subVIs/Getter/Get Drivers List.vi
6a47607d98bf90c156bbb5ae873fe9520c67ddf6	src/measurement_migration_tool/_Measurement Migrator/Migrator/Migrator Reusables/subVIs/Getter/Get IO Controls.vi
3429bfe7c64d2fd363cc427899daaa4e9a8f0d13	src/measurement_migration_tool/_Measurement Migrator/Migrator/Migrator Reusables/subVIs/Getter/Get IVIControls Name.vi
cb754384b2dd2131b118a64b3e1f69be22856762	src/measurement_migration_tool/_Measurement Migrator/Migrator/Migrator Reusables/subVIs/Getter/Get Instrument VI Paths.vi
c5ad6ec34041b67850ec05d639437dee7abb17b3	src/measurement_migration_tool/_Measurement Migrator/Migrator/Migrator Reusables/subVIs/Getter/Get LVClass Control Reference.vi
24b54667d21681f6b34f5e8138c92f0c154d7b88	src/measurement_migration_tool/_Measurement Migrator/Migrator/Migrator Reusables/subVIs/Getter/Get Measurement Name.vi
2a2210ae784e9280ea4e2f24ef3d258cf96c3f02	src/measurement_migration_tool/_Measurement Migrator/Migrator/Migrator Reusables/subVIs/Getter/Get PinNames List.vi
5d0f09879689a17c4807ff4933ab0a1affaae70b	src/measurement_migration_tool/_Measurement Migrator/Migrator/Migrator Reusables/subVIs/Getter/Get Project Path.vi
cdd0edb7a53bdd5d2a98f86f3da5396d364c3c6a	src/measurement_migration_tool/_Measurement Migrator/Migrator/Migrator Reusables/subVIs/Getter/Get Result Cluster Name.vi
58db2142acad40eda41d665a0e396f6f413723dc	src/measurement_migration_tool/_Measurement Migrator/Migrator/Migrator Reusables/subVIs/Getter/Get SubroutineInfo.vi
cc6e294d7cc96c8c84192b1694066668584ca76e	src/measurement_migration_tool/_Measurement Migrator/Migrator/Migrator Reusables/subVIs/Save VI and Close Refnum.vi
c338c8c40f72113227d6ab671941d7fde40a5a53	src/measurement_migration_tool/_Measurement Migrator/Migrator/Migrator Reusables/subVIs/Setter/Set Clusters String Name.vi
fc89e240c25fa3d721019121667ecfc5b694b00c	src/measurement_migration_tool/_Measurement Migrator/Migrator/Migrator Reusables/subVIs/Setter/Set Code Module Path.vi
1a76f7de5f6197ef4d5f477b9a116e31d7f0c761	src/measurement_migration_tool/_Measurement Migrator/Migrator/Migrator Reusables/subVIs/Setter/Set Cursor Icon.vi
b7024eb41af29e8992afcb1e35d308eff8f0c613	src/measurement_migration_tool/_Measurement Migrator/Migrator/Migrator Reusables/subVIs/Setter/Set DAQ Control Name.vi
971f0cac2e747bfcdef9646ec1e0c0f0792443e6	src/measurement_migration_tool/_Measurement Migrator/Migrator/Migrator Reusables/subVIs/Setter/Set Drivers List.vi
a339b4d7f19a07e2010d9502b5d796fefb532b14	src/measurement_migration_tool/_Measurement Migrator/Migrator/Migrator Reusables/subVIs/Setter/Set IO Controls.vi
5539d6ef4ddc8a33f3cf2565f1a2ed1fa33aee71	src/measurement_migration_tool/_Measurement Migrator/Migrator/Migrator Reusables/subVIs/Setter/Set IVIControls Name.vi
81131f3a64dd79e5986fe5e8ffccbb3ce4d70de4	src/measurement_migration_tool/_Measurement Migrator/Migrator/Migrator Reusables/subVIs/Setter/Set Instrument VI Paths.vi
cbfea5752ea04a6121ac873999256bfdde951a80	src/measurement_migration_tool/_Measurement Migrator/Migrator/Migrator Reusables/subVIs/Setter/Set LogStatus.vi
a4f092795e66e8812bed6bea625fb19dc04a7f2d	src/measurement_migration_tool/_Measurement Migrator/Migrator/Migrator Reusables/subVIs/Setter/Set Measurement Name.vi
eca181a1e64622598c74333329e2508b931dcdee	src/measurement_migration_tool/_Measurement Migrator/Migrator/Migrator Reusables/subVIs/Setter/Set PinNames Label.vi
6fe5406ff80ec1a2c8f7a3c63c5f22836d5333f7	src/measurement_migration_tool/_Measurement Migrator/Migrator/Migrator Reusables/subVIs/Setter/Set Project Path.vi
5ef18e57e52697008d9cdfb1289fbf193a034f27	src/measurement_migration_tool/_Measurement Migrator/Migrator/Migrator Reusables/subVIs/Setter/Set Result Cluster Name.vi
d0eee63531db25a8a925bcdf0e2d71f34512d610	src/measurement_migration_tool/_Measurement Migrator/Migrator/Migrator Reusables/subVIs/Setter/Set SubroutineInfo.vi
48664dbd5a38bfdbc1f82008ba090e3df4a1e5e2	src/measurement_migration_tool/_Measurement Migrator/Migrator/Migrator Reusables/subVIs/constants/Default Value State Name.vi
82a7022357a84db61a4d0e11f9748d6aceb00b33	src/measurement_migration_tool/_Measurement Migrator/Migrator/Migrator Reusables/subVIs/constants/DirectoriesToIgnore.vi
0627711b41d654d619bb3106b5c1d883b6cb6793	src/measurement_migration_tool/_Measurement Migrator/Migrator/Migrator Reusables/subVIs/constants/Loading option.vi
207a174a8005488b6869441a271f2a00a708b4fc	src/measurement_migration_tool/_Measurement Migrator/Migrator/Migrator Reusables/subVIs/constants/Pin Name.vi
f6a598bfc2b30f1b3b81b135a5a2d59434ff0bcc	src/measurement_migration_tool/_Measurement Migrator/Migrator/Migrator Reusables/subVIs/constants/String Name.vi
39e7c89f527503b1bdada7be2771a6cea6d00e64	src/measurement_migration_tool/_Measurement Migrator/Migrator/Multiple Migrator/Migrate Dependencies.vi
1145949c435688a4404b93e34a16ea2ae4da1065	src/measurement_migration_tool/_Measurement Migrator/Migrator/Multiple Migrator/subVIs/Check Main Measurement for Instrument Drivers.vi
76f43e91f55c6a9183efbbc8d8943900b7522054	src/measurement_migration_tool/_Measurement Migrator/Migrator/Multiple Migrator/subVIs/Classify Dependencies.vi
1d1cf17edaee449838131f448d29aa773a67b65f	src/measurement_migration_tool/_Measurement Migrator/Migrator/Multiple Migrator/subVIs/Classify Instrument VIs.vi
1734174e75de98bf58e17e5c7f1be123abb3849a	src/measurement_migration_tool/_Measurement Migrator/Migrator/Multiple Migrator/subVIs/Create Auto-Populating Folder.vi
a37b14116087a255177ec3f2c934202f2b9ca051	src/measurement_migration_tool/_Measurement Migrator/Migrator/Multiple Migrator/subVIs/Create Directory for Dependency.vi
aa2fb3bc7dc5d66a3d22ba72399c71cb08b09224	src/measurement_migration_tool/_Measurement Migrator/Migrator/Multiple Migrator/subVIs/Create Lib If Not Present.vi
98e66bc6a48cefc1442491f64edea868a5d2cb2a	src/measurement_migration_tool/_Measurement Migrator/Migrator/Multiple Migrator/subVIs/Create Relative Path for Dependency.vi
62c88fc59012b2861381f06147b8429f0c4edf98	src/measurement_migration_tool/_Measurement Migrator/Migrator/Multiple Migrator/subVIs/Get Common Dependencies.vi
50bbe969fa3b9c1490f5c388b2ac0896775041d3	src/measurement_migration_tool/_Measurement Migrator/Migrator/Multiple Migrator/subVIs/Get Dependencies.vi
8921f726df62f002a469fb36e0fa7c97c09f6947	src/measurement_migration_tool/_Measurement Migrator/Migrator/Multiple Migrator/subVIs/Get Missing Dependencies.vi
e9ad2f48412ebcc6555a623db64da03313cab076	src/measurement_migration_tool/_Measurement Migrator/Migrator/Multiple Migrator/subVIs/Get Relative Path for Dependency.vi
2d173cda2d1d46be1f44de956f7e5eeb187221d5	src/measurement_migration_tool/_Measurement Migrator/Migrator/Multiple Migrator/subVIs/Get SubVI Dependencies.vi
fe0133a67b2add10506496e75c5a5e36c8e049ac	src/measurement_migration_tool/_Measurement Migrator/Migrator/Multiple Migrator/subVIs/Get all Dependencies.vi
d8b2d5bd2b2006e04852213927ebc16d377e29b0	src/measurement_migration_tool/_Measurement Migrator/Migrator/Multiple Migrator/subVIs/Migrate Common Dependencies.vi
c6e5342fd8319cde43adcbe755450af4afada61f	src/measurement_migration_tool/_Measurement Migrator/Migrator/Multiple Migrator/subVIs/Migrate Measurement Dependencies.vi
1e4bde5d5cead6cc4a3f11ac8590ecf7e932fed0	src/measurement_migration_tool/_Measurement Migrator/Migrator/Multiple Migrator/subVIs/Migrate Shared Dependencies.vi
baf08032e24cc483febe825e59448c120d497976	src/measurement_migration_tool/_Measurement Migrator/Migrator/Multiple Migrator/subVIs/Migrate all Measurement Dependencies.vi
d85de2b117777d8a2e68595399bc5c8d8bf6b5cc	src/measurement_migration_tool/_Measurement Migrator/Migrator/Multiple Migrator/subVIs/Replace Outside Items.vi
3816fb8f7816370f3da1303ebe74de4e525a0c03	src/measurement_migration_tool/_Measurement Migrator/Migrator/Multiple Migrator/subVIs/Replace Outside Typedef Const.vi
ac08c4bf6b28e04cc216a0ed117aab5ab9615470	src/measurement_migration_tool/_Measurement Migrator/Migrator/Multiple Migrator/subVIs/Replace Outside Typedef Control.vi
728999fef09685aaeb38d9cbd8dd6d1c765e00cb	src/measurement_migration_tool/_Measurement Migrator/Migrator/Multiple Migrator/subVIs/Replace Outside VIs.vi
40fd90a331dbcc96f0772143f2aa0b917538b911	src/measurement_migration_tool/_Measurement Migrator/Migrator/Multiple Migrator/subVIs/Save Project.vi
27593285f44f8bf578cedf44f155874f43b64f9b	src/measurement_migration_tool/_Measurement Migrator/Migrator/Path Functions/subVIs/Code Migration Paths.vi
5e7c14c60b0d8e37c9047bf0342e3ac8ea140d2c	src/measurement_migration_tool/_Measurement Migrator/Migrator/Path Functions/subVIs/Create Directory for Dependent Items.vi
c3fb9bbb0e646e1b3087f4abc397f747863dec00	src/measurement_migration_tool/_Measurement Migrator/Migrator/Path Functions/subVIs/Create File if not present.vi
499d981904d6d1912d26963fe28d9048a3ff01bf	src/measurement_migration_tool/_Measurement Migrator/Migrator/Path Functions/subVIs/Error Logger Path.vi
44346043fe1b11acd706aff35f0ba81adf23e482	src/measurement_migration_tool/_Measurement Migrator/Migrator/Path Functions/subVIs/Get Default Project Path.vi
a91cbd8069e341f3202aed7982e4998be3036918	src/measurement_migration_tool/_Measurement Migrator/Migrator/Path Functions/subVIs/Get MeasLink API Path.vi
408ba1e8a855ae72bffac5ef0a05893e89dea62a	src/measurement_migration_tool/_Measurement Migrator/Migrator/Path Functions/subVIs/Get Measurement Paths.vi
f4db62eef766314aba017be39fec03323e8108af	src/measurement_migration_tool/_Measurement Migrator/Migrator/Path Functions/subVIs/Get Path List.vi
9908b3f9297166e6e36f088faa354d31cbd13394	src/measurement_migration_tool/_Measurement Migrator/Migrator/Path Functions/subVIs/LabVIEW Dependencies Path.vi
eea26d56ef6eacd9eb98958601cb23e6b84c7a3f	src/measurement_migration_tool/_Measurement Migrator/Migrator/Path Functions/subVIs/MeasLink Plugin Path.vi
b8ce1e447dc8992cdb7fbb82b586234d69c8e188	src/measurement_migration_tool/_Measurement Migrator/Migrator/Path Functions/subVIs/Measurement Plugin Path.vi
108e4b266942fd08064088301019afcfebc562d5	src/measurement_migration_tool/_Measurement Migrator/Migrator/Path Functions/subVIs/Remove Empty Path.vi
025fe1155bd44da7407675e64d37c81747740bad	src/measurement_migration_tool/_Measurement Migrator/Migrator/Path Functions/subVIs/Validate Dir and Create Dir.vi
ff085bad235e29fce805429cdf76d4baa8474df1	src/measurement_migration_tool/_Measurement Migrator/Migrator/Queue Driver/Queue Driver.vi
72cb781238394e7e898d5f3bb8a7baf6b733025f	src/measurement_migration_tool/_Measurement Migrator/Templates/Read Default Values/Read Default Values.vi
23be34766dad56748bdffd5362b1a5662c81581b	src/measurement_migration_tool/_Measurement Migrator/Utilities/Logger Utilities/Error Logger/Logger Main.vi
c4ef8b6107f71b915d6aa7d98e7ba4c68d4f6a85	src/measurement_migration_tool/_Measurement Migrator/Utilities/Logger Utilities/Error Logger/subVIs/Status of Migration.vi
49045de4f34db8e260360d310aa7fd033fd917b1	src/measurement_migration_tool/_Measurement Migrator/Utilities/Logger Utilities/Event Logger/SubVI/AddHeader.vi
2353df42a6d0536d7859223cf9dc4cee1a9d3511	src/measurement_migration_tool/_Measurement Migrator/Utilities/Logger Utilities/Event Logger/SubVI/CreateLogFile.vi
001a45c8cfaf6c5c4139e2c912251d591dc84241	src/measurement_migration_tool/_Measurement Migrator/Utilities/Logger Utilities/Event Logger/SubVI/CreateLogFilePath.vi
ef6e448313c80b4767c3f8250cbd130be6b249a8	src/measurement_migration_tool/_Measurement Migrator/Utilities/Logger Utilities/Event Logger/SubVI/CustomDebugData.vi
fb4237da4426c0f935e7cd014dcf22e578a6f88a	src/measurement_migration_tool/_Measurement Migrator/Utilities/Logger Utilities/Event Logger/SubVI/LogAndCreateNewIfRequired.vi
7e08542e46bdc4e0f63486f1192061065fbf8cb4	src/measurement_migration_tool/_Measurement Migrator/Utilities/Logger Utilities/Event Logger/SubVI/LogToFile.vi
b341afc98235ee7be5cdf390f6bfbcba7b002bb6	src/measurement_migration_tool/_Measurement Migrator/Utilities/Sequence Creation/CreateSequence_Main.vi
d7944bee62847bcfe841c370fe49531945e9e64e	src/measurement_migration_tool/_Measurement Migrator/Utilities/Sequence Creation/SubVI/AddLVActionStep.vi
5b0fc539bd3103cf88f809065aca5a1b1872a349	src/measurement_migration_tool/_Measurement Migrator/Utilities/Sequence Creation/SubVI/AddLabel.vi
dbde4a9fc3dce97ae6c042b02545886dabe11da1	src/measurement_migration_tool/_Measurement Migrator/Utilities/Sequence Creation/SubVI/AddLabelsInCleanupGroup.vi
f0ae9c37c826180df89897ad966dca21f96dfd7d	src/measurement_migration_tool/_Measurement Migrator/Utilities/Sequence Creation/SubVI/AddLabelsInMainGroup.vi
c9970358e0723f11b68b18cbddf57427705a104a	src/measurement_migration_tool/_Measurement Migrator/Utilities/Sequence Creation/SubVI/AddLabelsInSetupGroup.vi
8ba46aa143d9ecbd4cd6b1edba5505cf5f8fb155	src/measurement_migration_tool/_Measurement Migrator/Utilities/Sequence Creation/SubVI/AddParameters.vi
b1734ab0105038e2a39da1dcff1f346792e5b3fc	src/measurement_migration_tool/_Measurement Migrator/Utilities/Sequence Creation/SubVI/AddStatement.vi
9014285c3bfbcb1ce9b6c4c18aa4e9ed30dd9e0e	src/measurement_migration_tool/_Measurement Migrator/Utilities/Sequence Creation/SubVI/Create FileGlobal.vi
659c3d0c8e1f4b32633af24e90d72bfb2e19897a	src/measurement_migration_tool/_Measurement Migrator/Utilities/Sequence Creation/SubVI/CreatePostUUTSequence.vi
61b1a2bbaf0d879a31387828ab3a01f97da817a2	src/measurement_migration_tool/_Measurement Migrator/Utilities/Sequence Creation/SubVI/GetTestPartValue.vi
48ae0cab561a7435b691b140acc4a7975974a823	src/measurement_migration_tool/_Measurement Migrator/Utilities/Sequence Creation/SubVI/VerifyTestStandAvailability.vi
